키워드,광고그룹
CT도입자금,grp-a001-01-000000069479418
메디칼론중도상환수수료,grp-a001-01-000000069479418
신도시개원자금,grp-a001-01-000000069479418
시중은행닥터론,grp-a001-01-000000069479418
병원회생중자금,grp-a001-01-000000069479418
의사마이너스론,grp-a001-01-000000069479418
약국일반의약품자금,grp-a001-01-000000069479418
병원권리금자금,grp-a001-01-000000069479418
의료기관금리비교,grp-a001-01-000000069479418
의사신용등급,grp-a001-01-000000069479418
CT도입자금,grp-a001-01-000000069479419
메디칼론중도상환수수료,grp-a001-01-000000069479419
신도시개원자금,grp-a001-01-000000069479419
시중은행닥터론,grp-a001-01-000000069479419
병원회생중자금,grp-a001-01-000000069479419
의사마이너스론,grp-a001-01-000000069479419
약국일반의약품자금,grp-a001-01-000000069479419
병원권리금자금,grp-a001-01-000000069479419
의료기관금리비교,grp-a001-01-000000069479419
의사신용등급,grp-a001-01-000000069479419
한약약포지,grp-a001-01-000000069491949
요양원미술프로그램,grp-a001-01-000000069506864
요양원만들기,grp-a001-01-000000069506864
요양원만들기프로그램,grp-a001-01-000000069506864
저렴한동물병원,grp-a001-01-000000069526288
보약재료,grp-a001-01-000000069581297
요양원배식카,grp-a001-01-000000069625247
의료급여연장승인신청서,grp-a001-01-000000069661222
춘천요양원,grp-a001-01-000000069703285
강릉요양원,grp-a001-01-000000069703285
인공와우수술비용,grp-a001-01-000000069703716
부산의료기술직,grp-a001-01-000000069836407
의료기술직임상병리사,grp-a001-01-000000069836407
요양원억제대,grp-a001-01-000000069910936
밥이보약고양이,grp-a001-01-000000069992289
밥이보약강아지,grp-a001-01-000000069992289
하림밥이보약,grp-a001-01-000000069992289
하림밥이보약고양이,grp-a001-01-000000069992289
밥이보약고양이사료,grp-a001-01-000000069992289
밥이보약사료,grp-a001-01-000000069992289
밥이보약알맞은체중,grp-a001-01-000000069992289
밥이보약퍼피,grp-a001-01-000000069992289
고양이밥이보약,grp-a001-01-000000069992289
밥이보약샘플,grp-a001-01-000000069992289
밥이보약건강한장,grp-a001-01-000000069992289
밥이보약활기찬노후,grp-a001-01-000000069992289
밥이보약빛나는피모,grp-a001-01-000000069992289
밥이보약튼튼한관절,grp-a001-01-000000069992289
밥이보약탄탄한성장,grp-a001-01-000000069992289
밥이보약관절튼튼,grp-a001-01-000000069992289
밥이보약라지바이트,grp-a001-01-000000069992289
밥이보약대용량,grp-a001-01-000000069992289
밥이보약피모,grp-a001-01-000000069992289
밥이보약다이어트사료,grp-a001-01-000000069992289
밥이보약체중,grp-a001-01-000000069992289
밥이보약토탈웰빙,grp-a001-01-000000069992289
요양원상두대,grp-a001-01-000000070036735
영종도보톡스,grp-a001-01-000000070037115
영종도필러,grp-a001-01-000000070037115
현리동물병원,grp-a001-01-000000070041376
양평군동물병원,grp-a001-01-000000070041376
한약재분쇄기,grp-a001-01-000000070041969
한약분쇄기,grp-a001-01-000000070041969
애시도필러스,grp-a001-01-000000070169723
남양주임플란트,grp-a001-01-000000070188024
구리치아교정,grp-a001-01-000000070188024
남양주치아교정,grp-a001-01-000000070188024
고무필러,grp-a001-01-000000070268185
동탄호스피스,grp-a001-01-000000070302887
소상공인신청서쓰는법,grp-a001-01-000000070356922
원주재활요양병원,grp-a001-01-000000070363842
경산재활요양병원,grp-a001-01-000000070363842
동물병원할인카드,grp-a001-01-000000070408460
동물병원할인,grp-a001-01-000000070408460
동물병원체크카드,grp-a001-01-000000070408460
동물병원무이자,grp-a001-01-000000070408460
별내치아교정,grp-a001-01-000000070508623
고관절수술,grp-a001-01-000000070567747
인공고관절수술,grp-a001-01-000000070567747
퇴행성인공관절,grp-a001-01-000000070567747
대전교통사고입원,grp-a001-01-000000070567747
교통사고후유증치료,grp-a001-01-000000070567747
로봇인공관절,grp-a001-01-000000070567747
대전목디스크병원추천,grp-a001-01-000000070567747
발목관절수술,grp-a001-01-000000070567747
대전인공관절,grp-a001-01-000000070567747
인천인공관절,grp-a001-01-000000070567747
고관절수술잘하는곳,grp-a001-01-000000070567747
부산무릎관절수술,grp-a001-01-000000070567747
인천고관절수술,grp-a001-01-000000070567747
대전관절수술,grp-a001-01-000000070567747
교통사고12대중과실,grp-a001-01-000000070567784
의료기매장,grp-a001-01-000000070567784
디지털인쇄기중고,grp-a001-01-000000070567784
교통사고후유증,grp-a001-01-000000070567837
교통사고입원,grp-a001-01-000000070567837
양산교통사고,grp-a001-01-000000070567837
언어발달장애,grp-a001-01-000000070567837
교통사고통원치료,grp-a001-01-000000070567837
교통사고치료,grp-a001-01-000000070567837
부산교통사고입원,grp-a001-01-000000070567837
청라교통사고,grp-a001-01-000000070567837
인천교통사고입원,grp-a001-01-000000070567837
수원교통사고입원,grp-a001-01-000000070567837
안산교통사고입원,grp-a001-01-000000070567837
교통사고1인실,grp-a001-01-000000070567837
교통사고입원실,grp-a001-01-000000070567837
고주파온열암치료기,grp-a001-01-000000070567837
교통사고한방치료,grp-a001-01-000000070567837
청담동교통사고,grp-a001-01-000000070567837
교통사고재활,grp-a001-01-000000070567837
남포동교통사고,grp-a001-01-000000070567837
맞춤형인공관절,grp-a001-01-000000070569240
양재역교통사고,grp-a001-01-000000070569270
서울고관절수술,grp-a001-01-000000070569270
서울대입구산부인과,grp-a001-01-000000070569432
병원운영계획서,grp-a001-01-000000070569453
개인신용정보조회동의서,grp-a001-01-000000070569598
영업배상책임,grp-a001-01-000000070572651
인공지능검색기,grp-a001-01-000000070572886
셀트리온헬스케어주가,grp-a001-01-000000070573204
항암치료고통,grp-a001-01-000000070573377
항암치료방법,grp-a001-01-000000070573377
항암치료음식,grp-a001-01-000000070573377
항암치료에좋은음식,grp-a001-01-000000070573377
의정부교통사고입원,grp-a001-01-000000070573377
온열암치료기,grp-a001-01-000000070573377
마곡교통사고,grp-a001-01-000000070573469
운정교통사고,grp-a001-01-000000070573469
발달장애치료,grp-a001-01-000000070573469
발산역교통사고,grp-a001-01-000000070573469
일산교통사고입원,grp-a001-01-000000070573469
파주교통사고입원,grp-a001-01-000000070573469
암치료센터,grp-a001-01-000000070573469
서울빌라리모델링,grp-a001-01-000000070573564
정신요양시설,grp-a001-01-000000070573618
노인요양시설상지,grp-a001-01-000000070573618
상지요양원,grp-a001-01-000000070573618
대구교통사고입원,grp-a001-01-000000070573653
월성동교통사고병원,grp-a001-01-000000070573653
대전교통사고,grp-a001-01-000000070575064
부산인공관절,grp-a001-01-000000070575064
일직동건강검진,grp-a001-01-000000070575064
강동구종합건강검진,grp-a001-01-000000070575064
안산심리상담센터,grp-a001-01-000000070575256
심부전치료,grp-a001-01-000000070575256
안양심리상담센터,grp-a001-01-000000070575256
원주상담센터,grp-a001-01-000000070575256
구미청소년상담센터,grp-a001-01-000000070575256
홍대심리상담센터,grp-a001-01-000000070575256
분당상담센터,grp-a001-01-000000070575256
제주도심리상담센터,grp-a001-01-000000070575256
마포상담센터,grp-a001-01-000000070575256
신촌심리상담센터,grp-a001-01-000000070575256
예술심리치료사,grp-a001-01-000000070575256
M&A플랫폼,grp-a001-01-000000070576849
M&A전문가,grp-a001-01-000000070576891
건강관리협회대구,grp-a001-01-000000070576941
동탄교통사고,grp-a001-01-000000070576941
동탄치질수술,grp-a001-01-000000070576941
수원인공관절,grp-a001-01-000000070576941
수원고관절수술,grp-a001-01-000000070576941
수원치질수술잘하는곳,grp-a001-01-000000070576941
분당인공관절,grp-a001-01-000000070576941
의료기관금리비교광주,grp-a001-01-000000070576941
수원국민건강검진,grp-a001-01-000000070576941
일산교통사고,grp-a001-01-000000070576972
문정동교통사고,grp-a001-01-000000070576972
서울교통사고입원,grp-a001-01-000000070576972
동두천산부인과,grp-a001-01-000000070577119
양주옥정산부인과,grp-a001-01-000000070577119
용산역산부인과,grp-a001-01-000000070577119
성수동산부인과,grp-a001-01-000000070577119
신용산산부인과,grp-a001-01-000000070577119
동묘산부인과,grp-a001-01-000000070577119
신설동산부인과,grp-a001-01-000000070577119
왕십리역산부인과,grp-a001-01-000000070577119
용산구산부인과,grp-a001-01-000000070577119
동묘역산부인과,grp-a001-01-000000070577119
동묘앞산부인과,grp-a001-01-000000070577119
중랑구교통사고,grp-a001-01-000000070577119
노원여의사산부인과,grp-a001-01-000000070577119
이촌동산부인과,grp-a001-01-000000070577119
노원여성병원,grp-a001-01-000000070577119
창신동산부인과,grp-a001-01-000000070577119
양주시산부인과,grp-a001-01-000000070577119
수유교통사고,grp-a001-01-000000070577119
노원구여성병원,grp-a001-01-000000070577119
연천산부인과,grp-a001-01-000000070577119
수유역교통사고,grp-a001-01-000000070577119
전립선암치료,grp-a001-01-000000070577297
귀성형외과,grp-a001-01-000000070577297
이수열성형외과,grp-a001-01-000000070577297
가인성형외과,grp-a001-01-000000070577387
엘러간필러,grp-a001-01-000000070577387
고관절인공관절,grp-a001-01-000000070580162
부산자궁근종,grp-a001-01-000000070580162
서면교통사고,grp-a001-01-000000070580162
부산직장건강검진,grp-a001-01-000000070580162
부산로봇인공관절,grp-a001-01-000000070580162
의사신용등급잘하는곳,grp-a001-01-000000070585267
척추내시경신경감압술,grp-a001-01-000000070586605
경기광주MRI,grp-a001-01-000000070586605
노인고관절골절수술,grp-a001-01-000000070586605
재무상담사,grp-a001-01-000000070586670
신용정보수수료,grp-a001-01-000000070586670
개인신용조사,grp-a001-01-000000070586670
신용조사수수료,grp-a001-01-000000070586670
수원자궁근종,grp-a001-01-000000070586975
갑상선암수술잘하는곳,grp-a001-01-000000070586975
부산갑상선검사,grp-a001-01-000000070586975
동탄일반건강검진,grp-a001-01-000000070586975
논현역건강검진,grp-a001-01-000000070586975
도곡동건강검진,grp-a001-01-000000070586975
증권사이벤트,grp-a001-01-000000070587699
증권계좌개설이벤트,grp-a001-01-000000070587699
대신증권이벤트,grp-a001-01-000000070587699
증권이벤트,grp-a001-01-000000070587699
7월증권사이벤트,grp-a001-01-000000070587699
증권개설이벤트,grp-a001-01-000000070587699
증권사계좌개설이벤트,grp-a001-01-000000070587699
유안타증권수수료,grp-a001-01-000000070587699
증권계좌이벤트,grp-a001-01-000000070587699
증권사개설이벤트,grp-a001-01-000000070587699
비대면증권계좌개설,grp-a001-01-000000070587699
증권사가입이벤트,grp-a001-01-000000070587699
증권수수료저렴한곳,grp-a001-01-000000070587699
모바일증권,grp-a001-01-000000070587699
증권사비대면계좌개설,grp-a001-01-000000070587699
비대면증권계좌,grp-a001-01-000000070587699
증권비대면계좌,grp-a001-01-000000070587699
HTS수수료비교,grp-a001-01-000000070587699
증권계좌비대면개설,grp-a001-01-000000070587699
비대면증권,grp-a001-01-000000070587699
모바일증권계좌개설,grp-a001-01-000000070587699
온라인증권계좌개설,grp-a001-01-000000070587699
증권비대면계좌개설,grp-a001-01-000000070587699
10월증권사이벤트,grp-a001-01-000000070587699
12월증권사이벤트,grp-a001-01-000000070587699
온라인증권,grp-a001-01-000000070587699
온라인증권사,grp-a001-01-000000070587699
증권사무료수수료,grp-a001-01-000000070587699
의사마이너스론성남,grp-a001-01-000000070590213
허리디스크주사치료,grp-a001-01-000000070590488
목디스크치료법,grp-a001-01-000000070590488
척추내시경수술,grp-a001-01-000000070590488
가산디지털단지역신경과,grp-a001-01-000000070590488
철산산부인과,grp-a001-01-000000070590623
철산동산부인과,grp-a001-01-000000070590623
신도림여성병원,grp-a001-01-000000070590623
갑상선수치,grp-a001-01-000000070590745
갑상선암수술잘하는병원,grp-a001-01-000000070590745
갑상선내시경수술,grp-a001-01-000000070590745
갑상선암전문의,grp-a001-01-000000070590745
갑상선암내시경수술,grp-a001-01-000000070590745
대전정신의학과,grp-a001-01-000000070590880
인천갑상선검사,grp-a001-01-000000070590880
강남정신의학과,grp-a001-01-000000070590880
양재건강검진,grp-a001-01-000000070590880
강북구건강검진병원,grp-a001-01-000000070590880
대구건강검진잘하는곳,grp-a001-01-000000070590880
압구정건강검진,grp-a001-01-000000070590880
양재역건강검진,grp-a001-01-000000070590880
하남국가건강검진,grp-a001-01-000000070590880
강원도건강검진,grp-a001-01-000000070590880
강동역건강검진,grp-a001-01-000000070590880
하남종합건강검진,grp-a001-01-000000070590880
미사종합건강검진,grp-a001-01-000000070590880
부천건강검진예약,grp-a001-01-000000070590880
다산동건강검진병원,grp-a001-01-000000070590880
이태원건강검진,grp-a001-01-000000070590880
스마트상점기술보급사업,grp-a001-01-000000070591189
배치전건강검진,grp-a001-01-000000070591373
포항건강검진,grp-a001-01-000000070591373
대구건강검진협회,grp-a001-01-000000070591373
구미건강검진,grp-a001-01-000000070591373
대구북구건강검진,grp-a001-01-000000070591373
부산대장내시경잘하는곳,grp-a001-01-000000070591373
경주건강검진,grp-a001-01-000000070591373
하단건강검진,grp-a001-01-000000070591373
세종검진센터,grp-a001-01-000000070591373
경산건강검진,grp-a001-01-000000070591373
대구국가건강검진,grp-a001-01-000000070591373
부산국가건강검진,grp-a001-01-000000070591373
건강검진대구,grp-a001-01-000000070591373
사업정리컨설턴트,grp-a001-01-000000070591373
대구건강증진센터,grp-a001-01-000000070591373
부산특수건강검진병원,grp-a001-01-000000070591373
동래구건강검진,grp-a001-01-000000070591373
대구위내시경병원,grp-a001-01-000000070591373
부산채용건강검진,grp-a001-01-000000070591373
부산특수건강검진,grp-a001-01-000000070591373
달서구건강검진병원,grp-a001-01-000000070591373
부산북구건강검진,grp-a001-01-000000070591373
기업건강검진예약,grp-a001-01-000000070591373
대구건강검진예약,grp-a001-01-000000070591373
공단역건강검진,grp-a001-01-000000070591373
대구북구건강검진병원,grp-a001-01-000000070591373
덕천건강검진,grp-a001-01-000000070591373
대구일반건강검진,grp-a001-01-000000070591373
칠곡건강검진,grp-a001-01-000000070591373
부산부모님건강검진,grp-a001-01-000000070591373
부산일반건강검진,grp-a001-01-000000070591373
대구위내시경잘하는곳,grp-a001-01-000000070591373
성서건강검진,grp-a001-01-000000070591373
전주시건강검진,grp-a001-01-000000070591373
세종시특수건강검진,grp-a001-01-000000070591373
청주종합검진센터,grp-a001-01-000000070591373
세종시채용건강검진,grp-a001-01-000000070591373
세종특수건강검진,grp-a001-01-000000070591373
건강관리협회대구북부,grp-a001-01-000000070591373
경북건강검진,grp-a001-01-000000070591373
구미시건강검진,grp-a001-01-000000070591373
2025건강검진대상자,grp-a001-01-000000070591373
해외건강검진,grp-a001-01-000000070591373
단체건강검진,grp-a001-01-000000070591373
부산주말건강검진,grp-a001-01-000000070591373
서대문건강검진,grp-a001-01-000000070591373
아현동건강검진,grp-a001-01-000000070591373
진관동건강검진,grp-a001-01-000000070591373
김해시건강검진,grp-a001-01-000000070591373
송파구종합건강검진,grp-a001-01-000000070591373
장지동건강검진,grp-a001-01-000000070591373
제주병원권리금자금,grp-a001-01-000000070596091
정다운노인요양센터,grp-a001-01-000000070596209
가정전문간호사,grp-a001-01-000000070596238
노인장애등급신청,grp-a001-01-000000070596238
방문간호사신청,grp-a001-01-000000070596238
실버케어전문가,grp-a001-01-000000070596238
노인심리상담사기출문제,grp-a001-01-000000070596238
성남병원권리금자금,grp-a001-01-000000070597057
인사정보시스템,grp-a001-01-000000070597413
문의약국일반의약품자금,grp-a001-01-000000070597413
인사업무시스템,grp-a001-01-000000070597413
동물방사선치료,grp-a001-01-000000070597447
펫건강검진,grp-a001-01-000000070597447
검단신도시상가코벤트워크검단2차,grp-a001-01-000000070597447
지루성피부염한의원추천,grp-a001-01-000000070597496
신규카드이벤트,grp-a001-01-000000070597541
카드신규발급이벤트,grp-a001-01-000000070597541
온라인카드신청,grp-a001-01-000000070597541
적립형신용카드추천,grp-a001-01-000000070597541
신용카드지원,grp-a001-01-000000070597541
신용카드포인트적립추천,grp-a001-01-000000070597541
신용카드인터넷신청,grp-a001-01-000000070597541
신용카드발급상담,grp-a001-01-000000070597541
신용카드보유조회,grp-a001-01-000000070597575
개인신용정보확인,grp-a001-01-000000070597575
공동구매플랫폼,grp-a001-01-000000070597596
온라인판매플랫폼,grp-a001-01-000000070597596
모바일앱개발비용,grp-a001-01-000000070597596
LMS학습관리시스템,grp-a001-01-000000070597596
온라인사주,grp-a001-01-000000070597611
온라인사주추천,grp-a001-01-000000070597611
온라인사주풀이,grp-a001-01-000000070597611
온라인사주팔자,grp-a001-01-000000070597611
빌딩건설비용,grp-a001-01-000000070597673
교통사고네트워크,grp-a001-01-000000070598027
증권수수료비교,grp-a001-01-000000070599509
증권계좌수수료비교,grp-a001-01-000000070599509
국내증권사수수료비교,grp-a001-01-000000070599509
천안교통사고입원,grp-a001-01-000000070599767
전립선MRI,grp-a001-01-000000070599767
자궁근종용해술,grp-a001-01-000000070599767
청주교통사고입원,grp-a001-01-000000070599767
성신여대교통사고,grp-a001-01-000000070599767
천안교통사고입원병원,grp-a001-01-000000070599767
청주교통사고치료,grp-a001-01-000000070599767
강남자궁근종,grp-a001-01-000000070599767
약국일반의약품자금수원,grp-a001-01-000000070599767
의료기관금리비교무료,grp-a001-01-000000070599879
능곡동건강검진,grp-a001-01-000000070600175
시흥능곡역건강검진,grp-a001-01-000000070600175
인천무릎관절수술,grp-a001-01-000000070600175
울산의료기상사,grp-a001-01-000000070600232
울산의료기,grp-a001-01-000000070600232
발기부전주사약,grp-a001-01-000000070600885
해외선물수수료비교,grp-a001-01-000000070600957
전립선비대증수술방법,grp-a001-01-000000070600963
50대발기부전,grp-a001-01-000000070600963
전립선온열치료기,grp-a001-01-000000070600963
전립선비대증한방치료,grp-a001-01-000000070600963
전립선비대증수술잘하는곳,grp-a001-01-000000070600963
대구전립선비대증수술,grp-a001-01-000000070600963
보건행정학과전문대,grp-a001-01-000000070600972
입원전담전문의,grp-a001-01-000000070600983
전문대방사선과,grp-a001-01-000000070600983
약국일반의약품자금무료,grp-a001-01-000000070600987
개인신용정보조회,grp-a001-01-000000070600994
개인신용정보조회서발급,grp-a001-01-000000070600994
개인신용정보보호,grp-a001-01-000000070600994
고관절수술후재활,grp-a001-01-000000070600995
운정교통사고입원,grp-a001-01-000000070600995
안산인공관절,grp-a001-01-000000070600999
헤라성형외과,grp-a001-01-000000070601010
수내역성형외과,grp-a001-01-000000070601010
인천발기부전,grp-a001-01-000000070601042
설비보전관리시스템,grp-a001-01-000000070601290
M&A세미나,grp-a001-01-000000070601293
부산서부건강검진,grp-a001-01-000000070601294
광산구건강검진,grp-a001-01-000000070601294
중랑구교통사고입원,grp-a001-01-000000070601317
노원교통사고입원,grp-a001-01-000000070601317
과제관리시스템,grp-a001-01-000000070601341
업소용주방기기중고,grp-a001-01-000000070601341
자동배차시스템,grp-a001-01-000000070601341
증권사수수료무료,grp-a001-01-000000070601343
소방학과대학,grp-a001-01-000000070601344
부동산매매대행,grp-a001-01-000000070601344
목디스크원인,grp-a001-01-000000070601353
대상포진치료기간,grp-a001-01-000000070601353
갑상선기능검사,grp-a001-01-000000070601353
건강증진센터,grp-a001-01-000000070601353
노인성질환,grp-a001-01-000000070601353
위내시경검사,grp-a001-01-000000070601353
무설정하우스론,grp-a001-01-000000070601353
부산갑상선명의,grp-a001-01-000000070601353
척추디스크,grp-a001-01-000000070601353
부산갑상선,grp-a001-01-000000070601353
수원대장내시경,grp-a001-01-000000070601353
무릎관절내시경,grp-a001-01-000000070601353
내시경검사,grp-a001-01-000000070601353
부산허리디스크,grp-a001-01-000000070601353
허리디스크재활,grp-a001-01-000000070601353
인천허리디스크,grp-a001-01-000000070601353
강남대장내시경,grp-a001-01-000000070601353
부산갑상선암,grp-a001-01-000000070601353
부산여드름흉터피부과,grp-a001-01-000000070601353
부산갑상선초음파,grp-a001-01-000000070601353
용인대장내시경,grp-a001-01-000000070601353
부산피부과여드름,grp-a001-01-000000070601353
갑상선센터,grp-a001-01-000000070601353
서울위내시경,grp-a001-01-000000070601353
갑상선암센터,grp-a001-01-000000070601353
서울대장내시경,grp-a001-01-000000070601353
부산내시경이마거상,grp-a001-01-000000070601353
부평갑상선검사,grp-a001-01-000000070601353
강남내시경,grp-a001-01-000000070601353
축농증내시경수술,grp-a001-01-000000070601353
구리대장내시경,grp-a001-01-000000070601353
내시경센터,grp-a001-01-000000070601353
대전지방종수술,grp-a001-01-000000070601353
서울목디스크,grp-a001-01-000000070601353
부인과성형,grp-a001-01-000000070601353
수원갑상선조직검사,grp-a001-01-000000070601353
강남역위내시경,grp-a001-01-000000070601353
약국일반의약품자금서울,grp-a001-01-000000070601353
부산피부과점,grp-a001-01-000000070601353
강남구대장내시경,grp-a001-01-000000070601353
서울대입구대장내시경,grp-a001-01-000000070601353
입술비대칭,grp-a001-01-000000070601360
카드대금,grp-a001-01-000000070601360
거미스마일수술,grp-a001-01-000000070601360
사무실플랜테리어,grp-a001-01-000000070601360
온라인그림구매,grp-a001-01-000000070601360
전문대간호학과,grp-a001-01-000000070601378
데이터사이언스학과,grp-a001-01-000000070601378
간호학과전문대,grp-a001-01-000000070601378
의대생기부,grp-a001-01-000000070601378
수의대생기부,grp-a001-01-000000070601378
전문대기계공학과,grp-a001-01-000000070601378
전문대수시지원,grp-a001-01-000000070601378
한의대면접,grp-a001-01-000000070601378
부산의대면접,grp-a001-01-000000070601378
간호사면접예상질문,grp-a001-01-000000070601378
울산지방종수술,grp-a001-01-000000070601383
전주지방종수술,grp-a001-01-000000070601383
동물MRI,grp-a001-01-000000070601383
대구피부과여드름흉터,grp-a001-01-000000070601383
쌍수병원추천,grp-a001-01-000000070601386
안검하수병원추천,grp-a001-01-000000070601386
안성형전문의,grp-a001-01-000000070601386
눈재수술병원추천,grp-a001-01-000000070601386
전립선비대증증상,grp-a001-01-000000070601393
전립선비대증에좋은음식,grp-a001-01-000000070601393
전립선통증,grp-a001-01-000000070601393
전립선조직검사,grp-a001-01-000000070601393
전립선비대,grp-a001-01-000000070601393
전립선홀렙수술,grp-a001-01-000000070601393
전립선시술,grp-a001-01-000000070601393
비뇨기관,grp-a001-01-000000070601393
고혈압발기부전,grp-a001-01-000000070601393
교통사고채무부존재소송,grp-a001-01-000000070601393
대구전립선비대증,grp-a001-01-000000070601393
전립선비대수술,grp-a001-01-000000070601393
전립선비대증홀렙수술,grp-a001-01-000000070601393
발기부전주사요법,grp-a001-01-000000070601393
가상자산사업자신고,grp-a001-01-000000070601393
전립선치료약,grp-a001-01-000000070601393
대구전립선,grp-a001-01-000000070601393
전립선비대치료,grp-a001-01-000000070601393
전립선레이저수술,grp-a001-01-000000070601393
전립선비대증수술시간,grp-a001-01-000000070601393
전립선비대증결찰술,grp-a001-01-000000070601393
수원전립선,grp-a001-01-000000070601393
대구전립선염,grp-a001-01-000000070601393
대포통장주배상책임,grp-a001-01-000000070601393
전립선유로리프트,grp-a001-01-000000070601393
유로리프트수술,grp-a001-01-000000070601393
마곡비뇨의학과,grp-a001-01-000000070601393
강서구비뇨의학과,grp-a001-01-000000070601393
유방암방사선치료,grp-a001-01-000000070601397
대구허리디스크,grp-a001-01-000000070601397
척추내시경,grp-a001-01-000000070601397
인천MRI,grp-a001-01-000000070601397
의정부목디스크,grp-a001-01-000000070601397
강남MRI,grp-a001-01-000000070601397
허리디스크비수술,grp-a001-01-000000070601397
서울MRI,grp-a001-01-000000070601397
경추내시경수술,grp-a001-01-000000070601397
목디스크비수술,grp-a001-01-000000070601397
노원구MRI,grp-a001-01-000000070601397
통합암치료,grp-a001-01-000000070601397
한방암치료,grp-a001-01-000000070601397
건축플랫폼,grp-a001-01-000000070601402
발기부전증상,grp-a001-01-000000070601403
전립선검사,grp-a001-01-000000070601403
발기부전원인,grp-a001-01-000000070601403
발기부전운동,grp-a001-01-000000070601403
심인성발기부전,grp-a001-01-000000070601403
발기부전병원,grp-a001-01-000000070601403
담배발기부전,grp-a001-01-000000070601403
대구발기부전,grp-a001-01-000000070601403
남성발기부전,grp-a001-01-000000070601403
발기부전처방,grp-a001-01-000000070601403
발기부전조루,grp-a001-01-000000070601403
발기부전보형물,grp-a001-01-000000070601403
전립선질환,grp-a001-01-000000070601403
전립선한방치료,grp-a001-01-000000070601403
발기부전주사제,grp-a001-01-000000070601403
발기부전상담,grp-a001-01-000000070601403
창원전립선비대증,grp-a001-01-000000070601403
창원전립선,grp-a001-01-000000070601403
정맥성발기부전,grp-a001-01-000000070601403
발기부전보형물수술,grp-a001-01-000000070601403
강남불임한의원,grp-a001-01-000000070601403
제주발기부전,grp-a001-01-000000070601403
발기부전진단,grp-a001-01-000000070601403
부산발기부전,grp-a001-01-000000070601405
부산전립선비대증,grp-a001-01-000000070601405
부산전립선,grp-a001-01-000000070601405
대전전립선비대증수술,grp-a001-01-000000070601405
부산전립선비대증수술,grp-a001-01-000000070601405
부산전립선치료,grp-a001-01-000000070601405
부산전립선결찰술,grp-a001-01-000000070601405
헤르페스검사비용,grp-a001-01-000000070601454
송도건강검진추천,grp-a001-01-000000070601454
인천전립선비대증,grp-a001-01-000000070601456
상담의사마이너스론,grp-a001-01-000000070601495
요로결석내시경수술,grp-a001-01-000000070601676
안양발기부전,grp-a001-01-000000070601676
전주의사신용등급,grp-a001-01-000000070601680
의료기관금리비교문의,grp-a001-01-000000070601680
비영리단체설립,grp-a001-01-000000070601689
사업자주소조회,grp-a001-01-000000070601689
인천세미나대관,grp-a001-01-000000070601689
사무실데스크테리어,grp-a001-01-000000070601757
광주맹장수술,grp-a001-01-000000070605017
대구서울바른플란트,grp-a001-01-000000070605026
대구원데이치아미백,grp-a001-01-000000070605026
데스크테리어,grp-a001-01-000000070605034
부산플랜테리어,grp-a001-01-000000070605034
플랜테리어비용,grp-a001-01-000000070605034
오피스플랜테리어,grp-a001-01-000000070605034
플랜테리어추천,grp-a001-01-000000070605034
돌잔치이벤트상품,grp-a001-01-000000070605101
스케치업모델링,grp-a001-01-000000070605101
자동화시스템,grp-a001-01-000000070605101
부산심리치료,grp-a001-01-000000070605101
AI시스템개발,grp-a001-01-000000070605101
돌이벤트선물추천,grp-a001-01-000000070605101
부산미술심리치료,grp-a001-01-000000070605101
순천상가임대,grp-a001-01-000000070605106
사업자전기요금지원,grp-a001-01-000000070605133
광주미래시스템,grp-a001-01-000000070605133
패션마케팅학과,grp-a001-01-000000070605177
전문대패션디자인학과,grp-a001-01-000000070605177
방사선학과,grp-a001-01-000000070605223
경기도전문대학,grp-a001-01-000000070605223
경찰행정학과대학,grp-a001-01-000000070605223
전문대학교,grp-a001-01-000000070605223
간호대편입,grp-a001-01-000000070605223
인서울전문대,grp-a001-01-000000070605223
간호학과대학순위,grp-a001-01-000000070605223
전문대편입,grp-a001-01-000000070605223
디지털콘텐츠학과,grp-a001-01-000000070605223
간호전문대,grp-a001-01-000000070605223
경기도전문대,grp-a001-01-000000070605223
원데이치아미백,grp-a001-01-000000070605223
턱관절디스크,grp-a001-01-000000070605223
전문대간호학과순위,grp-a001-01-000000070605223
디지털대학교,grp-a001-01-000000070605223
수도권전문대순위,grp-a001-01-000000070605223
빅데이터학과,grp-a001-01-000000070605223
온라인대학교,grp-a001-01-000000070605223
온라인대학,grp-a001-01-000000070605223
전문대학교순위,grp-a001-01-000000070605223
경기권전문대,grp-a001-01-000000070605223
간호전문대학,grp-a001-01-000000070605223
유아교육과전문대,grp-a001-01-000000070605223
조리학과대학교,grp-a001-01-000000070605223
전문대추천,grp-a001-01-000000070605223
서울티플란트,grp-a001-01-000000070605223
이벤트학과,grp-a001-01-000000070605223
전문대학수시박람회,grp-a001-01-000000070605223
전문대학교박람회,grp-a001-01-000000070605223
전문대입학정보박람회,grp-a001-01-000000070605223
전문대추가모집,grp-a001-01-000000070605223
치아인플란트가격,grp-a001-01-000000070605223
치아인플란트,grp-a001-01-000000070605223
리프트임대료,grp-a001-01-000000070605273
가정용고주파치료기,grp-a001-01-000000070605289
가정용초음파치료기,grp-a001-01-000000070605289
통증치료기,grp-a001-01-000000070605289
시니어놀이터,grp-a001-01-000000070605289
재활치료기구,grp-a001-01-000000070605289
관절염치료기,grp-a001-01-000000070605289
손목통증치료기,grp-a001-01-000000070605289
가정용고주파온열치료기,grp-a001-01-000000070605289
가정용의료기,grp-a001-01-000000070605289
한방의료기,grp-a001-01-000000070605289
남대문의료기,grp-a001-01-000000070605289
노인의료기,grp-a001-01-000000070605289
재활치료기,grp-a001-01-000000070605289
피부세미나,grp-a001-01-000000070605289
외국인성형수술,grp-a001-01-000000070605289
한의원비품,grp-a001-01-000000070605289
한방소모품,grp-a001-01-000000070605289
의료IT시스템,grp-a001-01-000000070605289
동물용내시경,grp-a001-01-000000070605289
외국인성형,grp-a001-01-000000070605289
허리디스크원인,grp-a001-01-000000070605351
허리디스크방사통,grp-a001-01-000000070605351
디스크검사,grp-a001-01-000000070605351
대전허리디스크,grp-a001-01-000000070605351
수원MRI,grp-a001-01-000000070605351
광주목디스크,grp-a001-01-000000070605351
오산대장내시경,grp-a001-01-000000070605351
인천뇌MRI,grp-a001-01-000000070605351
수원무릎MRI,grp-a001-01-000000070605351
디스크파열치료,grp-a001-01-000000070605351
건축공사면허,grp-a001-01-000000070626289
인사관리컨설팅,grp-a001-01-000000070626289
온라인사업,grp-a001-01-000000070626339
온라인사업아이템,grp-a001-01-000000070626339
약국일반의약품자금이벤트,grp-a001-01-000000070626339
장애인재활상담사,grp-a001-01-000000070626415
연세대학교최고경영자과정,grp-a001-01-000000070626415
상담심리학과대학,grp-a001-01-000000070626415
미국온라인대학,grp-a001-01-000000070626415
아동심리치료사,grp-a001-01-000000070626415
연세대학교최고경영자,grp-a001-01-000000070626415
인공지능박사,grp-a001-01-000000070626415
마케팅전문가과정,grp-a001-01-000000070626415
글로벌미디어영상학과,grp-a001-01-000000070626415
사이버대학교마케팅학과,grp-a001-01-000000070626415
의료기관사업계획서,grp-a001-01-000000070626415
온라인대학교육,grp-a001-01-000000070626415
정보통신공사면허,grp-a001-01-000000070627115
전문공사면허,grp-a001-01-000000070627115
유아이성형외과,grp-a001-01-000000070627115
숙대건강검진,grp-a001-01-000000070632656
용산구건강검진병원,grp-a001-01-000000070632656
무료자산관리,grp-a001-01-000000070632694
무릎인공관절재활,grp-a001-01-000000070632765
중풍한방병원,grp-a001-01-000000070632765
영종도정형외과,grp-a001-01-000000070634231
운서동정형외과,grp-a001-01-000000070634231
영종도통증의학과,grp-a001-01-000000070634231
영종신경외과,grp-a001-01-000000070634231
운서동신경외과,grp-a001-01-000000070634231
영종도재활병원,grp-a001-01-000000070634231
배곧교통사고,grp-a001-01-000000070634488
시화건강검진,grp-a001-01-000000070634488
전립선수치,grp-a001-01-000000070634818
전립선비대증치료법,grp-a001-01-000000070634818
전립선염치료기간,grp-a001-01-000000070634887
전립선암치료방법,grp-a001-01-000000070634887
전립선치료기,grp-a001-01-000000070634887
비만성형외과,grp-a001-01-000000070635021
파주인공관절,grp-a001-01-000000070635216
개인신용정보등록,grp-a001-01-000000070639950
건축도장기능사국비지원,grp-a001-01-000000070640214
온라인대행업체,grp-a001-01-000000070640214
온라인종합광고대행사,grp-a001-01-000000070640214
온라인대행,grp-a001-01-000000070640214
환자관리시스템,grp-a001-01-000000070640412
도시개발,grp-a001-01-000000070643263
약국일반의약품자금전문점,grp-a001-01-000000070643263
창원의사마이너스론,grp-a001-01-000000070643452
정신의학과,grp-a001-01-000000070643843
알콜치료센터,grp-a001-01-000000070643843
알콜중독치료센터,grp-a001-01-000000070643843
정신병치료,grp-a001-01-000000070643843
알코올중독치료센터,grp-a001-01-000000070643843
알코올치료센터,grp-a001-01-000000070643843
부산여드름흉터한의원,grp-a001-01-000000070643843
의사마이너스론비교,grp-a001-01-000000070646118
서울갑상선조직검사,grp-a001-01-000000070653744
가산디지털단지역공유오피스,grp-a001-01-000000070653919
검단신도시중문,grp-a001-01-000000070654847
증권수수료,grp-a001-01-000000070654873
이율높은상품,grp-a001-01-000000070654873
순위의료기관금리비교,grp-a001-01-000000070654937
코어톡스이벤트,grp-a001-01-000000070659116
동부화재다이렉트이벤트,grp-a001-01-000000070659177
창원병원권리금자금,grp-a001-01-000000070659378
요양플랫폼,grp-a001-01-000000070659378
방사선과대학,grp-a001-01-000000070659394
가정방문간호사,grp-a001-01-000000070659394
전문간호사취업,grp-a001-01-000000070659394
디지털마케터,grp-a001-01-000000070659422
의료데이터,grp-a001-01-000000070659422
의료데이터라벨링,grp-a001-01-000000070659422
의료빅데이터,grp-a001-01-000000070659464
글로리메디컬,grp-a001-01-000000070659464
상담시스템,grp-a001-01-000000070659464
아동심리상담사,grp-a001-01-000000070659502
온라인심리상담,grp-a001-01-000000070659502
온라인상담,grp-a001-01-000000070659502
아동심리치료,grp-a001-01-000000070659502
비대면상담,grp-a001-01-000000070659502
안양청소년상담센터,grp-a001-01-000000070659502
부부상담전문가,grp-a001-01-000000070659502
평촌심리상담센터,grp-a001-01-000000070659502
심리상담전문가,grp-a001-01-000000070659502
심리상담온라인,grp-a001-01-000000070659502
평촌정신의학과,grp-a001-01-000000070659502
영업관리시스템,grp-a001-01-000000070659502
성격장애심리치료,grp-a001-01-000000070659502
상담플랫폼,grp-a001-01-000000070659502
온라인고민상담,grp-a001-01-000000070659502
병원대기시스템,grp-a001-01-000000070659502
병원순번대기시스템,grp-a001-01-000000070659502
병원디지털사이니지,grp-a001-01-000000070659502
병원진료대기시스템,grp-a001-01-000000070659502
고객정보시스템,grp-a001-01-000000070659502
AI어플개발,grp-a001-01-000000070659502
고객상담시스템,grp-a001-01-000000070659502
고객센터시스템,grp-a001-01-000000070659502
생활비카드,grp-a001-01-000000070659575
온라인쇼핑할인카드,grp-a001-01-000000070659575
온라인쇼핑카드,grp-a001-01-000000070659575
대구교통사고,grp-a001-01-000000070659673
외국인혼인신고,grp-a001-01-000000070659673
협의이혼서류신청서,grp-a001-01-000000070659673
M&A절차,grp-a001-01-000000070659673
유치원공사,grp-a001-01-000000070659887
유치원건축,grp-a001-01-000000070659887
이갈이방지마우스피스,grp-a001-01-000000070659910
인천목디스크,grp-a001-01-000000070659965
인천족부전문의,grp-a001-01-000000070659965
인천MRI병원,grp-a001-01-000000070659965
부천갑상선검사,grp-a001-01-000000070659965
인천허리MRI,grp-a001-01-000000070659965
인천디스크,grp-a001-01-000000070659965
송도대장내시경,grp-a001-01-000000070660050
안산노인병원,grp-a001-01-000000070660050
도시개발사업,grp-a001-01-000000070662742
데이터센터사업계획서,grp-a001-01-000000070662742
안산교통사고,grp-a001-01-000000070662959
안양교통사고,grp-a001-01-000000070662959
안양교통사고입원,grp-a001-01-000000070662959
범계교통사고,grp-a001-01-000000070662959
정보공개서신규등록신청서,grp-a001-01-000000070662959
인덕원교통사고,grp-a001-01-000000070662959
개인신용정보,grp-a001-01-000000070663161
조리원비교,grp-a001-01-000000070663161
신용카드연체이자율,grp-a001-01-000000070663161
개인신용정보보고서,grp-a001-01-000000070663161
대전병원권리금자금,grp-a001-01-000000070664131
고양의료기관금리비교,grp-a001-01-000000070664230
평택아주대학병원,grp-a001-01-000000070665453
온라인운영대행,grp-a001-01-000000070665481
온라인판매대행사,grp-a001-01-000000070665481
철거비지원,grp-a001-01-000000070665663
스마트상점기술보급,grp-a001-01-000000070665663
연구비지원,grp-a001-01-000000070665663
카페집기중고,grp-a001-01-000000070665663
손목골절수술,grp-a001-01-000000070665668
백내장단체소송,grp-a001-01-000000070665702
무설정론,grp-a001-01-000000070665820
모바일론,grp-a001-01-000000070665820
무설정빌라론,grp-a001-01-000000070665820
사이다뱅크이벤트,grp-a001-01-000000070665820
노보노디스크,grp-a001-01-000000070665834
메디칼현대,grp-a001-01-000000070665834
데이터전처리,grp-a001-01-000000070665834
의료기구,grp-a001-01-000000070665834
홍재메디칼,grp-a001-01-000000070665834
메디칼데포,grp-a001-01-000000070665834
일반의사,grp-a001-01-000000070665834
외국인투어,grp-a001-01-000000070665834
HR플랫폼,grp-a001-01-000000070665834
데이터처리,grp-a001-01-000000070665834
디지털오실로스코프,grp-a001-01-000000070665834
도우메디칼,grp-a001-01-000000070665834
이벤트배너제작,grp-a001-01-000000070665834
거미스마일,grp-a001-01-000000070665836
다한증피부과,grp-a001-01-000000070665836
갑상선기능저하증,grp-a001-01-000000070666269
갑상선암증상,grp-a001-01-000000070666269
대장내시경전음식,grp-a001-01-000000070666269
갑상선기능항진증,grp-a001-01-000000070666269
갑상선증상,grp-a001-01-000000070666269
갑상선항진증,grp-a001-01-000000070666269
갑상선저하증,grp-a001-01-000000070666269
대장내시경약복용,grp-a001-01-000000070666269
갑상선기능저하증증상,grp-a001-01-000000070666269
갑상선혹,grp-a001-01-000000070666269
갑상선항진증증상,grp-a001-01-000000070666269
갑상선암초기증상,grp-a001-01-000000070666269
뇌MRI,grp-a001-01-000000070666269
갑상선초음파,grp-a001-01-000000070666269
갑상선기능항진증증상,grp-a001-01-000000070666269
갑상선에좋은음식,grp-a001-01-000000070666269
갑상선염,grp-a001-01-000000070666269
갑상선암종류,grp-a001-01-000000070666269
갑상선기능저하,grp-a001-01-000000070666269
허리MRI,grp-a001-01-000000070666269
복부MRI,grp-a001-01-000000070666269
갑상선명의,grp-a001-01-000000070666269
대구내시경,grp-a001-01-000000070666269
수원위내시경,grp-a001-01-000000070666269
일산MRI,grp-a001-01-000000070666269
일산위내시경,grp-a001-01-000000070666269
대구위대장내시경,grp-a001-01-000000070666269
세종내시경,grp-a001-01-000000070666269
강서구대장내시경,grp-a001-01-000000070666269
강서구MRI,grp-a001-01-000000070666269
세종시내시경,grp-a001-01-000000070666269
약안먹는대장내시경,grp-a001-01-000000070666269
세종시대장내시경,grp-a001-01-000000070666269
윤여규갑상선,grp-a001-01-000000070666269
광명MRI,grp-a001-01-000000070666269
잠실위내시경,grp-a001-01-000000070666269
목동대장내시경,grp-a001-01-000000070666269
강동구대장내시경,grp-a001-01-000000070666269
대장내시경추천,grp-a001-01-000000070666269
수성구위내시경,grp-a001-01-000000070666269
관악구위내시경,grp-a001-01-000000070666269
연산동위내시경,grp-a001-01-000000070666269
강서구위내시경,grp-a001-01-000000070666269
강남수면내시경,grp-a001-01-000000070666269
달서구내시경,grp-a001-01-000000070666269
강북구대장내시경,grp-a001-01-000000070666269
연산동대장내시경,grp-a001-01-000000070666269
송파대장내시경,grp-a001-01-000000070666269
강남역대장내시경,grp-a001-01-000000070666269
송파구위내시경,grp-a001-01-000000070666269
대구북구위내시경,grp-a001-01-000000070666269
강서구위대장내시경,grp-a001-01-000000070666269
여의도내시경,grp-a001-01-000000070666269
안양탈장수술,grp-a001-01-000000070666269
당사자표시정정신청서,grp-a001-01-000000070666278
기일지정신청서,grp-a001-01-000000070666278
농지전용허가신청서,grp-a001-01-000000070666278
난민인정신청서,grp-a001-01-000000070666278
년월차신청서,grp-a001-01-000000070666278
기성금신청서,grp-a001-01-000000070666278
디지털전당포,grp-a001-01-000000070666362
스마일론,grp-a001-01-000000070666362
온라인슈퍼마켓,grp-a001-01-000000070666364
의사신용등급경기,grp-a001-01-000000070666366
혈전치료,grp-a001-01-000000070666368
요로결석내시경,grp-a001-01-000000070666368
개방형MRI,grp-a001-01-000000070666368
뇌혈관MRI,grp-a001-01-000000070666368
동탄대장내시경,grp-a001-01-000000070666368
세종위내시경,grp-a001-01-000000070666368
김포대장내시경,grp-a001-01-000000070666368
세종시위내시경,grp-a001-01-000000070666368
김포위내시경,grp-a001-01-000000070666368
광명갑상선,grp-a001-01-000000070666368
강동구위내시경,grp-a001-01-000000070666368
구리위내시경,grp-a001-01-000000070666368
마곡내시경,grp-a001-01-000000070666368
마곡대장내시경,grp-a001-01-000000070666368
마곡위내시경,grp-a001-01-000000070666368
김포내시경,grp-a001-01-000000070666368
강서구내시경,grp-a001-01-000000070666368
용산내시경,grp-a001-01-000000070666368
마포대장내시경,grp-a001-01-000000070666368
관악구대장내시경,grp-a001-01-000000070666368
구래동대장내시경,grp-a001-01-000000070666368
발산역대장내시경,grp-a001-01-000000070666368
발산역위내시경,grp-a001-01-000000070666368
위풍선수술,grp-a001-01-000000070666368
양재역위내시경,grp-a001-01-000000070666368
목디스크,grp-a001-01-000000070666372
허리디스크,grp-a001-01-000000070666372
허리디스크증세,grp-a001-01-000000070666372
허리디스크운동,grp-a001-01-000000070666372
암환자음식,grp-a001-01-000000070666372
디스크탈출증,grp-a001-01-000000070666372
이명소리치료,grp-a001-01-000000070666372
하마종수술,grp-a001-01-000000070666372
청주목디스크,grp-a001-01-000000070666372
원주대장내시경,grp-a001-01-000000070666372
목디스크증세,grp-a001-01-000000070666372
원주목디스크,grp-a001-01-000000070666372
평택목디스크,grp-a001-01-000000070666372
원주허리디스크,grp-a001-01-000000070666372
무릎내시경,grp-a001-01-000000070666372
양산목디스크,grp-a001-01-000000070666372
오산MRI,grp-a001-01-000000070666372
미금역갑상선,grp-a001-01-000000070666372
구로MRI,grp-a001-01-000000070666372
원주디스크,grp-a001-01-000000070666372
면역증진센터,grp-a001-01-000000070666372
선릉역허리디스크,grp-a001-01-000000070666372
사상목디스크,grp-a001-01-000000070666372
목디스크운동,grp-a001-01-000000070666380
목디스크두통,grp-a001-01-000000070666380
목디스크초기증상,grp-a001-01-000000070666380
경추디스크,grp-a001-01-000000070666380
고주파온열암치료,grp-a001-01-000000070666380
부천MRI,grp-a001-01-000000070666380
청라MRI,grp-a001-01-000000070666380
암환자면역,grp-a001-01-000000070666380
봉담허리디스크,grp-a001-01-000000070666380
노원역MRI,grp-a001-01-000000070666380
외국인순매수,grp-a001-01-000000070666409
세종데이터,grp-a001-01-000000070666409
자산관리대부,grp-a001-01-000000070666411
대경글로벌,grp-a001-01-000000070666411
경매잔금납부방법,grp-a001-01-000000070666420
디지털TV,grp-a001-01-000000070666420
모바일화장실,grp-a001-01-000000070666420
의료기계,grp-a001-01-000000070666420
거래수수료무료,grp-a001-01-000000070666420
행사전문업체,grp-a001-01-000000070666420
수도권경매,grp-a001-01-000000070666420
경매배당신청서,grp-a001-01-000000070666420
인쇄기중고,grp-a001-01-000000070666420
외국인렌터카,grp-a001-01-000000070666420
신용도조회,grp-a001-01-000000070666455
개인신용조회,grp-a001-01-000000070666455
나의신용정보조회,grp-a001-01-000000070666455
나의신용정보,grp-a001-01-000000070666455
무료신용도조회,grp-a001-01-000000070666455
개인신용확인,grp-a001-01-000000070666455
개인신용증명서,grp-a001-01-000000070666455
개인신용조회서,grp-a001-01-000000070666455
개인신용정보확인서,grp-a001-01-000000070666455
본인신용정보원,grp-a001-01-000000070666455
제출용신용보고서,grp-a001-01-000000070666455
한글신용보고서,grp-a001-01-000000070666455
개인신용관리,grp-a001-01-000000070666455
신용대사면,grp-a001-01-000000070666455
개인신용도,grp-a001-01-000000070666455
개인신용정보제공,grp-a001-01-000000070666455
신용정보시스템,grp-a001-01-000000070666455
시스템창호,grp-a001-01-000000070666469
대구FC유니폼,grp-a001-01-000000070666469
시스템창호가격,grp-a001-01-000000070666469
간호사근무복,grp-a001-01-000000070666469
디지털프린팅티셔츠,grp-a001-01-000000070666469
간호사자켓,grp-a001-01-000000070666469
본인신용점수,grp-a001-01-000000070666469
티셔츠디지털프린트,grp-a001-01-000000070666469
소셜빅데이터분석,grp-a001-01-000000070666469
부산교통사고,grp-a001-01-000000070666474
핀테리어,grp-a001-01-000000070666474
라떼아트원데이,grp-a001-01-000000070666483
커피원데이클래스,grp-a001-01-000000070666483
라떼아트원데이클래스,grp-a001-01-000000070666483
베이커리원데이클래스,grp-a001-01-000000070666483
대구커피원데이클래스,grp-a001-01-000000070666483
치아바타원데이클래스,grp-a001-01-000000070666483
직장인국비지원무료교육,grp-a001-01-000000070666483
전문대제과제빵학과,grp-a001-01-000000070666483
부모상담사,grp-a001-01-000000070666483
놀이심리상담사1급,grp-a001-01-000000070666483
전문대조리과,grp-a001-01-000000070666483
전문대학교수시모집,grp-a001-01-000000070666483
전문대학교추천,grp-a001-01-000000070666483
원데이클래스,grp-a001-01-000000070666486
대구원데이클래스,grp-a001-01-000000070666486
시설물통합정보관리시스템,grp-a001-01-000000070666486
동탄원데이클래스,grp-a001-01-000000070666486
물품관리시스템,grp-a001-01-000000070666486
대구베이킹원데이클래스,grp-a001-01-000000070666486
FMS시스템,grp-a001-01-000000070666486
입출고관리대장,grp-a001-01-000000070666486
휴가관리대장,grp-a001-01-000000070666486
대구요리원데이클래스,grp-a001-01-000000070666486
바코드시스템,grp-a001-01-000000070666486
설비관리대장,grp-a001-01-000000070666486
원데이클래스대구,grp-a001-01-000000070666486
외국인력현황표,grp-a001-01-000000070666486
조리원자기소개서,grp-a001-01-000000070666486
계측기관리대장,grp-a001-01-000000070666486
도서관리대장,grp-a001-01-000000070666486
비품관리대장양식,grp-a001-01-000000070666486
재료분리관리대장,grp-a001-01-000000070666486
의약품관리대장,grp-a001-01-000000070666486
대구국비지원제과제빵,grp-a001-01-000000070666486
세륜기관리대장,grp-a001-01-000000070666486
열쇠관리대장,grp-a001-01-000000070666486
인건비견적서양식,grp-a001-01-000000070666486
정수기관리대장,grp-a001-01-000000070666486
축중기관리대장,grp-a001-01-000000070666486
혈압관리대장,grp-a001-01-000000070666486
미수금관리대장,grp-a001-01-000000070666486
직원관리대장,grp-a001-01-000000070666486
모바일바코드,grp-a001-01-000000070666486
출근부관리대장,grp-a001-01-000000070666486
유치원학급운영계획,grp-a001-01-000000070666486
치과위생사자소서,grp-a001-01-000000070666486
시스템이중창,grp-a001-01-000000070666486
견적서관리대장,grp-a001-01-000000070666486
해외구매대행견적서,grp-a001-01-000000070666486
건축자재일람표,grp-a001-01-000000070666486
관사관리대장,grp-a001-01-000000070666486
기자재관리대장,grp-a001-01-000000070666486
상장관리대장,grp-a001-01-000000070666486
수출관리대장,grp-a001-01-000000070666486
온습도계관리대장,grp-a001-01-000000070666486
외국인급여명세서,grp-a001-01-000000070666486
외상매입금관리대장,grp-a001-01-000000070666486
용접봉관리대장,grp-a001-01-000000070666486
위험물질관리대장,grp-a001-01-000000070666486
이물관리대장,grp-a001-01-000000070666486
임대료청구서양식,grp-a001-01-000000070666486
조경관리대장,grp-a001-01-000000070666486
특허관리대장,grp-a001-01-000000070666486
판매관리대장,grp-a001-01-000000070666486
인증서관리대장,grp-a001-01-000000070666486
임금관리대장,grp-a001-01-000000070666486
임대료납입증명서,grp-a001-01-000000070666486
일용노무비관리대장,grp-a001-01-000000070666486
출근관리대장,grp-a001-01-000000070666486
상품관리대장,grp-a001-01-000000070666486
수주관리대장,grp-a001-01-000000070666486
엑셀플랫폼,grp-a001-01-000000070666486
연차휴가사용신청서,grp-a001-01-000000070666486
월별매출관리대장,grp-a001-01-000000070666486
직원급여내역서,grp-a001-01-000000070666486
배송관리시스템,grp-a001-01-000000070666486
원가시스템,grp-a001-01-000000070666486
매장관리시스템,grp-a001-01-000000070666486
입출고관리시스템,grp-a001-01-000000070666486
상품관리시스템,grp-a001-01-000000070666486
전립선암증상,grp-a001-01-000000070666490
전립선암생존율,grp-a001-01-000000070666490
고주파온열치료기,grp-a001-01-000000070666490
전립선암2기,grp-a001-01-000000070666490
온열치료기,grp-a001-01-000000070666490
시스템냉난방기,grp-a001-01-000000070668089
모바일주문,grp-a001-01-000000070668089
시스템냉난방,grp-a001-01-000000070668089
사업자할인,grp-a001-01-000000070668089
시스템온풍기,grp-a001-01-000000070668089
개인회복,grp-a001-01-000000070668404
온라인문의,grp-a001-01-000000070668404
의사마이너스론경기,grp-a001-01-000000070668404
허리디스크증상,grp-a001-01-000000070668451
의정부허리디스크,grp-a001-01-000000070668451
부천위내시경,grp-a001-01-000000070668451
의정부MRI,grp-a001-01-000000070668451
부천대장내시경,grp-a001-01-000000070668451
양방향내시경,grp-a001-01-000000070668451
전주목디스크,grp-a001-01-000000070668451
의정부갑상선,grp-a001-01-000000070668451
송파위내시경,grp-a001-01-000000070668451
하남대장내시경,grp-a001-01-000000070668451
미사위내시경,grp-a001-01-000000070668451
의정부디스크,grp-a001-01-000000070668451
목디스크증상,grp-a001-01-000000070668652
허리디스크협착증,grp-a001-01-000000070668652
목디스크에좋은운동,grp-a001-01-000000070668652
허리디스크통증,grp-a001-01-000000070668652
방귀가자주나오는이유,grp-a001-01-000000070668652
목디스크명의,grp-a001-01-000000070668652
퇴행성목디스크,grp-a001-01-000000070668652
프렌차이즈박람회,grp-a001-01-000000070668652
경추수술,grp-a001-01-000000070668652
족하수치료,grp-a001-01-000000070668652
노원MRI,grp-a001-01-000000070668652
강서구허리디스크,grp-a001-01-000000070668652
오산목디스크,grp-a001-01-000000070668652
부산진구건강검진,grp-a001-01-000000070668652
제주목디스크,grp-a001-01-000000070668652
강북구위내시경,grp-a001-01-000000070668652
노원허리디스크,grp-a001-01-000000070668652
노원목디스크,grp-a001-01-000000070668652
사상구건강검진,grp-a001-01-000000070668652
강북구MRI,grp-a001-01-000000070668652
성북구MRI,grp-a001-01-000000070668652
요즘뜨는프렌차이즈,grp-a001-01-000000070668652
부산사하구건강검진,grp-a001-01-000000070668652
여의도대장내시경,grp-a001-01-000000070668652
경추전문의,grp-a001-01-000000070668652
신림MRI,grp-a001-01-000000070668652
영등포대장내시경,grp-a001-01-000000070668652
대전족부전문의,grp-a001-01-000000070668652
부산진구대장내시경,grp-a001-01-000000070668652
도봉구위내시경,grp-a001-01-000000070668652
프렌차이즈순위,grp-a001-01-000000070668652
강서대장내시경,grp-a001-01-000000070668652
부산중구건강검진,grp-a001-01-000000070668652
가격의사신용등급,grp-a001-01-000000070668652
마포갑상선,grp-a001-01-000000070668652
허리디스크추천,grp-a001-01-000000070668652
허리디스크초기증상,grp-a001-01-000000070668748
퇴행성허리디스크,grp-a001-01-000000070668748
허리디스크에좋은운동,grp-a001-01-000000070668748
목디스크견인기,grp-a001-01-000000070668748
목디스크가슴통증,grp-a001-01-000000070668748
서울본브릿지,grp-a001-01-000000070668748
목디스크보호대,grp-a001-01-000000070668748
허리디스크파열,grp-a001-01-000000070668748
디스크내장증,grp-a001-01-000000070668748
목디스크교정기,grp-a001-01-000000070668748
퇴행성디스크,grp-a001-01-000000070668748
골절수술,grp-a001-01-000000070668748
목디스크마사지,grp-a001-01-000000070668748
허리디스크재활운동,grp-a001-01-000000070668748
목견인치료기,grp-a001-01-000000070668748
디스크협착증,grp-a001-01-000000070668748
목디스크운동기구,grp-a001-01-000000070668748
허리치료,grp-a001-01-000000070668748
목디스크마사지기,grp-a001-01-000000070668748
디스크파열,grp-a001-01-000000070668748
발목인공관절,grp-a001-01-000000070668748
비대면계좌,grp-a001-01-000000070668748
계좌개설현금이벤트,grp-a001-01-000000070668748
디스크고주파치료,grp-a001-01-000000070668748
크레온이벤트,grp-a001-01-000000070668748
3.0MRI,grp-a001-01-000000070668748
디스크비수술,grp-a001-01-000000070668748
방배동MRI,grp-a001-01-000000070668748
외국인선물,grp-a001-01-000000070668938
외국인한국선물,grp-a001-01-000000070668938
외국인선물추천,grp-a001-01-000000070668938
외국인친구선물,grp-a001-01-000000070668938
간호사선물,grp-a001-01-000000070668938
박스구매,grp-a001-01-000000070668938
외국인한국기념품,grp-a001-01-000000070668938
스타벅스온라인몰,grp-a001-01-000000070668938
외국인기념품,grp-a001-01-000000070668938
외국인이좋아하는선물,grp-a001-01-000000070668938
외국인이좋아하는한국선물,grp-a001-01-000000070668938
스마일에코백,grp-a001-01-000000070668938
킹플란트,grp-a001-01-000000070668938
외국인친구선물추천,grp-a001-01-000000070668938
외국인에게한국선물,grp-a001-01-000000070668938
의약품패키지,grp-a001-01-000000070668938
외국인에게선물추천,grp-a001-01-000000070668938
외국인기념품선물,grp-a001-01-000000070668938
외국인결혼선물,grp-a001-01-000000070668938
외국인선물부채,grp-a001-01-000000070668938
외국인에게선물,grp-a001-01-000000070668938
외국인고급선물,grp-a001-01-000000070668938
외국인들이좋아하는한국선물,grp-a001-01-000000070668938
인사동외국인선물,grp-a001-01-000000070668938
외국인선물세트,grp-a001-01-000000070668938
남자외국인선물,grp-a001-01-000000070668938
외국인남자선물,grp-a001-01-000000070668938
광명목디스크,grp-a001-01-000000070668938
외국인바이어선물,grp-a001-01-000000070668938
외국인전통선물,grp-a001-01-000000070668938
한국외국인선물,grp-a001-01-000000070668938
외국인답례품,grp-a001-01-000000070668938
외국인아기선물,grp-a001-01-000000070668938
외국인어린이선물,grp-a001-01-000000070668938
외국인이좋아하는한국기념품,grp-a001-01-000000070668938
외국인선물수저세트,grp-a001-01-000000070668938
외국인에게줄선물,grp-a001-01-000000070668938
외국인친구결혼선물,grp-a001-01-000000070668938
외국인단체선물,grp-a001-01-000000070668938
외국인선물자개,grp-a001-01-000000070668938
외국인기념품추천,grp-a001-01-000000070668938
외국인친구한국선물,grp-a001-01-000000070668938
외국인VIP선물,grp-a001-01-000000070668938
외국인부채선물,grp-a001-01-000000070668938
한의원패키지,grp-a001-01-000000070668938
외국인손님선물,grp-a001-01-000000070668938
외국인들선물,grp-a001-01-000000070668938
외국인들이좋아하는선물,grp-a001-01-000000070668938
외국인부부선물,grp-a001-01-000000070668938
외국인선물음식,grp-a001-01-000000070668938
외국인어른선물,grp-a001-01-000000070668938
외국인학생선물,grp-a001-01-000000070668938
외국인여자선물,grp-a001-01-000000070668938
외국인가족선물,grp-a001-01-000000070668938
외국인추천선물,grp-a001-01-000000070668938
외국인사돈선물,grp-a001-01-000000070668938
외국인부모님선물,grp-a001-01-000000070668938
외국인자개선물,grp-a001-01-000000070668938
외국인생일선물,grp-a001-01-000000070668938
사과박스구매,grp-a001-01-000000070668938
온라인피트니스,grp-a001-01-000000070668938
연산동목디스크,grp-a001-01-000000070668938
한의원박스,grp-a001-01-000000070668938
외국인바이어,grp-a001-01-000000070668938
외국인선물전통,grp-a001-01-000000070668938
한국전통외국인선물,grp-a001-01-000000070668938
여자외국인선물,grp-a001-01-000000070668938
외국인관광객선물,grp-a001-01-000000070668938
외국인관광상품,grp-a001-01-000000070668938
외국인여자친구선물,grp-a001-01-000000070668938
외국인이좋아하는기념품,grp-a001-01-000000070668938
외국인크리스마스선물,grp-a001-01-000000070668938
외국인선물기념품,grp-a001-01-000000070668938
외국인선물용,grp-a001-01-000000070668938
외국인VIP기념품,grp-a001-01-000000070668938
고급외국인선물,grp-a001-01-000000070668938
외국인에게좋은선물,grp-a001-01-000000070668938
외국인한테선물,grp-a001-01-000000070668938
외국인고객선물,grp-a001-01-000000070668938
외국인방문선물,grp-a001-01-000000070668938
외국인한국전통기념품,grp-a001-01-000000070668938
외국인기념선물,grp-a001-01-000000070668938
외국인한국전통선물,grp-a001-01-000000070668938
온라인선물,grp-a001-01-000000070668938
의료기기박스,grp-a001-01-000000070668938
의약품패키지디자인,grp-a001-01-000000070668938
전자계약시스템,grp-a001-01-000000070671217
종소세신고기간,grp-a001-01-000000070671217
RFID물품관리시스템,grp-a001-01-000000070671217
시설관리시스템,grp-a001-01-000000070671217
법무관리시스템,grp-a001-01-000000070671217
지식재산권관리시스템,grp-a001-01-000000070671217
금형관리시스템,grp-a001-01-000000070671217
자동발주시스템,grp-a001-01-000000070671217
비품관리시스템,grp-a001-01-000000070671217
재물조사시스템,grp-a001-01-000000070671217
재물조사대행,grp-a001-01-000000070671217
재고조사전문업체,grp-a001-01-000000070671217
RFID관리시스템,grp-a001-01-000000070671217
소프트웨어관리시스템,grp-a001-01-000000070671217
건물관리대행업체,grp-a001-01-000000070671217
건물관리시스템,grp-a001-01-000000070671217
건물자동화시스템,grp-a001-01-000000070671217
빌딩제어시스템,grp-a001-01-000000070671217
서버관리대행,grp-a001-01-000000070671217
만능재료시험기중고,grp-a001-01-000000070674293
실험기기중고,grp-a001-01-000000070674293
인장시험기중고,grp-a001-01-000000070674293
마라톤디지털홀딩스,grp-a001-01-000000070677663
글로벌스탁론,grp-a001-01-000000070677663
스탁론취급수수료,grp-a001-01-000000070677700
한국오키시스템즈,grp-a001-01-000000070677899
디지털나염,grp-a001-01-000000070677899
디지털프린터,grp-a001-01-000000070677899
디지털커팅기,grp-a001-01-000000070677899
복사기임대료,grp-a001-01-000000070677899
UV디지털인쇄,grp-a001-01-000000070677899
제본기중고,grp-a001-01-000000070677899
의류디지털프린팅,grp-a001-01-000000070677899
디지털평판커팅기,grp-a001-01-000000070677899
원단디지털인쇄,grp-a001-01-000000070677899
접지기중고,grp-a001-01-000000070677899
디지털컷팅기,grp-a001-01-000000070677899
의류디지털프린트,grp-a001-01-000000070677899
의류디지털프린터,grp-a001-01-000000070677899
복합기중고매입,grp-a001-01-000000070677899
디지털재단기,grp-a001-01-000000070677899
잘하는의사신용등급,grp-a001-01-000000070677899
국민연금납부기간,grp-a001-01-000000070678004
비대면계좌개설,grp-a001-01-000000070678004
계좌개설이벤트,grp-a001-01-000000070678004
국민연금납부액계산,grp-a001-01-000000070678004
미지급금,grp-a001-01-000000070678004
글로벌경제,grp-a001-01-000000070678004
국민연금납부연령,grp-a001-01-000000070678004
국민연금납부액인상,grp-a001-01-000000070678004
국민연금납부하기,grp-a001-01-000000070678004
외국인연금,grp-a001-01-000000070678004
재정전문가,grp-a001-01-000000070678004
메리츠이벤트,grp-a001-01-000000070678004
떼인돈받아드립니다수수료,grp-a001-01-000000070678004
후쿠오카레지던스,grp-a001-01-000000070678086
오사카레지던스,grp-a001-01-000000070678086
일본레지던스,grp-a001-01-000000070678086
교토레지던스,grp-a001-01-000000070678086
요크셔테리어성격,grp-a001-01-000000070678201
요크셔테리어브리더,grp-a001-01-000000070678201
허리디스크국가유공자,grp-a001-01-000000070678578
종합미용면허증,grp-a001-01-000000070678766
미용종합면허증,grp-a001-01-000000070678766
의료기술직,grp-a001-01-000000070678766
미용면허증,grp-a001-01-000000070678766
수원허리디스크,grp-a001-01-000000070678766
수원목디스크,grp-a001-01-000000070678766
보건행정직,grp-a001-01-000000070678766
안산허리디스크,grp-a001-01-000000070678766
분당허리디스크,grp-a001-01-000000070678766
동탄MRI,grp-a001-01-000000070678766
미용사종합면허증,grp-a001-01-000000070678766
오산허리디스크,grp-a001-01-000000070678766
평택허리디스크,grp-a001-01-000000070678766
동탄목디스크,grp-a001-01-000000070678766
동탄허리디스크,grp-a001-01-000000070678766
평택디스크,grp-a001-01-000000070678766
안양목디스크,grp-a001-01-000000070678766
성남MRI,grp-a001-01-000000070678766
수원뇌MRI,grp-a001-01-000000070678766
영통허리디스크,grp-a001-01-000000070678766
성남목디스크,grp-a001-01-000000070678766
수원디스크,grp-a001-01-000000070678766
영통목디스크,grp-a001-01-000000070678766
용인목디스크,grp-a001-01-000000070678766
시흥MRI,grp-a001-01-000000070678766
위례목디스크,grp-a001-01-000000070678766
동탄디스크,grp-a001-01-000000070678766
평촌목디스크,grp-a001-01-000000070678766
수원허리MRI,grp-a001-01-000000070678766
안산디스크,grp-a001-01-000000070678766
야탑목디스크,grp-a001-01-000000070678766
작업치료사,grp-a001-01-000000070678860
경희대편입,grp-a001-01-000000070678860
심리학과대학,grp-a001-01-000000070678860
메이크업원데이클래스,grp-a001-01-000000070678860
성신여대편입,grp-a001-01-000000070678860
체대편입,grp-a001-01-000000070678860
간호사국시,grp-a001-01-000000070678860
단국대편입,grp-a001-01-000000070678860
종합미용면허증발급,grp-a001-01-000000070678860
간호사되는법,grp-a001-01-000000070678860
산업안전보건교육온라인,grp-a001-01-000000070678860
부천원데이클래스,grp-a001-01-000000070678860
물리치료사면허증,grp-a001-01-000000070678860
미용종합면허증발급,grp-a001-01-000000070678860
미용전문대,grp-a001-01-000000070678860
의료관계법규,grp-a001-01-000000070678860
대구미대편입,grp-a001-01-000000070678860
학점은행제인공지능,grp-a001-01-000000070678860
미용학과대학,grp-a001-01-000000070678860
평생교육바우처온라인,grp-a001-01-000000070678860
의료기술직생물,grp-a001-01-000000070678860
의료기술직물리치료사,grp-a001-01-000000070678860
미용사면허,grp-a001-01-000000070678860
의료기술직면접,grp-a001-01-000000070678860
의료기술직채용,grp-a001-01-000000070678860
의료기술직과목,grp-a001-01-000000070678860
미용종합면허증취득,grp-a001-01-000000070678860
인천의료기술직,grp-a001-01-000000070678860
의료기술직시험,grp-a001-01-000000070678860
의료기술직시험일정,grp-a001-01-000000070678860
경남의료기술직,grp-a001-01-000000070678860
경기도의료기술직,grp-a001-01-000000070678860
의료기술직기출문제,grp-a001-01-000000070678860
온라인학사,grp-a001-01-000000070678860
종합미용사면허,grp-a001-01-000000070678860
의료기술직공채,grp-a001-01-000000070678860
경북의료기술직,grp-a001-01-000000070678860
서울시의료기술직,grp-a001-01-000000070678860
강원도의료기술직,grp-a001-01-000000070678860
울산의료기술직,grp-a001-01-000000070678860
의료관계법규문제집,grp-a001-01-000000070678860
미용학전문학사,grp-a001-01-000000070678860
미용온라인교육,grp-a001-01-000000070678860
의료기술직채용공고,grp-a001-01-000000070678860
미용전문대학교,grp-a001-01-000000070678860
의료기술직의료관계법규,grp-a001-01-000000070678860
의료기술직치위생사,grp-a001-01-000000070678860
대구의료기술직,grp-a001-01-000000070678860
서울의료기술직,grp-a001-01-000000070678860
의료기술직공고,grp-a001-01-000000070678860
전남의료기술직,grp-a001-01-000000070678860
종합미용면허증평생교육원,grp-a001-01-000000070678860
평생교육바우처이벤트,grp-a001-01-000000070678860
2024의료기술직,grp-a001-01-000000070678860
2025의료기술직,grp-a001-01-000000070678860
의료기술직9급,grp-a001-01-000000070678860
의료기술직작업치료사,grp-a001-01-000000070678860
대전의료기술직,grp-a001-01-000000070678860
온라인학위취득,grp-a001-01-000000070678860
학점은행제직업상담사,grp-a001-01-000000070678860
사회복지사2급온라인취득,grp-a001-01-000000070678860
학점은행제물리치료,grp-a001-01-000000070678860
사이버대학전문학사,grp-a001-01-000000070678860
전립선에좋은음식,grp-a001-01-000000070679094
엠빅스구매,grp-a001-01-000000070679094
환갑이벤트,grp-a001-01-000000070679401
용돈이벤트,grp-a001-01-000000070679401
칠순이벤트,grp-a001-01-000000070679401
조리원퇴소이벤트,grp-a001-01-000000070679401
생일이벤트,grp-a001-01-000000070679401
남편생일이벤트,grp-a001-01-000000070679401
부모님용돈이벤트,grp-a001-01-000000070679401
전주원데이클래스,grp-a001-01-000000070679401
칠순용돈이벤트,grp-a001-01-000000070679401
현금이벤트,grp-a001-01-000000070679401
환갑용돈이벤트,grp-a001-01-000000070679401
팔순잔치이벤트,grp-a001-01-000000070679401
칠순잔치이벤트,grp-a001-01-000000070679401
부모님생신이벤트,grp-a001-01-000000070679401
남자친구생일이벤트,grp-a001-01-000000070679401
현관문이벤트,grp-a001-01-000000070679401
결혼기념일이벤트,grp-a001-01-000000070679401
프러포즈이벤트,grp-a001-01-000000070679401
출산이벤트,grp-a001-01-000000070679401
부모님생일이벤트,grp-a001-01-000000070679401
팔순용돈이벤트,grp-a001-01-000000070679401
생일돈이벤트,grp-a001-01-000000070679401
생신이벤트,grp-a001-01-000000070679401
이벤트용품,grp-a001-01-000000070679401
여자친구생일이벤트,grp-a001-01-000000070679401
남친생일이벤트,grp-a001-01-000000070679401
와이프생일이벤트,grp-a001-01-000000070679401
돈이벤트,grp-a001-01-000000070679401
생일축하이벤트,grp-a001-01-000000070679401
생일현금이벤트,grp-a001-01-000000070679401
1주년이벤트,grp-a001-01-000000070679401
남자친구이벤트,grp-a001-01-000000070679401
100일이벤트,grp-a001-01-000000070679401
프로포즈이벤트업체,grp-a001-01-000000070679401
남친이벤트,grp-a001-01-000000070679401
아내생일이벤트,grp-a001-01-000000070679401
기념일이벤트,grp-a001-01-000000070679401
생일이벤트풍선,grp-a001-01-000000070679401
결혼10주년이벤트,grp-a001-01-000000070679401
스마일풍선,grp-a001-01-000000070679401
부산생일이벤트,grp-a001-01-000000070679401
이벤트룸,grp-a001-01-000000070679401
친구생일이벤트,grp-a001-01-000000070679401
대구생일이벤트,grp-a001-01-000000070679401
이벤트초,grp-a001-01-000000070679401
결혼1주년이벤트,grp-a001-01-000000070679401
돈선물이벤트,grp-a001-01-000000070679401
생일파티이벤트,grp-a001-01-000000070679401
1000일이벤트,grp-a001-01-000000070679401
이벤트카페,grp-a001-01-000000070679401
생일이벤트용품,grp-a001-01-000000070679401
신랑생일이벤트,grp-a001-01-000000070679401
이벤트소품,grp-a001-01-000000070679401
깜짝이벤트,grp-a001-01-000000070679401
여자친구이벤트,grp-a001-01-000000070679401
커플이벤트,grp-a001-01-000000070679401
부모님이벤트,grp-a001-01-000000070679401
회갑이벤트,grp-a001-01-000000070679401
생일풍선이벤트,grp-a001-01-000000070679401
어버이날이벤트,grp-a001-01-000000070679401
아이생일이벤트,grp-a001-01-000000070679401
제주도이벤트업체,grp-a001-01-000000070679401
결혼20주년이벤트,grp-a001-01-000000070679401
서프라이즈이벤트,grp-a001-01-000000070679401
2주년이벤트,grp-a001-01-000000070679401
생일이벤트소품,grp-a001-01-000000070679401
이벤트용품판매점,grp-a001-01-000000070679401
촛불이벤트,grp-a001-01-000000070679401
결혼프로포즈이벤트,grp-a001-01-000000070679401
제주도생일이벤트,grp-a001-01-000000070679401
이벤트촛불,grp-a001-01-000000070679401
5주년이벤트,grp-a001-01-000000070679401
특별한생일이벤트,grp-a001-01-000000070679401
감동이벤트,grp-a001-01-000000070679401
연극이벤트,grp-a001-01-000000070679401
이벤트장식,grp-a001-01-000000070679401
300일이벤트,grp-a001-01-000000070679401
스마일냅킨,grp-a001-01-000000070679401
꽃이벤트,grp-a001-01-000000070679401
이벤트레스토랑,grp-a001-01-000000070679401
생일이벤트업체,grp-a001-01-000000070679401
어린이생일이벤트,grp-a001-01-000000070679401
청혼이벤트,grp-a001-01-000000070679401
고백이벤트,grp-a001-01-000000070679401
파티이벤트,grp-a001-01-000000070679401
여친이벤트,grp-a001-01-000000070679401
200일이벤트,grp-a001-01-000000070679401
생일이벤트선물,grp-a001-01-000000070679401
남자친구이벤트선물,grp-a001-01-000000070679401
생일이벤트추천,grp-a001-01-000000070679401
생일이벤트현수막,grp-a001-01-000000070679401
이벤트아이템,grp-a001-01-000000070679401
생일깜짝이벤트,grp-a001-01-000000070679401
대전생일이벤트,grp-a001-01-000000070679401
이벤트파티,grp-a001-01-000000070679401
요트이벤트,grp-a001-01-000000070679401
온라인현수막,grp-a001-01-000000070679401
프로포즈이벤트대행,grp-a001-01-000000070679401
서울이벤트룸,grp-a001-01-000000070679401
연인이벤트,grp-a001-01-000000070679401
의료기관금리비교가격,grp-a001-01-000000070706252
신차이벤트,grp-a001-01-000000070706369
신차온라인구매,grp-a001-01-000000070706369
울산허리디스크,grp-a001-01-000000070706644
울산목디스크,grp-a001-01-000000070706644
울산허리치료,grp-a001-01-000000070706644
시스템주방,grp-a001-01-000000070706820
키친시스템,grp-a001-01-000000070706820
모바일명함,grp-a001-01-000000070706941
AI플랫폼,grp-a001-01-000000070706941
모바일앱,grp-a001-01-000000070706941
공유플랫폼,grp-a001-01-000000070706941
알뜰폰이벤트,grp-a001-01-000000070706941
모바일플래닛,grp-a001-01-000000070706941
쇼핑플랫폼,grp-a001-01-000000070706941
교육플랫폼,grp-a001-01-000000070706941
업무관리시스템,grp-a001-01-000000070706941
모바일웹,grp-a001-01-000000070706941
플랫폼사업,grp-a001-01-000000070706941
모바일어플,grp-a001-01-000000070706941
O2O플랫폼,grp-a001-01-000000070706941
모바일인터넷,grp-a001-01-000000070706941
통합플랫폼,grp-a001-01-000000070706941
취업플랫폼,grp-a001-01-000000070706941
모바일투표,grp-a001-01-000000070706941
예약플랫폼,grp-a001-01-000000070706941
모바일폰,grp-a001-01-000000070706941
플랫폼개발,grp-a001-01-000000070706941
플랫폼제작,grp-a001-01-000000070706941
모바일홈,grp-a001-01-000000070706941
플랫폼만들기,grp-a001-01-000000070706941
UMS시스템,grp-a001-01-000000070706941
반해모바일,grp-a001-01-000000070706941
모바일쇼핑,grp-a001-01-000000070706941
플랫폼사이트,grp-a001-01-000000070706941
헬로모바일중고폰,grp-a001-01-000000070706941
플랫폼구축,grp-a001-01-000000070706941
모바일앱만들기,grp-a001-01-000000070706941
플랫폼어플,grp-a001-01-000000070706941
모바일사이트,grp-a001-01-000000070706941
매칭플랫폼,grp-a001-01-000000070706941
모바일사이트만들기,grp-a001-01-000000070706941
모바일앱개발자,grp-a001-01-000000070706941
이벤트어플,grp-a001-01-000000070706941
모바일쿠폰제작,grp-a001-01-000000070706941
마사지플랫폼,grp-a001-01-000000070706941
모바일어플제작,grp-a001-01-000000070706941
상담사이트,grp-a001-01-000000070706941
IT아웃소싱플랫폼,grp-a001-01-000000070706941
개발자플랫폼,grp-a001-01-000000070706941
모바일웹앱,grp-a001-01-000000070706941
앱개발대행,grp-a001-01-000000070706941
플랫폼제작비용,grp-a001-01-000000070706941
모바일웹사이트제작,grp-a001-01-000000070706941
고객이음,grp-a001-01-000000070706941
CHATGPT컨설팅,grp-a001-01-000000070706941
역경매플랫폼,grp-a001-01-000000070706941
수도권거래량,grp-a001-01-000000070706941
수도권전세가율,grp-a001-01-000000070706941
온라인판매,grp-a001-01-000000070707126
모바일문진표,grp-a001-01-000000070707126
메디칼소프트,grp-a001-01-000000070707126
강동MRI,grp-a001-01-000000070707126
HIS시스템,grp-a001-01-000000070707126
외국인광고,grp-a001-01-000000070707126
내포신도시,grp-a001-01-000000070707617
고덕신도시,grp-a001-01-000000070707617
평택고덕신도시,grp-a001-01-000000070707617
고덕국제신도시,grp-a001-01-000000070707617
플렌테리어,grp-a001-01-000000070707617
전립선암4기,grp-a001-01-000000070707617
평택신도시,grp-a001-01-000000070707617
대전도안신도시,grp-a001-01-000000070707617
말기암환자,grp-a001-01-000000070707617
호반써밋고덕신도시,grp-a001-01-000000070707617
폐암치료,grp-a001-01-000000070707617
조화플랜테리어,grp-a001-01-000000070707617
플랜테리어식물,grp-a001-01-000000070707617
화양신도시,grp-a001-01-000000070707617
플랜테리어카페,grp-a001-01-000000070707617
플랜테리어조화,grp-a001-01-000000070707617
방사선요법,grp-a001-01-000000070707617
조경비용,grp-a001-01-000000070707617
평택화양신도시,grp-a001-01-000000070707617
카페플랜테리어,grp-a001-01-000000070707617
그린테리어,grp-a001-01-000000070707617
실내플랜테리어,grp-a001-01-000000070707617
고덕신도시청약,grp-a001-01-000000070707617
플랜테리어나무,grp-a001-01-000000070707617
수원건물,grp-a001-01-000000070707617
고덕신도시원룸,grp-a001-01-000000070707617
온열암치료,grp-a001-01-000000070707617
대전플랜테리어,grp-a001-01-000000070707617
인조플랜테리어,grp-a001-01-000000070707617
고주파온열암치료효과,grp-a001-01-000000070707617
야외플랜테리어,grp-a001-01-000000070707617
플랜테리어가격,grp-a001-01-000000070707617
온라인모델하우스,grp-a001-01-000000070707617
화양신도시푸르지오,grp-a001-01-000000070707617
암환자휴양,grp-a001-01-000000070707617
매장플랜테리어,grp-a001-01-000000070707617
플랜테리어디자인,grp-a001-01-000000070707617
플랜테리어브랜드,grp-a001-01-000000070707617
플랜테리어조경,grp-a001-01-000000070707617
인공지반녹화,grp-a001-01-000000070707617
제주플랜테리어,grp-a001-01-000000070707617
벽면녹화시스템,grp-a001-01-000000070707617
플랜테리어견적,grp-a001-01-000000070707617
인천플랜테리어,grp-a001-01-000000070707617
옥상정원공사,grp-a001-01-000000070707617
가입이벤트,grp-a001-01-000000070713924
계좌이벤트,grp-a001-01-000000070713924
홈트레이딩시스템,grp-a001-01-000000070713924
KODEXS&P글로벌인프라(합성),grp-a001-01-000000070713924
개설이벤트,grp-a001-01-000000070713924
수수료평생무료,grp-a001-01-000000070713924
고양약국일반의약품자금,grp-a001-01-000000070713924
HTS시스템,grp-a001-01-000000070713924
무료수수료,grp-a001-01-000000070713924
치킨이벤트,grp-a001-01-000000070714211
M&A매각,grp-a001-01-000000070714211
모바일앱개발,grp-a001-01-000000070714211
재무모델링,grp-a001-01-000000070714211
M&A거래소,grp-a001-01-000000070714211
M&A거래사,grp-a001-01-000000070714211
M&A시장,grp-a001-01-000000070714211
건설사M&A,grp-a001-01-000000070714211
건설업M&A,grp-a001-01-000000070714211
파이낸셜모델링,grp-a001-01-000000070714211
세미나발표자료,grp-a001-01-000000070714211
M&A전문,grp-a001-01-000000070714211
M&A거래,grp-a001-01-000000070714211
M&A부티크,grp-a001-01-000000070714211
M&A사이트,grp-a001-01-000000070714211
상장사M&A,grp-a001-01-000000070714211
일본M&A,grp-a001-01-000000070714211
M&A물건,grp-a001-01-000000070714211
M&A거래정보망,grp-a001-01-000000070714211
M&A정보,grp-a001-01-000000070714211
부동산투자세미나,grp-a001-01-000000070714211
인천갑상선,grp-a001-01-000000070714758
부천내시경,grp-a001-01-000000070714758
상동위내시경,grp-a001-01-000000070714758
부천갑상선조직검사,grp-a001-01-000000070714758
의료기관금리비교예약,grp-a001-01-000000070719585
언어치료사,grp-a001-01-000000070719667
AI전문가,grp-a001-01-000000070719667
전문상담사,grp-a001-01-000000070719667
온라인석사,grp-a001-01-000000070719667
온라인MBA,grp-a001-01-000000070719667
온라인테솔,grp-a001-01-000000070719667
AI빅데이터,grp-a001-01-000000070719667
테솔온라인,grp-a001-01-000000070719667
온라인석사과정,grp-a001-01-000000070719667
온라인박사과정,grp-a001-01-000000070719667
미사대장내시경,grp-a001-01-000000070719667
남양주MRI,grp-a001-01-000000070719667
온라인학위,grp-a001-01-000000070719667
온라인석사학위,grp-a001-01-000000070719667
온라인박사,grp-a001-01-000000070719667
하남위내시경,grp-a001-01-000000070719667
미사내시경,grp-a001-01-000000070719667
내시경잘하는곳,grp-a001-01-000000070719667
하남내시경,grp-a001-01-000000070719667
석사온라인,grp-a001-01-000000070719667
MBA온라인,grp-a001-01-000000070719667
온라인MBA과정,grp-a001-01-000000070719667
대구다이어트한의원,grp-a001-01-000000070719702
한의원다이어트,grp-a001-01-000000070719702
부평다이어트한의원,grp-a001-01-000000070719702
두원메디텍,grp-a001-01-000000070719702
한의원다이어트환,grp-a001-01-000000070719702
아크릴사회대,grp-a001-01-000000070719702
서울다이어트한의원,grp-a001-01-000000070719702
잠실다이어트한의원,grp-a001-01-000000070719702
강남역다이어트한의원,grp-a001-01-000000070719702
인계동다이어트한의원,grp-a001-01-000000070719702
대구한의원다이어트,grp-a001-01-000000070719702
범계다이어트한의원,grp-a001-01-000000070719702
강남한의원다이어트,grp-a001-01-000000070719702
비대면다이어트,grp-a001-01-000000070719702
달서구대장내시경,grp-a001-01-000000070719702
다이어트피부과,grp-a001-01-000000070719702
의료기상,grp-a001-01-000000070719702
의료기몰,grp-a001-01-000000070719702
리쥬란HB이벤트,grp-a001-01-000000070719702
신사동다이어트한의원,grp-a001-01-000000070719702
서울대입구역위내시경,grp-a001-01-000000070719702
달서구위내시경,grp-a001-01-000000070719702
상인동위내시경,grp-a001-01-000000070719702
슈링크유니버스이벤트,grp-a001-01-000000070719702
신논현다이어트한의원,grp-a001-01-000000070719702
의료기관금리비교울산,grp-a001-01-000000070719702
이벤트테이블,grp-a001-01-000000070719702
영상시스템,grp-a001-01-000000070719702
의료기상사,grp-a001-01-000000070719739
의료기판매점,grp-a001-01-000000070719739
수성메디칼,grp-a001-01-000000070719739
테니스엘보치료기,grp-a001-01-000000070719739
메디칼바이,grp-a001-01-000000070719739
냉동치료기,grp-a001-01-000000070719739
의료기구판매점,grp-a001-01-000000070719739
의료기용품,grp-a001-01-000000070719739
골프엘보치료기,grp-a001-01-000000070719739
홍제메디칼,grp-a001-01-000000070719739
피부과용품,grp-a001-01-000000070719739
바다메디칼,grp-a001-01-000000070719739
온라인요가,grp-a001-01-000000070719801
성인심리치료,grp-a001-01-000000070719801
온라인명상,grp-a001-01-000000070719801
명상전문가,grp-a001-01-000000070719801
부산공황장애한의원,grp-a001-01-000000070719801
두통치료한의원,grp-a001-01-000000070719801
예약의료기관금리비교,grp-a001-01-000000070719801
직업상담사2급,grp-a001-01-000000070719841
청소년상담사,grp-a001-01-000000070719841
직업상담사,grp-a001-01-000000070719841
청소년상담사3급,grp-a001-01-000000070719841
심리상담사,grp-a001-01-000000070719841
심리치료,grp-a001-01-000000070719841
미술심리상담사,grp-a001-01-000000070719841
심리상담사1급,grp-a001-01-000000070719841
정신병자,grp-a001-01-000000070719841
직업상담사시험,grp-a001-01-000000070719841
미술치료사,grp-a001-01-000000070719841
놀이치료사,grp-a001-01-000000070719841
미술심리치료,grp-a001-01-000000070719841
음악심리상담사,grp-a001-01-000000070719841
심리상담사2급,grp-a001-01-000000070719841
심리상담사취업,grp-a001-01-000000070719841
원주정신의학과,grp-a001-01-000000070719841
비대면심리상담,grp-a001-01-000000070719841
놀이심리상담사,grp-a001-01-000000070719841
전주정신의학과,grp-a001-01-000000070719841
가족상담사,grp-a001-01-000000070719841
온라인심리검사,grp-a001-01-000000070719841
심리치료학과,grp-a001-01-000000070719841
심리치료효과,grp-a001-01-000000070719841
정신의학과상담,grp-a001-01-000000070719841
고민상담사이트,grp-a001-01-000000070719841
분당정신의학과,grp-a001-01-000000070719841
동물매개심리상담사,grp-a001-01-000000070719841
다문화심리상담사,grp-a001-01-000000070719841
안양심리치료,grp-a001-01-000000070719841
가족치료사,grp-a001-01-000000070719841
구미심리치료,grp-a001-01-000000070719841
창원심리치료,grp-a001-01-000000070719841
아로마심리상담사,grp-a001-01-000000070719841
미술치료상담사,grp-a001-01-000000070719841
심리상담사이트,grp-a001-01-000000070719841
원주심리치료,grp-a001-01-000000070719841
심리상담사되려면,grp-a001-01-000000070719841
심리상담사공부,grp-a001-01-000000070719841
아동놀이치료사,grp-a001-01-000000070719841
특수심리치료학과,grp-a001-01-000000070719841
특수심리치료,grp-a001-01-000000070719841
청주허리디스크,grp-a001-01-000000070719863
청주MRI,grp-a001-01-000000070719863
청주디스크,grp-a001-01-000000070719863
청주허리MRI,grp-a001-01-000000070719863
LCD시스템,grp-a001-01-000000070719863
쇠테리어,grp-a001-01-000000070720003
온라인소품샵,grp-a001-01-000000070720003
돌잡이이벤트선물,grp-a001-01-000000070720003
모바일초청장,grp-a001-01-000000070720003
온라인그림판매,grp-a001-01-000000070720003
재산관리,grp-a001-01-000000070720074
의사마이너스론서울,grp-a001-01-000000070720074
PPT온라인교육,grp-a001-01-000000070720074
하나원데이,grp-a001-01-000000070720477
DB원데이,grp-a001-01-000000070720477
디비원데이,grp-a001-01-000000070720477
의사신용등급근처,grp-a001-01-000000070720556
전자결재시스템,grp-a001-01-000000070721364
증권사별수수료,grp-a001-01-000000070721364
객실관리시스템,grp-a001-01-000000070721364
시스템트레이딩,grp-a001-01-000000070721364
금산전문가,grp-a001-01-000000070721364
글로벌에셋,grp-a001-01-000000070721364
디지털추모관,grp-a001-01-000000070721364
수발주시스템,grp-a001-01-000000070721364
웹트레이딩시스템,grp-a001-01-000000070721364
의사마이너스론대전,grp-a001-01-000000070722132
오산세교신도시,grp-a001-01-000000070722182
CRM시스템,grp-a001-01-000000070722182
의료사진,grp-a001-01-000000070722182
시스템솔루션,grp-a001-01-000000070722182
콜백시스템,grp-a001-01-000000070722182
피부과TAXREFUND,grp-a001-01-000000070722182
의료소프트웨어,grp-a001-01-000000070722182
CATI시스템,grp-a001-01-000000070722182
TM시스템,grp-a001-01-000000070722182
UDI시스템,grp-a001-01-000000070722205
울산좋은의료기,grp-a001-01-000000070722242
부산의료용품,grp-a001-01-000000070722242
BS메디칼,grp-a001-01-000000070722242
부산좋은의료기,grp-a001-01-000000070722242
초단파치료기,grp-a001-01-000000070722242
의료기쇼핑,grp-a001-01-000000070722242
갑상선결절,grp-a001-01-000000070722275
전립선암3기,grp-a001-01-000000070722275
전립선암에좋은음식,grp-a001-01-000000070722275
경품이벤트,grp-a001-01-000000070722275
일산허리디스크,grp-a001-01-000000070722275
응모이벤트,grp-a001-01-000000070722275
일산목디스크,grp-a001-01-000000070722275
파주허리디스크,grp-a001-01-000000070722275
팝업스토어이벤트,grp-a001-01-000000070722275
파주MRI,grp-a001-01-000000070722275
운정MRI,grp-a001-01-000000070722275
파주목디스크,grp-a001-01-000000070722275
뇌MRI촬영,grp-a001-01-000000070722275
후지논내시경,grp-a001-01-000000070722275
사은품이벤트,grp-a001-01-000000070722275
운정허리디스크,grp-a001-01-000000070722275
전립선석회화,grp-a001-01-000000070722339
남자전립선염증상,grp-a001-01-000000070722339
노인요실금,grp-a001-01-000000070722339
유방암치료,grp-a001-01-000000070722339
전립선암수치,grp-a001-01-000000070722339
만성전립선염,grp-a001-01-000000070722339
전립선에좋은운동,grp-a001-01-000000070722339
췌장암치료,grp-a001-01-000000070722339
급성전립선염,grp-a001-01-000000070722339
전립선암뼈전이,grp-a001-01-000000070722339
전립선증상,grp-a001-01-000000070722339
전립선암중입자치료,grp-a001-01-000000070722339
전립선에좋은차,grp-a001-01-000000070722339
전립선암증세,grp-a001-01-000000070722339
요도내시경,grp-a001-01-000000070722339
전립선암재발,grp-a001-01-000000070722339
남성전립선,grp-a001-01-000000070722339
전립선암이란,grp-a001-01-000000070722339
전립선카페,grp-a001-01-000000070722339
시니어교재,grp-a001-01-000000070722339
전립선리줌,grp-a001-01-000000070722339
시니어워크북,grp-a001-01-000000070722339
전립선염완치,grp-a001-01-000000070722339
세균성전립선염,grp-a001-01-000000070722339
시니어제품,grp-a001-01-000000070722339
만성세균성전립선염,grp-a001-01-000000070722339
간경화한의원,grp-a001-01-000000070722339
빈뇨한의원,grp-a001-01-000000070722339
전립선약종류,grp-a001-01-000000070722383
수원메디체크,grp-a001-01-000000070722383
원주갑상선,grp-a001-01-000000070722383
원주MRI,grp-a001-01-000000070722383
원주위내시경,grp-a001-01-000000070722383
원주내시경,grp-a001-01-000000070722383
원주갑상선검사,grp-a001-01-000000070722383
충주대장내시경,grp-a001-01-000000070722383
보형물삽입술,grp-a001-01-000000070722383
원주갑상선초음파,grp-a001-01-000000070722383
음낭수술,grp-a001-01-000000070722383
조루치료기,grp-a001-01-000000070722383
음경보형물삽입술,grp-a001-01-000000070722383
조루한의원,grp-a001-01-000000070722383
춘천시건강검진,grp-a001-01-000000070722383
목디스크주사치료,grp-a001-01-000000070722423
무릎관절수술,grp-a001-01-000000070722441
요추디스크,grp-a001-01-000000070722441
허리디스크한방치료,grp-a001-01-000000070722441
허리협착증한의원,grp-a001-01-000000070722441
협착증한의원,grp-a001-01-000000070722441
허리디스크입원치료,grp-a001-01-000000070722441
척추협착증한의원,grp-a001-01-000000070722441
김해목디스크,grp-a001-01-000000070722441
김해허리디스크,grp-a001-01-000000070722441
우리들병원신상하,grp-a001-01-000000070722441
허리디스크치료한의원,grp-a001-01-000000070722441
디스크한방치료,grp-a001-01-000000070722441
허리디스크한방,grp-a001-01-000000070722441
부산양방향내시경,grp-a001-01-000000070722441
MTS수수료,grp-a001-01-000000070723592
선물수수료,grp-a001-01-000000070723596
항셍수수료,grp-a001-01-000000070723596
해외선물협의수수료,grp-a001-01-000000070723596
외국인연속순매수,grp-a001-01-000000070723607
갑상선암보장,grp-a001-01-000000070723607
의사마이너스론할인,grp-a001-01-000000070723607
김해공항환전수수료,grp-a001-01-000000070723613
은행별환전수수료,grp-a001-01-000000070723613
환전이벤트,grp-a001-01-000000070723613
외국인선불카드,grp-a001-01-000000070723613
환전수수료싼곳,grp-a001-01-000000070723613
페소환전수수료,grp-a001-01-000000070723613
환율수수료계산,grp-a001-01-000000070723613
온라인환전소,grp-a001-01-000000070723613
환전수수료할인,grp-a001-01-000000070723613
KB증권수수료,grp-a001-01-000000070723619
증권사수수료,grp-a001-01-000000070723619
수수료무료증권사,grp-a001-01-000000070723619
KB증권수수료무료,grp-a001-01-000000070723619
증권수수료무료,grp-a001-01-000000070723619
수수료없는증권사,grp-a001-01-000000070723619
수수료적은증권사,grp-a001-01-000000070723619
수수료낮은증권사,grp-a001-01-000000070723619
증권사거래수수료,grp-a001-01-000000070723619
수수료싼증권사,grp-a001-01-000000070723619
증권계좌수수료,grp-a001-01-000000070723619
증권수수료싼곳,grp-a001-01-000000070723619
증권수수료평생무료,grp-a001-01-000000070723619
수수료무료,grp-a001-01-000000070723619
증권사수수료평생무료,grp-a001-01-000000070723619
증권거래수수료무료,grp-a001-01-000000070723619
수수료무료증권,grp-a001-01-000000070723619
증권수수료면제,grp-a001-01-000000070723619
평생수수료무료,grp-a001-01-000000070723619
증권계좌수수료무료,grp-a001-01-000000070723619
수수료적은증권,grp-a001-01-000000070723619
선물옵션수수료,grp-a001-01-000000070723619
증권수수료낮은곳,grp-a001-01-000000070723619
증권사수수료율,grp-a001-01-000000070723619
증권수수료순위,grp-a001-01-000000070723619
HTS수수료,grp-a001-01-000000070723619
입고이벤트,grp-a001-01-000000070723619
평생무료수수료,grp-a001-01-000000070723619
수수료저렴한증권,grp-a001-01-000000070723619
수수료싼증권,grp-a001-01-000000070723619
KB증권무료수수료,grp-a001-01-000000070723619
해외결제카드,grp-a001-01-000000070723641
은행환전수수료,grp-a001-01-000000070723641
해외사용카드,grp-a001-01-000000070723641
환전수수료비교,grp-a001-01-000000070723641
해외결제수수료면제카드,grp-a001-01-000000070723641
베트남환전수수료,grp-a001-01-000000070723641
일본환전수수료,grp-a001-01-000000070723641
스카이패스마일리지카드,grp-a001-01-000000070723641
증권사해외수수료비교,grp-a001-01-000000070723641
해외이용카드,grp-a001-01-000000070723641
증권사환전수수료비교,grp-a001-01-000000070723641
태국환전수수료,grp-a001-01-000000070723641
증권환전수수료,grp-a001-01-000000070723641
환전수수료없는카드,grp-a001-01-000000070723641
해외결제수수료면제,grp-a001-01-000000070723641
외환은행환전수수료,grp-a001-01-000000070723641
태국바트환전수수료,grp-a001-01-000000070723641
미국환전수수료,grp-a001-01-000000070723641
엔환전수수료,grp-a001-01-000000070723641
위안환전수수료,grp-a001-01-000000070723641
캐나다환전수수료,grp-a001-01-000000070723641
호주환전수수료,grp-a001-01-000000070723641
해외증권수수료,grp-a001-01-000000070723641
트래블로그SKYPASS신용카드,grp-a001-01-000000070723641
환전수수료이벤트,grp-a001-01-000000070723641
증권사환전이벤트,grp-a001-01-000000070723641
환전플랫폼,grp-a001-01-000000070723641
하나트래블로그SKYPASS신용카드,grp-a001-01-000000070723641
SEO마케팅,grp-a001-01-000000070723687
피부과브랜딩,grp-a001-01-000000070723687
동물간호사,grp-a001-01-000000070723697
수의간호사,grp-a001-01-000000070723697
동물매개치료사,grp-a001-01-000000070723697
시스템화장실,grp-a001-01-000000070723697
동물보호사,grp-a001-01-000000070723697
동물의료관리학과,grp-a001-01-000000070723697
갑상선저하증증상,grp-a001-01-000000070723702
갑상선낭종,grp-a001-01-000000070723702
갑상선결절증상,grp-a001-01-000000070723702
갑상선물혹,grp-a001-01-000000070723702
갑상선결절크기,grp-a001-01-000000070723702
갑상선기능,grp-a001-01-000000070723702
갑상선암수술후음식,grp-a001-01-000000070723702
갑상선고주파절제술,grp-a001-01-000000070723702
갑상선질환,grp-a001-01-000000070723702
성대결절수술,grp-a001-01-000000070723702
갑상선종양,grp-a001-01-000000070723702
갑상선증세,grp-a001-01-000000070723702
갑상선암초기,grp-a001-01-000000070723702
갑상선결절조직검사,grp-a001-01-000000070723702
갑상선세포검사,grp-a001-01-000000070723702
갑상선치료,grp-a001-01-000000070723702
유방섬유선종수술,grp-a001-01-000000070723702
유방암전문의,grp-a001-01-000000070723702
갑상선종양제거,grp-a001-01-000000070723702
갑상선고주파시술,grp-a001-01-000000070723702
평택갑상선초음파,grp-a001-01-000000070723702
천안갑상선,grp-a001-01-000000070723702
천안갑상선검사,grp-a001-01-000000070723702
갑상선고주파열치료,grp-a001-01-000000070723702
양재갑상선,grp-a001-01-000000070723702
갑상선고주파치료,grp-a001-01-000000070723702
강서구갑상선,grp-a001-01-000000070723702
의정부갑상선초음파,grp-a001-01-000000070723702
목동갑상선초음파,grp-a001-01-000000070723702
천안갑상선초음파,grp-a001-01-000000070723702
유방갑상선초음파,grp-a001-01-000000070723702
안양갑상선,grp-a001-01-000000070723702
방사선요오드,grp-a001-01-000000070723702
영등포갑상선,grp-a001-01-000000070723702
서울갑상선,grp-a001-01-000000070723702
목동갑상선,grp-a001-01-000000070723702
선릉역갑상선,grp-a001-01-000000070723702
여의도갑상선,grp-a001-01-000000070723702
신촌갑상선,grp-a001-01-000000070723702
마곡갑상선,grp-a001-01-000000070723702
용산갑상선,grp-a001-01-000000070723702
관악구MRI,grp-a001-01-000000070723702
선릉갑상선,grp-a001-01-000000070723702
평촌갑상선,grp-a001-01-000000070723702
신사역MRI,grp-a001-01-000000070723702
건대갑상선,grp-a001-01-000000070723702
비염치료기,grp-a001-01-000000070723706
강남교통사고,grp-a001-01-000000070723706
아차산역한의원,grp-a001-01-000000070723706
목동MRI,grp-a001-01-000000070723706
중곡동야간진료한의원,grp-a001-01-000000070723706
군자역야간진료한의원,grp-a001-01-000000070723706
군자역일요일진료한의원,grp-a001-01-000000070723706
군자역공휴일진료한의원,grp-a001-01-000000070723706
골반염한의원,grp-a001-01-000000070723706
톱스타성형외과,grp-a001-01-000000070723713
광주여드름피부과,grp-a001-01-000000070723713
광주한포진,grp-a001-01-000000070723713
광주여드름흉터피부과,grp-a001-01-000000070723713
광주피부과여드름,grp-a001-01-000000070723713
광주한관종,grp-a001-01-000000070723713
상무지구여드름피부과,grp-a001-01-000000070723713
광주여드름피부과추천,grp-a001-01-000000070723713
지축성형외과,grp-a001-01-000000070723716
사생활보호방충망,grp-a001-01-000000070723720
시스템방충망,grp-a001-01-000000070723720
시스템창호방충망,grp-a001-01-000000070723720
약국일반의약품자금가격,grp-a001-01-000000070723943
은평구허리디스크,grp-a001-01-000000070723959
스마일콘,grp-a001-01-000000070723961
모바일팝충전권,grp-a001-01-000000070723961
강남피부과유명한곳,grp-a001-01-000000070723961
수의학과,grp-a001-01-000000070723962
모바일쿠폰,grp-a001-01-000000070723962
다이소모바일상품권,grp-a001-01-000000070723962
롯데리아모바일금액권,grp-a001-01-000000070723962
설빙모바일쿠폰,grp-a001-01-000000070723962
모바일기프티콘구매,grp-a001-01-000000070723962
연구개노장수술,grp-a001-01-000000070723962
모바일선물하기,grp-a001-01-000000070723962
의사신용등급광주,grp-a001-01-000000070723965
원데이미백,grp-a001-01-000000070723967
강남원데이치아미백,grp-a001-01-000000070723967
강남역거미스마일,grp-a001-01-000000070723967
시니어타운,grp-a001-01-000000070723971
창원목디스크,grp-a001-01-000000070723971
예산관리,grp-a001-01-000000070723976
이상거래탐지시스템,grp-a001-01-000000070723976
글로벌소싱,grp-a001-01-000000070723976
데이터판매,grp-a001-01-000000070723976
종소세간편장부,grp-a001-01-000000070723976
글로벌비즈라인,grp-a001-01-000000070723976
글로벌시장조사,grp-a001-01-000000070723976
시장조사대행,grp-a001-01-000000070723976
글로벌키스라인,grp-a001-01-000000070723976
인건비지출결의서,grp-a001-01-000000070723976
거래처미수금관리대장,grp-a001-01-000000070723976
거래처별매출관리대장,grp-a001-01-000000070723976
매출관리대장,grp-a001-01-000000070723976
매출관리대장엑셀,grp-a001-01-000000070723976
매출매입관리대장,grp-a001-01-000000070723976
대표자신용보고서,grp-a001-01-000000070723976
온라인장부,grp-a001-01-000000070723976
수수료청구서양식,grp-a001-01-000000070723976
중개수수료청구서,grp-a001-01-000000070723976
경리시스템,grp-a001-01-000000070723976
종소세세율,grp-a001-01-000000070723989
종소세구간,grp-a001-01-000000070723989
종소세중간예납,grp-a001-01-000000070723989
5월종소세신고,grp-a001-01-000000070723989
E-HR시스템,grp-a001-01-000000070723989
부산의료기관금리비교,grp-a001-01-000000070724546
미래에셋글로벌리츠,grp-a001-01-000000070724560
디지털자산,grp-a001-01-000000070724560
시스템창,grp-a001-01-000000070724560
시스템창문,grp-a001-01-000000070724560
온라인집들이,grp-a001-01-000000070724560
차양시설,grp-a001-01-000000070724560
행위허가신청서,grp-a001-01-000000070724560
데이터라벨링재택,grp-a001-01-000000070724560
시스템윈도우,grp-a001-01-000000070724560
단열시스템도어,grp-a001-01-000000070724560
시스템폴딩도어,grp-a001-01-000000070724560
PVC시스템창호,grp-a001-01-000000070724560
미국식시스템창호,grp-a001-01-000000070724560
시스템창호업체,grp-a001-01-000000070724560
온라인비즈니스,grp-a001-01-000000070724560
온라인근무,grp-a001-01-000000070724560
해외선물전문가,grp-a001-01-000000070724560
인공지능차트,grp-a001-01-000000070724560
시스템중문,grp-a001-01-000000070724560
폴딩도어시스템,grp-a001-01-000000070724560
디스크연마기,grp-a001-01-000000070724564
서울플루이드시스템,grp-a001-01-000000070724564
수도권재건축,grp-a001-01-000000070724566
대구목디스크,grp-a001-01-000000070724569
대구디스크,grp-a001-01-000000070724569
대구무릎관절수술,grp-a001-01-000000070724569
대구관절수술,grp-a001-01-000000070724569
수성구목디스크,grp-a001-01-000000070724569
하남MRI,grp-a001-01-000000070724569
송파MRI,grp-a001-01-000000070724569
위례MRI,grp-a001-01-000000070724569
송파구MRI,grp-a001-01-000000070724569
똥잘나오는법,grp-a001-01-000000070724571
대전다이어트한의원,grp-a001-01-000000070724571
천안다이어트한의원,grp-a001-01-000000070724571
청주다이어트한의원,grp-a001-01-000000070724571
춘천다이어트한의원,grp-a001-01-000000070724571
광주다이어트한의원,grp-a001-01-000000070724571
서면다이어트한의원,grp-a001-01-000000070724571
안산다이어트한의원,grp-a001-01-000000070724571
강서구다이어트한의원,grp-a001-01-000000070724571
양산다이어트한의원,grp-a001-01-000000070724571
구월동다이어트한의원,grp-a001-01-000000070724571
비대면다이어트환,grp-a001-01-000000070724571
한방다이어트한의원,grp-a001-01-000000070724571
안성다이어트한의원,grp-a001-01-000000070724571
다이어트한의원추천,grp-a001-01-000000070724571
다이어트한의원후기,grp-a001-01-000000070724571
천안자궁근종,grp-a001-01-000000070724571
다이어트한방병원,grp-a001-01-000000070724571
다이어트환비대면,grp-a001-01-000000070724571
평촌다이어트한의원,grp-a001-01-000000070724571
광주한방다이어트,grp-a001-01-000000070724571
제주도다이어트한의원,grp-a001-01-000000070724571
다이어트비대면,grp-a001-01-000000070724571
부산서면다이어트한의원,grp-a001-01-000000070724571
산후다이어트한의원,grp-a001-01-000000070724571
익산다이어트한의원,grp-a001-01-000000070724571
노원구다이어트한의원,grp-a001-01-000000070724571
잠실한의원다이어트,grp-a001-01-000000070724571
양산관리형독서실,grp-a001-01-000000070724578
일산여드름피부과,grp-a001-01-000000070724578
아산성형외과,grp-a001-01-000000070724578
전기차시승이벤트,grp-a001-01-000000070724578
의사자문,grp-a001-01-000000070724578
일산점피부과,grp-a001-01-000000070724578
인천남자피부과,grp-a001-01-000000070724578
건축자재,grp-a001-01-000000070724581
데스크테리어소품,grp-a001-01-000000070724581
스마일스티커,grp-a001-01-000000070724581
인도구매대행,grp-a001-01-000000070724581
온라인갤러리,grp-a001-01-000000070724581
모바일카보드,grp-a001-01-000000070724581
벽면플랜테리어,grp-a001-01-000000070724581
이벤트트럭,grp-a001-01-000000070724581
무료돌잔치모바일초대장,grp-a001-01-000000070724581
병원상담일지,grp-a001-01-000000070724581
피부과주의사항,grp-a001-01-000000070724581
시니어사업,grp-a001-01-000000070724708
LCT레지던스,grp-a001-01-000000070724724
라우어시니어타운,grp-a001-01-000000070724724
서울시니어타운,grp-a001-01-000000070724724
강남시니어타운,grp-a001-01-000000070724724
동탄시니어타운,grp-a001-01-000000070724724
마곡시니어타운,grp-a001-01-000000070724724
부산시니어타운,grp-a001-01-000000070724724
김포시니어타운,grp-a001-01-000000070724724
오시리아시니어타운,grp-a001-01-000000070724724
롯데시니어타운,grp-a001-01-000000070724724
용인시니어타운,grp-a001-01-000000070724724
고급시니어타운,grp-a001-01-000000070724724
백운호수시니어타운,grp-a001-01-000000070724724
인천시니어타운,grp-a001-01-000000070724724
하이엔드시니어타운,grp-a001-01-000000070724724
부산시니어하우스,grp-a001-01-000000070724724
마곡롯데시니어타운,grp-a001-01-000000070724724
포항여드름피부과,grp-a001-01-000000070725081
화농성여드름피부과,grp-a001-01-000000070725081
건대피부과여드름,grp-a001-01-000000070725081
갑상선암좋은음식,grp-a001-01-000000070725114
갑상선수술후음식,grp-a001-01-000000070725114
암환자선물,grp-a001-01-000000070725114
갑상선여포성종양,grp-a001-01-000000070725114
갑상선암에좋은음식,grp-a001-01-000000070725114
암환자간식,grp-a001-01-000000070725114
갑상선기능항진증음식,grp-a001-01-000000070725114
갑상선좋은음식,grp-a001-01-000000070725114
갑상선기능저하증상,grp-a001-01-000000070725114
시니어두유,grp-a001-01-000000070725114
방사선요오드치료,grp-a001-01-000000070725114
일양전립선눈건강,grp-a001-01-000000070725114
유방암환자선물,grp-a001-01-000000070725114
암환자야채수,grp-a001-01-000000070725114
유방암환자음식,grp-a001-01-000000070725114
암환자반찬,grp-a001-01-000000070725114
항암환자음식,grp-a001-01-000000070725114
갑상선안구돌출,grp-a001-01-000000070725114
전립선좋은음식,grp-a001-01-000000070725114
암환자에게좋은음식,grp-a001-01-000000070725114
전립선쏘팔메토,grp-a001-01-000000070725114
전립선암음식,grp-a001-01-000000070725114
암환자단백질음료,grp-a001-01-000000070725114
암환자두유,grp-a001-01-000000070725114
발기부전제종류,grp-a001-01-000000070725114
암환자도시락,grp-a001-01-000000070725114
암환자음료,grp-a001-01-000000070725114
암환자단백질,grp-a001-01-000000070725114
시니어식단,grp-a001-01-000000070725114
전립선에좋은약,grp-a001-01-000000070725114
갑상선목걸이,grp-a001-01-000000070725114
암환자단백질보충제,grp-a001-01-000000070725114
폐암환자음식,grp-a001-01-000000070725114
위암환자음식,grp-a001-01-000000070725114
시니어반찬,grp-a001-01-000000070725114
전립선에좋은식품,grp-a001-01-000000070725114
암환자죽,grp-a001-01-000000070725114
암환자에좋은음식,grp-a001-01-000000070725114
환자유동식,grp-a001-01-000000070725114
갑상선암식단,grp-a001-01-000000070725114
전립선건강기능식품,grp-a001-01-000000070725114
항암환자선물,grp-a001-01-000000070725114
시니어도시락,grp-a001-01-000000070725114
건강보조식품판매,grp-a001-01-000000070725114
갑상선염증수치,grp-a001-01-000000070725114
전립선눈건강,grp-a001-01-000000070725114
위암환자에게좋은음식,grp-a001-01-000000070725114
전립선비대증약추천,grp-a001-01-000000070725114
전립선비대증에좋은약,grp-a001-01-000000070725114
전립선비대증에좋은약초,grp-a001-01-000000070725114
암환자건강식,grp-a001-01-000000070725114
항암치료중음식,grp-a001-01-000000070725114
갑상선스카프,grp-a001-01-000000070725114
위암환자반찬,grp-a001-01-000000070725114
남성발기부전약,grp-a001-01-000000070725114
항암치료식단,grp-a001-01-000000070725114
위암환자선물,grp-a001-01-000000070725114
남성전립선약,grp-a001-01-000000070725114
갑상선결절관리,grp-a001-01-000000070725114
60대발기부전,grp-a001-01-000000070725114
위암환자좋은음식,grp-a001-01-000000070725114
암환자영양음료,grp-a001-01-000000070725114
폐암환자선물,grp-a001-01-000000070725114
항암환자반찬,grp-a001-01-000000070725114
어르신도시락,grp-a001-01-000000070725114
전립선강화,grp-a001-01-000000070725114
대구빅데이터,grp-a001-01-000000070725114
암환자해독주스,grp-a001-01-000000070725114
폐암환자에좋은음식,grp-a001-01-000000070725114
어르신건강식,grp-a001-01-000000070725114
전립선에좋은,grp-a001-01-000000070725114
발기부전스프레이,grp-a001-01-000000070725114
대구인공지능,grp-a001-01-000000070725114
암환자주스,grp-a001-01-000000070725114
암환자녹즙,grp-a001-01-000000070725114
간암환자선물,grp-a001-01-000000070725114
전립선건강식품,grp-a001-01-000000070725114
발기부전약추천,grp-a001-01-000000070725114
발기부전에좋은약,grp-a001-01-000000070725114
일양약품전립선건강눈건강파워솔루션,grp-a001-01-000000070725114
암환자선식,grp-a001-01-000000070725114
갑상선선물,grp-a001-01-000000070725114
남자전립선약,grp-a001-01-000000070725114
전립선사군자후기,grp-a001-01-000000070725114
일양전립선,grp-a001-01-000000070725114
시니어푸드,grp-a001-01-000000070725114
대구3D모델링,grp-a001-01-000000070725114
대구인공지능교육,grp-a001-01-000000070725114
암환자용식단,grp-a001-01-000000070725114
전립선좋은약,grp-a001-01-000000070725114
전립선추천,grp-a001-01-000000070725114
전립선비타민,grp-a001-01-000000070725114
발기부전건강식품,grp-a001-01-000000070725114
일양눈건강전립선,grp-a001-01-000000070725114
일양약품전립선건강,grp-a001-01-000000070725114
일양전립선건강,grp-a001-01-000000070725114
대구데이터분석,grp-a001-01-000000070725114
대구코딩국비지원,grp-a001-01-000000070725114
노인건강보조식품,grp-a001-01-000000070725114
암치료식,grp-a001-01-000000070725114
건강기능식품이벤트,grp-a001-01-000000070725114
전립선개선,grp-a001-01-000000070725114
남성건강보조식품,grp-a001-01-000000070725114
전립선눈,grp-a001-01-000000070725114
전립선건강눈건강파워솔루션,grp-a001-01-000000070725114
의사마이너스론고양,grp-a001-01-000000070725397
온라인배너제작,grp-a001-01-000000070725639
미용실이벤트,grp-a001-01-000000070725639
서면피부과여드름,grp-a001-01-000000070725639
온라인전단지,grp-a001-01-000000070725639
프로모션이벤트,grp-a001-01-000000070725639
온라인마켓팅,grp-a001-01-000000070725639
상담병원권리금자금,grp-a001-01-000000070725819
일상배상책임,grp-a001-01-000000070725832
텐써마피부과,grp-a001-01-000000070727218
M&A교육,grp-a001-01-000000070727223
의사신용등급천안,grp-a001-01-000000070727223
고운세상피부과,grp-a001-01-000000070727225
명지고운세상피부과,grp-a001-01-000000070727225
대연동더퍼스트피부과,grp-a001-01-000000070727225
부산고운세상피부과,grp-a001-01-000000070727225
경성대더퍼스트피부과,grp-a001-01-000000070727225
AML시스템,grp-a001-01-000000070727225
고운세상피부과서부산,grp-a001-01-000000070727225
사업자번호대표자,grp-a001-01-000000070727225
부천세미나실대관,grp-a001-01-000000070727225
연말정산부모님,grp-a001-01-000000070727240
종소세상담,grp-a001-01-000000070727240
연말정산환급금미리보기,grp-a001-01-000000070727240
근로소득자연말정산,grp-a001-01-000000070727240
의사신용등급잘하는,grp-a001-01-000000070727253
3기신도시,grp-a001-01-000000070727263
코뼈골절수술,grp-a001-01-000000070727271
원동기면허증,grp-a001-01-000000070727271
하자보증금지급각서,grp-a001-01-000000070727271
온라인코딩수업,grp-a001-01-000000070727271
코골절수술병원,grp-a001-01-000000070727271
코수술병원추천,grp-a001-01-000000070727271
노플란트,grp-a001-01-000000070727271
대형프렌차이즈,grp-a001-01-000000070727271
온라인주문서,grp-a001-01-000000070727271
방학동피부과,grp-a001-01-000000070727291
노원다이어트한의원,grp-a001-01-000000070727291
노원피부한의원,grp-a001-01-000000070727291
시스템싱크대,grp-a001-01-000000070727291
별내한의원,grp-a001-01-000000070727292
별내동한의원,grp-a001-01-000000070727292
의정부위내시경,grp-a001-01-000000070727292
의정부대장내시경,grp-a001-01-000000070727292
미아사거리성형외과,grp-a001-01-000000070727292
의정부시피부과,grp-a001-01-000000070727292
별내역한의원,grp-a001-01-000000070727292
별가람역한의원,grp-a001-01-000000070727292
양주MRI,grp-a001-01-000000070727292
중랑구MRI,grp-a001-01-000000070727292
구리MRI,grp-a001-01-000000070727292
다산MRI,grp-a001-01-000000070727292
다산신도시병원,grp-a001-01-000000070727292
다산동대장내시경,grp-a001-01-000000070727292
의정부피부한의원,grp-a001-01-000000070727292
스마일무드등,grp-a001-01-000000070727296
고시원공사,grp-a001-01-000000070727296
유치원시설,grp-a001-01-000000070727296
헬스장출입시스템,grp-a001-01-000000070727296
전립선좌욕기,grp-a001-01-000000070727298
치질치료기,grp-a001-01-000000070727298
전립선온열기,grp-a001-01-000000070727298
전립선찜질,grp-a001-01-000000070727298
대진의료기,grp-a001-01-000000070727298
전립선비대증치료기,grp-a001-01-000000070727298
요도스텐트삽입술,grp-a001-01-000000070727298
전립선안마기,grp-a001-01-000000070727298
전립선찜질기,grp-a001-01-000000070727298
전립선온열치료,grp-a001-01-000000070727298
근적외선치료기,grp-a001-01-000000070727301
창원형사전문변호사,grp-a001-01-000000070727317
전주교통사고,grp-a001-01-000000070727317
부산형사전문,grp-a001-01-000000070727317
대전형사전문,grp-a001-01-000000070727317
오피스모바일,grp-a001-01-000000070727320
자율좌석시스템,grp-a001-01-000000070727320
동우디지털파크,grp-a001-01-000000070727324
전문가용바리깡,grp-a001-01-000000070727327
전문가용클리퍼,grp-a001-01-000000070727327
전문가용이발기,grp-a001-01-000000070727327
공연기획전문가,grp-a001-01-000000070727327
전문가바리깡,grp-a001-01-000000070727327
전문가용바리깡추천,grp-a001-01-000000070727327
동물매개심리치료사,grp-a001-01-000000070727327
동물심리치료,grp-a001-01-000000070727327
병원코디네이터온라인,grp-a001-01-000000070727327
동물행동상담사,grp-a001-01-000000070727327
동물교감전문가,grp-a001-01-000000070727327
병원인증교육,grp-a001-01-000000070727327
병원코디네이터국비지원,grp-a001-01-000000070727327
전주여드름피부과,grp-a001-01-000000070727337
익산성형외과,grp-a001-01-000000070727337
군산스킨보톡스,grp-a001-01-000000070727337
서신동성형외과,grp-a001-01-000000070727337
전주서신동성형외과,grp-a001-01-000000070727337
전주효자동성형외과,grp-a001-01-000000070727337
군산이마필러,grp-a001-01-000000070727337
나주성형외과,grp-a001-01-000000070727338
대구자궁근종,grp-a001-01-000000070727347
대구부인과,grp-a001-01-000000070727347
헬로스마일강남,grp-a001-01-000000070728160
잠실정신의학과,grp-a001-01-000000070728160
송파정신의학과,grp-a001-01-000000070728160
서울심리치료,grp-a001-01-000000070728160
강남심리치료,grp-a001-01-000000070728160
로고시스템,grp-a001-01-000000070728429
사출기중고,grp-a001-01-000000070728429
연마기중고,grp-a001-01-000000070728429
착즙기중고,grp-a001-01-000000070728429
혼합기중고,grp-a001-01-000000070728429
후기병원권리금자금,grp-a001-01-000000070728492
일상생활배상책임누수,grp-a001-01-000000070728656
재난배상책임,grp-a001-01-000000070728656
팽창형보형물삽입술,grp-a001-01-000000070731185
토마토시스템주가,grp-a001-01-000000070731414
외국인매수종목,grp-a001-01-000000070731414
시스템반도체관련주,grp-a001-01-000000070731414
해외선물수수료할인,grp-a001-01-000000070731414
빅데이터분석기사,grp-a001-01-000000070731554
빅데이터,grp-a001-01-000000070731554
데이터분석,grp-a001-01-000000070731554
데이터마이닝,grp-a001-01-000000070731554
데이터과학,grp-a001-01-000000070731554
빅데이터분석기사필기,grp-a001-01-000000070731554
데이터분석가,grp-a001-01-000000070731554
온라인엑셀,grp-a001-01-000000070731554
노이즈마케팅,grp-a001-01-000000070731554
빅데이터분석기사실기,grp-a001-01-000000070731554
데이터리터러시,grp-a001-01-000000070731554
나우시니어사료,grp-a001-01-000000070731554
빅데이터기사,grp-a001-01-000000070731554
나우시니어,grp-a001-01-000000070731554
데이터사이언스,grp-a001-01-000000070731554
데이터사이언티스트,grp-a001-01-000000070731554
네트워크마케팅,grp-a001-01-000000070731554
데이터분석부트캠프,grp-a001-01-000000070731554
빅데이터분석,grp-a001-01-000000070731554
데이터분석공부,grp-a001-01-000000070731554
데이터엔지니어,grp-a001-01-000000070731554
빅데이터란,grp-a001-01-000000070731554
데이터시각화,grp-a001-01-000000070731554
나우시니어캣,grp-a001-01-000000070731554
할인이벤트,grp-a001-01-000000070731554
엑셀데이터분석,grp-a001-01-000000070731554
온라인커머스,grp-a001-01-000000070731554
SQL전문가,grp-a001-01-000000070731554
파이썬데이터분석,grp-a001-01-000000070731554
콘텐츠마케팅전략,grp-a001-01-000000070731554
온라인판매방법,grp-a001-01-000000070731554
행사이벤트,grp-a001-01-000000070731554
리마케팅,grp-a001-01-000000070731554
데이터드리븐,grp-a001-01-000000070731554
데이터부트캠프,grp-a001-01-000000070731554
데이터분석교육,grp-a001-01-000000070731554
데이터과학자,grp-a001-01-000000070731554
나우그레인프리시니어,grp-a001-01-000000070731554
빅데이터분석가,grp-a001-01-000000070731554
빅데이터분석기사교재,grp-a001-01-000000070731554
그로스마케팅부트캠프,grp-a001-01-000000070731554
블록체인전문가,grp-a001-01-000000070731554
온라인마케터,grp-a001-01-000000070731554
데이터분석포트폴리오,grp-a001-01-000000070731554
영상플랫폼,grp-a001-01-000000070731554
디지털광고,grp-a001-01-000000070731554
인스타그램이벤트,grp-a001-01-000000070731554
빅데이터분석기사취업,grp-a001-01-000000070731554
데이터분석취업,grp-a001-01-000000070731554
로얄캐닌시니어캣,grp-a001-01-000000070731554
디지털캠페인,grp-a001-01-000000070731554
마케팅리서치,grp-a001-01-000000070731554
온라인영업,grp-a001-01-000000070731554
온라인광고종류,grp-a001-01-000000070731554
마케팅강사,grp-a001-01-000000070731554
데이터교육,grp-a001-01-000000070731554
데이터통계,grp-a001-01-000000070731554
데이터엔지니어부트캠프,grp-a001-01-000000070731554
경영빅데이터분석사,grp-a001-01-000000070731554
빅데이터AI,grp-a001-01-000000070731554
야구마케팅,grp-a001-01-000000070731554
빅데이터취업,grp-a001-01-000000070731554
마케팅실무,grp-a001-01-000000070731554
모바일플렉스,grp-a001-01-000000070731554
마케팅업체추천,grp-a001-01-000000070731554
온라인배너,grp-a001-01-000000070731554
데이터분석가부트캠프,grp-a001-01-000000070731554
무료빅데이터,grp-a001-01-000000070731554
빅데이터교육,grp-a001-01-000000070731554
R데이터분석,grp-a001-01-000000070731554
해시태그이벤트,grp-a001-01-000000070731554
네이버모바일광고,grp-a001-01-000000070731554
디지털마케팅학과,grp-a001-01-000000070731554
온라인캠페인,grp-a001-01-000000070731554
마케팅관리사,grp-a001-01-000000070731554
데이터분석기초,grp-a001-01-000000070731554
데이터분석과정,grp-a001-01-000000070731554
SA마케팅,grp-a001-01-000000070731554
온라인세미나,grp-a001-01-000000070731554
B2C마케팅,grp-a001-01-000000070731554
디지털홍보,grp-a001-01-000000070731554
사이버대학교마케팅,grp-a001-01-000000070731554
데이터분석국비,grp-a001-01-000000070731554
빅데이터부트캠프,grp-a001-01-000000070731554
데이터분석캠프,grp-a001-01-000000070731554
데이터사이언스부트캠프,grp-a001-01-000000070731554
내일배움마케팅,grp-a001-01-000000070731554
SQLD국비지원,grp-a001-01-000000070731554
데이터공부,grp-a001-01-000000070731554
빅데이터분석사,grp-a001-01-000000070731554
빅데이터시각화,grp-a001-01-000000070731554
빅데이터직업,grp-a001-01-000000070731554
CPA플랫폼,grp-a001-01-000000070731554
마케팅자문,grp-a001-01-000000070731554
영상외주플랫폼,grp-a001-01-000000070731554
모바일광고대행사,grp-a001-01-000000070731554
스튜디오마케팅,grp-a001-01-000000070731554
온라인광고제안서,grp-a001-01-000000070731554
온라인마케터채용,grp-a001-01-000000070731554
마케팅아웃소싱,grp-a001-01-000000070731554
검색어마케팅,grp-a001-01-000000070731554
브랜드홍보마케팅,grp-a001-01-000000070731554
유튜브채널마케팅,grp-a001-01-000000070731554
온라인프로모션,grp-a001-01-000000070731554
바이럴마케팅전문,grp-a001-01-000000070731554
블로그관리대행사,grp-a001-01-000000070731554
온라인교육업체,grp-a001-01-000000070731554
스마일콜센터,grp-a001-01-000000070731554
디지털마케팅공부,grp-a001-01-000000070731554
PYTHON데이터분석,grp-a001-01-000000070731554
고객데이터분석,grp-a001-01-000000070731554
데이터분석실무,grp-a001-01-000000070731554
마케팅내일배움카드,grp-a001-01-000000070731554
데이터분석가국비,grp-a001-01-000000070731554
데이터분석수업,grp-a001-01-000000070731554
국비지원SQL,grp-a001-01-000000070731554
퍼포먼스마케팅공부,grp-a001-01-000000070731554
퍼포먼스마케팅실무,grp-a001-01-000000070731554
데이터시각화교육,grp-a001-01-000000070731554
데이터사이언스교육,grp-a001-01-000000070731554
데이터분석가교육,grp-a001-01-000000070731554
데이터분석사례,grp-a001-01-000000070731554
직장인데이터분석,grp-a001-01-000000070731554
빅데이터분석교육,grp-a001-01-000000070731554
데이터마이닝교육,grp-a001-01-000000070731554
비전공자빅데이터,grp-a001-01-000000070731554
데이터엔지니어교육,grp-a001-01-000000070731554
빅데이터분석기사교육,grp-a001-01-000000070731554
내일배움카드빅데이터,grp-a001-01-000000070731554
퍼포먼스마케팅국비지원,grp-a001-01-000000070731554
국비데이터분석,grp-a001-01-000000070731554
데이터분석국비교육,grp-a001-01-000000070731554
데이터분석입문,grp-a001-01-000000070731554
건설마케팅,grp-a001-01-000000070731554
부동산블로그관리대행,grp-a001-01-000000070731554
빅데이터국비교육,grp-a001-01-000000070731554
빅데이터개발자,grp-a001-01-000000070731554
빅데이터교육센터,grp-a001-01-000000070731554
빅데이터교재,grp-a001-01-000000070731554
빅데이터무료교육,grp-a001-01-000000070731554
빅데이터국비,grp-a001-01-000000070731554
빅데이터분석부트캠프,grp-a001-01-000000070731554
데이터엔지니어국비지원,grp-a001-01-000000070731554
빅데이터분석기사국비,grp-a001-01-000000070731554
콘텐츠마케팅교육,grp-a001-01-000000070731554
기업홍보마케팅,grp-a001-01-000000070731554
그로스해킹마케팅,grp-a001-01-000000070731554
팩스마케팅,grp-a001-01-000000070731554
SSP플랫폼,grp-a001-01-000000070731554
앱설치마케팅,grp-a001-01-000000070731554
어플리케이션마케팅,grp-a001-01-000000070731554
앱다운로드마케팅,grp-a001-01-000000070731554
폐쇄몰마케팅,grp-a001-01-000000070731554
온라인행사,grp-a001-01-000000070731554
바이럴마케팅실행사,grp-a001-01-000000070731554
온라인DB,grp-a001-01-000000070731554
청소년상담사2급,grp-a001-01-000000070731618
청소년상담사1급,grp-a001-01-000000070731618
온라인교육,grp-a001-01-000000070731618
청소년심리상담사,grp-a001-01-000000070731618
온라인평생교육원,grp-a001-01-000000070731618
사이버대편입,grp-a001-01-000000070731618
서울디지털사이버대학교,grp-a001-01-000000070731618
장애아동의이해,grp-a001-01-000000070731618
디지털평생교육원,grp-a001-01-000000070731618
군심리상담사,grp-a001-01-000000070731618
진로진학상담사,grp-a001-01-000000070731618
디지털대학,grp-a001-01-000000070731618
군상담사,grp-a001-01-000000070731618
디지털대,grp-a001-01-000000070731618
디지털사이버대학,grp-a001-01-000000070731618
평생교육원온라인,grp-a001-01-000000070731618
서울사이버디지털대학교,grp-a001-01-000000070731618
디지털대학교순위,grp-a001-01-000000070731618
서울디지털사이버대학,grp-a001-01-000000070731618
사이버대편입학,grp-a001-01-000000070731618
온라인교육기관,grp-a001-01-000000070731618
평생교육원경영,grp-a001-01-000000070731618
온라인교양,grp-a001-01-000000070731618
의사신용등급찾기,grp-a001-01-000000070736821
무릎인공관절,grp-a001-01-000000070737249
어깨인공관절,grp-a001-01-000000070737249
어깨관절내시경,grp-a001-01-000000070737249
갑상선탈모,grp-a001-01-000000070737339
탈모전문의,grp-a001-01-000000070737339
여의도탈모피부과,grp-a001-01-000000070737339
원형탈모병원추천,grp-a001-01-000000070737339
탈모성형외과,grp-a001-01-000000070737339
강남스마일프로,grp-a001-01-000000070743001
스마일PRO,grp-a001-01-000000070743001
강남스마일,grp-a001-01-000000070743001
재활치료사,grp-a001-01-000000070744221
시니어운동,grp-a001-01-000000070744221
시니어PT,grp-a001-01-000000070744221
운동치료사,grp-a001-01-000000070744221
고관절수술후재활치료,grp-a001-01-000000070744221
인공관절재활,grp-a001-01-000000070744221
방문재활치료사,grp-a001-01-000000070744221
치료센터,grp-a001-01-000000070744221
허리디스크재활치료,grp-a001-01-000000070744221
어르신건강관리,grp-a001-01-000000070744221
송도신도시PT,grp-a001-01-000000070744221
가정방문물리치료,grp-a001-01-000000070744221
무릎인공관절재활연세방문재활운동센터,grp-a001-01-000000070744221
가산디지털단지역,grp-a001-01-000000070746550
가산디지털단지,grp-a001-01-000000070746550
광교신도시,grp-a001-01-000000070746550
가산디지털,grp-a001-01-000000070746550
건축자재백화점,grp-a001-01-000000070746550
검단신도시다이소,grp-a001-01-000000070746550
건물매각,grp-a001-01-000000070746550
검단신도시이주자택지,grp-a001-01-000000070746550
가산디지털단지역사무실,grp-a001-01-000000070746550
건물매도,grp-a001-01-000000070746550
가산디지털사무실,grp-a001-01-000000070746550
가산디지털지식산업센터,grp-a001-01-000000070746550
수도권토지,grp-a001-01-000000070746550
가산디지털단지소형사무실,grp-a001-01-000000070746550
짬뽕프렌차이즈,grp-a001-01-000000070747572
감정평가수수료,grp-a001-01-000000070755522
신청병원권리금자금,grp-a001-01-000000070755522
고양시MRI,grp-a001-01-000000070756002
근처병원권리금자금,grp-a001-01-000000070756002
파주시건강검진,grp-a001-01-000000070756025
은평구목디스크,grp-a001-01-000000070756025
흉터제거성형외과,grp-a001-01-000000070756042
켈로이드성형외과,grp-a001-01-000000070756042
강서조리원,grp-a001-01-000000070756071
마곡조리원,grp-a001-01-000000070756071
신도림조리원,grp-a001-01-000000070756071
서울N비뇨의학과,grp-a001-01-000000070756093
포경비용,grp-a001-01-000000070756093
서울N비뇨의학과노원,grp-a001-01-000000070756093
서울N비뇨의학과구리,grp-a001-01-000000070756093
포경수술병원추천,grp-a001-01-000000070756093
베이킹원데이클래스,grp-a001-01-000000070756246
케이크원데이클래스,grp-a001-01-000000070756246
부산베이킹원데이,grp-a001-01-000000070756246
서울베이킹원데이클래스,grp-a001-01-000000070756246
원데이베이킹클래스,grp-a001-01-000000070756246
쿠키원데이클래스,grp-a001-01-000000070756246
종로원데이클래스,grp-a001-01-000000070756246
마카롱원데이클래스,grp-a001-01-000000070756246
제빵원데이클래스,grp-a001-01-000000070756246
부산원데이클래스베이킹,grp-a001-01-000000070756246
부산베이킹원데이클래스,grp-a001-01-000000070756246
디저트원데이클래스,grp-a001-01-000000070756246
떡원데이클래스,grp-a001-01-000000070756246
제과원데이클래스,grp-a001-01-000000070756246
케이크원데이,grp-a001-01-000000070756246
원데이쿠킹,grp-a001-01-000000070756246
부산제빵원데이클래스,grp-a001-01-000000070756246
부산쿠키원데이클래스,grp-a001-01-000000070756246
종로베이킹원데이클래스,grp-a001-01-000000070756246
작업치료사모집,grp-a001-01-000000070756447
한의사사이트,grp-a001-01-000000070756447
한의사모집,grp-a001-01-000000070756447
한의원부원장,grp-a001-01-000000070756447
인천한의원알바,grp-a001-01-000000070756447
당직한의사,grp-a001-01-000000070756447
피임시술,grp-a001-01-000000070758316
요실금치료기,grp-a001-01-000000070758316
송도목디스크,grp-a001-01-000000070758917
향남허리디스크,grp-a001-01-000000070758917
구월동목디스크,grp-a001-01-000000070758917
한국형인공관절,grp-a001-01-000000070758917
마케팅관련책,grp-a001-01-000000070759302
디지털매거진,grp-a001-01-000000070759302
마케팅서적,grp-a001-01-000000070759302
온라인잡지,grp-a001-01-000000070759302
온라인매거진,grp-a001-01-000000070759302
마케팅전자책,grp-a001-01-000000070759302
경영지도사양성과정,grp-a001-01-000000070759333
영어온라인도서관,grp-a001-01-000000070759333
마케팅기초,grp-a001-01-000000070759333
온라인마케터교육,grp-a001-01-000000070759333
SNS마케팅1급,grp-a001-01-000000070759333
대구무릎인공관절,grp-a001-01-000000070759389
포항목디스크,grp-a001-01-000000070759401
포항허리디스크,grp-a001-01-000000070759401
포항디스크,grp-a001-01-000000070759401
계약갱신요구권,grp-a001-01-000000070759416
시설소유자배상책임,grp-a001-01-000000070759416
수원임대차변호사,grp-a001-01-000000070759416
명도컨설팅,grp-a001-01-000000070759416
분당다이어트한의원,grp-a001-01-000000070759434
위례교통사고,grp-a001-01-000000070759434
성남교통사고입원,grp-a001-01-000000070759434
김형배한의사,grp-a001-01-000000070759434
미금역교통사고,grp-a001-01-000000070759434
감일메디컬프라자,grp-a001-01-000000070759434
건강한의사김형배,grp-a001-01-000000070759434
치위생학과,grp-a001-01-000000070759444
이천교통사고입원,grp-a001-01-000000070759444
블라인드의사가입,grp-a001-01-000000070759456
이송시스템,grp-a001-01-000000070759456
육아휴직급여신청서,grp-a001-01-000000070759470
모바일급여명세서,grp-a001-01-000000070759470
복지급여계좌변경신청서,grp-a001-01-000000070759470
세액공제계산법,grp-a001-01-000000070759470
교통사고사실확인원,grp-a001-01-000000070759482
공무상재해,grp-a001-01-000000070759482
공무상재해보상,grp-a001-01-000000070759482
부당해고구제신청서,grp-a001-01-000000070759482
근태관리플랫폼,grp-a001-01-000000070759482
치아충전치료,grp-a001-01-000000070759521
치아브릿지비용,grp-a001-01-000000070759521
부산디지털풀아치,grp-a001-01-000000070759521
인플란트가격비교,grp-a001-01-000000070759521
감염관리간호사,grp-a001-01-000000070759539
DID시스템,grp-a001-01-000000070759539
순번대기시스템,grp-a001-01-000000070759539
월시스템,grp-a001-01-000000070759539
탈임상간호사,grp-a001-01-000000070759539
디지털명패,grp-a001-01-000000070759539
안산목디스크,grp-a001-01-000000070759539
ESG전문가,grp-a001-01-000000070759539
간호조무사온라인,grp-a001-01-000000070759539
시스템거실장,grp-a001-01-000000070759539
간호사재취업,grp-a001-01-000000070759539
원무행정전문가,grp-a001-01-000000070759539
병리과전문의,grp-a001-01-000000070759539
호출시스템,grp-a001-01-000000070759539
중독심리상담사,grp-a001-01-000000070759539
부동산토지전문가,grp-a001-01-000000070759539
기업생산관리자,grp-a001-01-000000070759539
대전동해인력,grp-a001-01-000000070759539
요양심사간호사,grp-a001-01-000000070759539
병원대기모니터,grp-a001-01-000000070759539
쿠폰시스템,grp-a001-01-000000070759539
AI데이터구축,grp-a001-01-000000070759539
건설자재영업,grp-a001-01-000000070759539
콜센터전문상담사,grp-a001-01-000000070759539
환경교육전문가,grp-a001-01-000000070759539
항공서비스전문가,grp-a001-01-000000070759539
캣타워브릿지,grp-a001-01-000000070759552
병원권리금자금순위,grp-a001-01-000000070760522
잘하는곳약국일반의약품자금,grp-a001-01-000000070760522
교통사고사망,grp-a001-01-000000070760524
교통사고합의,grp-a001-01-000000070760524
교통사고처리,grp-a001-01-000000070760524
병원권리금자금상담,grp-a001-01-000000070760545
이벤트포스터,grp-a001-01-000000070760559
디지털포스터,grp-a001-01-000000070760559
세미나포스터,grp-a001-01-000000070760559
여의도다이어트한의원,grp-a001-01-000000070760559
디지털카탈로그,grp-a001-01-000000070760559
이벤트전단지,grp-a001-01-000000070760559
전단지마케팅,grp-a001-01-000000070760559
온라인디자인,grp-a001-01-000000070760559
모바일전단지,grp-a001-01-000000070760559
온라인브로셔,grp-a001-01-000000070760559
이벤트라벨,grp-a001-01-000000070760559
온라인카달로그,grp-a001-01-000000070760559
온라인카탈로그,grp-a001-01-000000070760559
온라인포스터,grp-a001-01-000000070760559
피부과리플렛,grp-a001-01-000000070760559
모바일팜플렛,grp-a001-01-000000070760559
전문대입시,grp-a001-01-000000070760580
대학자소서,grp-a001-01-000000070760580
입시전문가,grp-a001-01-000000070760580
대학자기소개서,grp-a001-01-000000070760580
온라인모의고사,grp-a001-01-000000070760580
미국명문대학교,grp-a001-01-000000070760580
온라인설명회,grp-a001-01-000000070760580
진학상담사,grp-a001-01-000000070760580
갑상선기능저하증음식,grp-a001-01-000000070760583
갑상선기능저하증다이어트,grp-a001-01-000000070760583
갑상선저하증다이어트,grp-a001-01-000000070760583
갑상선종,grp-a001-01-000000070760583
갑상선요오드,grp-a001-01-000000070760583
시니어종합비타민,grp-a001-01-000000070760583
갑상선암카페,grp-a001-01-000000070760583
시니어비타민,grp-a001-01-000000070760583
시니어건강식품,grp-a001-01-000000070760583
갑상선기능저하증치료방법,grp-a001-01-000000070760583
검단교통사고입원,grp-a001-01-000000070760583
이명전문의,grp-a001-01-000000070760583
운정효요양병원,grp-a001-01-000000070760583
시니어건강기능식품,grp-a001-01-000000070760583
롯데헬스케어필팟,grp-a001-01-000000070760583
홍대피부과여드름,grp-a001-01-000000070760588
신촌여드름피부과,grp-a001-01-000000070760588
신촌여드름한의원,grp-a001-01-000000070760588
홍대피부한의원,grp-a001-01-000000070760588
삼송교통사고,grp-a001-01-000000070760588
온라인전당포,grp-a001-01-000000070760652
아기의사가운,grp-a001-01-000000070760654
후기의료기관금리비교,grp-a001-01-000000070760658
수목치료기술자,grp-a001-01-000000070760661
강남허리디스크,grp-a001-01-000000070760661
인지행동심리상담사1급,grp-a001-01-000000070760661
노인미술심리상담사,grp-a001-01-000000070760661
노인미술치료사,grp-a001-01-000000070760661
노인심리상담사2급,grp-a001-01-000000070760661
환경관리전문가1급,grp-a001-01-000000070760661
인지학습상담전문가,grp-a001-01-000000070760661
웃음치료사1급,grp-a001-01-000000070760661
노인치료사,grp-a001-01-000000070760661
분당위내시경,grp-a001-01-000000070761424
서울탈장수술,grp-a001-01-000000070761424
대구심장전문의,grp-a001-01-000000070761424
광명건강검진병원,grp-a001-01-000000070761424
서초대장내시경,grp-a001-01-000000070761424
용산대장내시경,grp-a001-01-000000070761424
서초구대장내시경,grp-a001-01-000000070761424
건강검진경기지부,grp-a001-01-000000070761424
의정부시건강검진,grp-a001-01-000000070761424
평택시건강검진,grp-a001-01-000000070761424
부산스마일프로,grp-a001-01-000000070761475
대전스마일프로,grp-a001-01-000000070761477
부산스마일,grp-a001-01-000000070761477
대구스마일,grp-a001-01-000000070761477
시설물관리시스템,grp-a001-01-000000070761661
설비모니터링시스템,grp-a001-01-000000070761661
교통사고합의서,grp-a001-01-000000070761733
모바일전자고지,grp-a001-01-000000070761733
전자문서시스템,grp-a001-01-000000070761733
전자계약플랫폼,grp-a001-01-000000070761733
전자서명플랫폼,grp-a001-01-000000070761733
계약관리시스템,grp-a001-01-000000070761733
모바일전자서명,grp-a001-01-000000070761733
온라인전자서명,grp-a001-01-000000070761733
전자서명시스템,grp-a001-01-000000070761733
모바일전자문서,grp-a001-01-000000070761733
전자계약서시스템,grp-a001-01-000000070761733
온라인전자계약,grp-a001-01-000000070761733
모바일전자계약서,grp-a001-01-000000070761733
비대면전자계약,grp-a001-01-000000070761733
전자인장시스템,grp-a001-01-000000070761733
전자인감시스템,grp-a001-01-000000070761733
비대면전자계약서,grp-a001-01-000000070761733
온라인동의서,grp-a001-01-000000070761733
계약서관리시스템,grp-a001-01-000000070761733
의약품플랫폼,grp-a001-01-000000070761733
온라인신청서,grp-a001-01-000000070761733
모바일전자결재,grp-a001-01-000000070761733
전자문서관리시스템,grp-a001-01-000000070761733
한양대편입요강,grp-a001-01-000000070763243
연세대편입,grp-a001-01-000000070763243
부산대편입,grp-a001-01-000000070763243
연세대편입요강,grp-a001-01-000000070763243
한양대편입,grp-a001-01-000000070763243
성균관대편입,grp-a001-01-000000070763243
인천대편입,grp-a001-01-000000070763243
건국대편입,grp-a001-01-000000070763243
서울대편입,grp-a001-01-000000070763243
서울시립대편입,grp-a001-01-000000070763243
인하대편입,grp-a001-01-000000070763243
동국대편입,grp-a001-01-000000070763243
방사선학과편입,grp-a001-01-000000070763243
서울과기대편입,grp-a001-01-000000070763243
인천대편입요강,grp-a001-01-000000070763243
경기대편입,grp-a001-01-000000070763243
단국대편입요강,grp-a001-01-000000070763243
연세대편입논술,grp-a001-01-000000070763243
수의학과편입,grp-a001-01-000000070763243
약대학사편입,grp-a001-01-000000070763243
시립대편입,grp-a001-01-000000070763243
성균관대편입경쟁률,grp-a001-01-000000070763243
의대학사편입,grp-a001-01-000000070763243
간호사편입,grp-a001-01-000000070763243
한의대학사편입,grp-a001-01-000000070763243
전문대4년제편입,grp-a001-01-000000070763243
수의대학사편입,grp-a001-01-000000070763243
인천대편입면접,grp-a001-01-000000070763243
한양대편입영어,grp-a001-01-000000070763243
건국대미대편입,grp-a001-01-000000070763243
단국대편입영어,grp-a001-01-000000070763243
부산미대편입,grp-a001-01-000000070763243
한양대편입커트라인,grp-a001-01-000000070763243
인하대편입시험,grp-a001-01-000000070763243
서울과기대편입수학,grp-a001-01-000000070763243
부산대미대편입,grp-a001-01-000000070763243
온라인편입,grp-a001-01-000000070763243
성균관대편입면접,grp-a001-01-000000070763243
서울대편입경쟁률,grp-a001-01-000000070763243
수도권대학편입,grp-a001-01-000000070763243
전문대졸업편입,grp-a001-01-000000070763243
한의대일반편입,grp-a001-01-000000070763243
인하대편입영어,grp-a001-01-000000070763243
학사편입컨설팅,grp-a001-01-000000070763243
물리치료학과편입면접,grp-a001-01-000000070763243
세명대한의학과편입,grp-a001-01-000000070763243
연세대편입자소서,grp-a001-01-000000070763243
편입온라인,grp-a001-01-000000070763243
대전갑상선,grp-a001-01-000000070763909
대전검진센터,grp-a001-01-000000070763909
대전뇌MRI,grp-a001-01-000000070763909
대전수면내시경,grp-a001-01-000000070763909
대전대장내시경잘하는곳,grp-a001-01-000000070763909
대전종합검진센터,grp-a001-01-000000070763909
대전동구보건증,grp-a001-01-000000070763909
대전직장건강검진,grp-a001-01-000000070763909
대전일반건강검진,grp-a001-01-000000070763909
대전주말건강검진,grp-a001-01-000000070763909
성과관리시스템,grp-a001-01-000000070764259
개인종소세신고,grp-a001-01-000000070764259
배출권거래제컨설팅,grp-a001-01-000000070764259
천안의사신용등급,grp-a001-01-000000070766853
P2P플랫폼,grp-a001-01-000000070767108
서울원데이클래스,grp-a001-01-000000070767692
수원데이트,grp-a001-01-000000070767692
대전원데이클래스,grp-a001-01-000000070767692
원데이쿠킹클래스,grp-a001-01-000000070767692
광주원데이클래스,grp-a001-01-000000070767692
홍대원데이클래스,grp-a001-01-000000070767692
수원원데이클래스,grp-a001-01-000000070767692
수원데이트코스,grp-a001-01-000000070767692
창원원데이클래스,grp-a001-01-000000070767692
성수원데이클래스,grp-a001-01-000000070767692
잠실원데이클래스,grp-a001-01-000000070767692
요리원데이클래스,grp-a001-01-000000070767692
강남원데이클래스,grp-a001-01-000000070767692
원데이클래스어플,grp-a001-01-000000070767692
댄스원데이클래스,grp-a001-01-000000070767692
대구원데이,grp-a001-01-000000070767692
행궁동원데이클래스,grp-a001-01-000000070767692
세종원데이클래스,grp-a001-01-000000070767692
용산원데이클래스,grp-a001-01-000000070767692
일산원데이클래스,grp-a001-01-000000070767692
온라인클래스,grp-a001-01-000000070767692
군산원데이클래스,grp-a001-01-000000070767692
미술원데이클래스,grp-a001-01-000000070767692
요가원데이클래스,grp-a001-01-000000070767692
용인원데이클래스,grp-a001-01-000000070767692
온라인PT,grp-a001-01-000000070767692
원데이클래스서울,grp-a001-01-000000070767692
커플원데이클래스,grp-a001-01-000000070767692
마곡원데이클래스,grp-a001-01-000000070767692
쿠킹원데이클래스,grp-a001-01-000000070767692
노원원데이클래스,grp-a001-01-000000070767692
구독플랫폼,grp-a001-01-000000070767692
원데이클래스추천,grp-a001-01-000000070767692
안동원데이클래스,grp-a001-01-000000070767692
제과제빵원데이클래스,grp-a001-01-000000070767692
남양주원데이클래스,grp-a001-01-000000070767692
강남역원데이클래스,grp-a001-01-000000070767692
거제원데이클래스,grp-a001-01-000000070767692
건대원데이클래스,grp-a001-01-000000070767692
영등포원데이클래스,grp-a001-01-000000070767692
하남원데이클래스,grp-a001-01-000000070767692
판교원데이클래스,grp-a001-01-000000070767692
원데이클래스종류,grp-a001-01-000000070767692
광교원데이클래스,grp-a001-01-000000070767692
합정원데이클래스,grp-a001-01-000000070767692
한식원데이클래스,grp-a001-01-000000070767692
세종시원데이클래스,grp-a001-01-000000070767692
송파원데이클래스,grp-a001-01-000000070767692
아산원데이클래스,grp-a001-01-000000070767692
마산원데이클래스,grp-a001-01-000000070767692
문래원데이클래스,grp-a001-01-000000070767692
부산원데이,grp-a001-01-000000070767692
여의도원데이클래스,grp-a001-01-000000070767692
원데이클래스사이트,grp-a001-01-000000070767692
HR세미나,grp-a001-01-000000070767692
수원역원데이클래스,grp-a001-01-000000070767692
강남베이킹원데이,grp-a001-01-000000070767692
연남원데이클래스,grp-a001-01-000000070767692
오산원데이클래스,grp-a001-01-000000070767692
이태원원데이클래스,grp-a001-01-000000070767692
홍대베이킹원데이클래스,grp-a001-01-000000070767692
광화문원데이클래스,grp-a001-01-000000070767692
사당원데이클래스,grp-a001-01-000000070767692
핸드드립원데이클래스,grp-a001-01-000000070767692
관악구원데이클래스,grp-a001-01-000000070767692
목동원데이클래스,grp-a001-01-000000070767692
신촌원데이클래스,grp-a001-01-000000070767692
단체원데이클래스,grp-a001-01-000000070767692
광주원데이,grp-a001-01-000000070767692
구미원데이,grp-a001-01-000000070767692
양평원데이클래스,grp-a001-01-000000070767692
수원이벤트,grp-a001-01-000000070767692
시니어취미생활,grp-a001-01-000000070767692
강사플랫폼,grp-a001-01-000000070767692
가평원데이클래스,grp-a001-01-000000070767692
고양시원데이클래스,grp-a001-01-000000070767692
여주원데이클래스,grp-a001-01-000000070767692
케익원데이클래스,grp-a001-01-000000070767692
원데이클래스미술,grp-a001-01-000000070767692
원데이클래스출강,grp-a001-01-000000070767692
초콜릿원데이클래스,grp-a001-01-000000070767692
분당베이킹원데이클래스,grp-a001-01-000000070767692
요리원데이,grp-a001-01-000000070767692
과천원데이클래스,grp-a001-01-000000070767692
광진구원데이클래스,grp-a001-01-000000070767692
구로원데이클래스,grp-a001-01-000000070767692
서초원데이클래스,grp-a001-01-000000070767692
송파구원데이클래스,grp-a001-01-000000070767692
압구정원데이클래스,grp-a001-01-000000070767692
은평구원데이클래스,grp-a001-01-000000070767692
평촌원데이클래스,grp-a001-01-000000070767692
강남베이킹원데이클래스,grp-a001-01-000000070767692
원데이레슨,grp-a001-01-000000070767692
출장원데이클래스,grp-a001-01-000000070767692
온라인운동,grp-a001-01-000000070767692
강동원데이클래스,grp-a001-01-000000070767692
강서원데이클래스,grp-a001-01-000000070767692
계양구원데이클래스,grp-a001-01-000000070767692
마포구원데이클래스,grp-a001-01-000000070767692
삼성역원데이클래스,grp-a001-01-000000070767692
신도림원데이클래스,grp-a001-01-000000070767692
중랑구원데이클래스,grp-a001-01-000000070767692
천호원데이클래스,grp-a001-01-000000070767692
춘천원데이,grp-a001-01-000000070767692
강북구원데이클래스,grp-a001-01-000000070767692
공릉원데이클래스,grp-a001-01-000000070767692
당산원데이클래스,grp-a001-01-000000070767692
사당역원데이클래스,grp-a001-01-000000070767692
강남케이크원데이클래스,grp-a001-01-000000070767692
워크샵플랫폼,grp-a001-01-000000070767692
직장인원데이클래스,grp-a001-01-000000070767692
취미플랫폼,grp-a001-01-000000070767692
강남역원데이,grp-a001-01-000000070767692
건대입구원데이클래스,grp-a001-01-000000070767692
도봉구원데이클래스,grp-a001-01-000000070767692
저렴한원데이클래스,grp-a001-01-000000070767692
해운대원데이,grp-a001-01-000000070767692
워크숍플랫폼,grp-a001-01-000000070767692
레슨플랫폼,grp-a001-01-000000070767692
부평원데이,grp-a001-01-000000070767692
서울중구원데이클래스,grp-a001-01-000000070767692
역삼원데이클래스,grp-a001-01-000000070767692
합정역원데이클래스,grp-a001-01-000000070767692
강남역베이킹원데이클래스,grp-a001-01-000000070767692
온라인취미,grp-a001-01-000000070767692
취미공유플랫폼,grp-a001-01-000000070767692
가정의달행사,grp-a001-01-000000070767692
자기계발플랫폼,grp-a001-01-000000070767692
부산원데이클래스,grp-a001-01-000000070767729
도자기원데이클래스,grp-a001-01-000000070767729
인천원데이클래스,grp-a001-01-000000070767729
키즈원데이클래스,grp-a001-01-000000070767729
서울원데이쿠킹클래스,grp-a001-01-000000070767729
글라스아트원데이,grp-a001-01-000000070767729
시니어강좌,grp-a001-01-000000070767729
당뇨발기부전,grp-a001-01-000000070767729
그림원데이클래스,grp-a001-01-000000070767729
꽃꽂이원데이클래스,grp-a001-01-000000070767729
서울도자기원데이클래스,grp-a001-01-000000070767729
원데이클래스베이킹,grp-a001-01-000000070767729
터프팅원데이클래스,grp-a001-01-000000070767729
유화원데이클래스,grp-a001-01-000000070767729
성수동원데이클래스,grp-a001-01-000000070767729
칵테일원데이클래스,grp-a001-01-000000070767729
대구도자기원데이클래스,grp-a001-01-000000070767729
발기부전제처방,grp-a001-01-000000070767729
캔들원데이클래스,grp-a001-01-000000070767729
터프팅원데이,grp-a001-01-000000070767729
조향원데이클래스,grp-a001-01-000000070767729
외국인체험,grp-a001-01-000000070767729
발기부전에좋은운동,grp-a001-01-000000070767729
석고방향제원데이,grp-a001-01-000000070767729
온라인베이킹클래스,grp-a001-01-000000070767729
베이킹온라인클래스,grp-a001-01-000000070767729
발기부전극복,grp-a001-01-000000070767729
원데이클래스강사,grp-a001-01-000000070767729
퍼스널컬러이벤트,grp-a001-01-000000070767729
강남도자기원데이클래스,grp-a001-01-000000070767729
디퓨저원데이,grp-a001-01-000000070767729
캔들원데이,grp-a001-01-000000070767729
도자기제조,grp-a001-01-000000070767729
재능마켓플랫폼,grp-a001-01-000000070767729
부산국비지원제과제빵,grp-a001-01-000000070767729
발기부전기구,grp-a001-01-000000070767729
강남단체원데이클래스,grp-a001-01-000000070767729
수원단체원데이클래스,grp-a001-01-000000070767729
부산단체원데이클래스,grp-a001-01-000000070767729
서울원데이클래스출강,grp-a001-01-000000070767729
원데이케이크클래스,grp-a001-01-000000070767729
사내원데이클래스,grp-a001-01-000000070767729
힙팟원데이클래스,grp-a001-01-000000070767729
레진공예원데이,grp-a001-01-000000070767729
원데이워크숍,grp-a001-01-000000070767729
세미나강사,grp-a001-01-000000070767729
원데이클래스신청,grp-a001-01-000000070767729
발기부전제추천,grp-a001-01-000000070767729
체질개선한의원추천,grp-a001-01-000000070767785
목디스크팔저림,grp-a001-01-000000070767822
갑상선암음식,grp-a001-01-000000070767822
갑상선식단,grp-a001-01-000000070767822
암환자모임,grp-a001-01-000000070767822
암환자휴양지,grp-a001-01-000000070767822
국밥프렌차이즈,grp-a001-01-000000070767952
프렌차이즈본사,grp-a001-01-000000070767952
고깃집프렌차이즈,grp-a001-01-000000070767952
핫한프렌차이즈,grp-a001-01-000000070767952
소고기프렌차이즈,grp-a001-01-000000070767952
요식업프렌차이즈,grp-a001-01-000000070767952
프렌차이즈카페,grp-a001-01-000000070767985
프렌차이즈,grp-a001-01-000000070767985
유명프렌차이즈,grp-a001-01-000000070767985
외식프렌차이즈,grp-a001-01-000000070767985
뜨는프렌차이즈,grp-a001-01-000000070767985
음식프렌차이즈,grp-a001-01-000000070767985
저가커피프렌차이즈,grp-a001-01-000000070767985
프렌차이즈커피,grp-a001-01-000000070767985
프렌차이즈화,grp-a001-01-000000070767985
떡볶이프렌차이즈,grp-a001-01-000000070767985
사업관리시스템,grp-a001-01-000000070768057
카드사별수수료,grp-a001-01-000000070768057
영수증관리대장,grp-a001-01-000000070768057
광화문산부인과,grp-a001-01-000000070768165
종로산부인과,grp-a001-01-000000070768165
종각역산부인과,grp-a001-01-000000070768165
종각산부인과,grp-a001-01-000000070768165
신당역산부인과,grp-a001-01-000000070768165
길음산부인과,grp-a001-01-000000070768165
종로3가산부인과,grp-a001-01-000000070768165
종로구산부인과,grp-a001-01-000000070768165
종로여의사산부인과,grp-a001-01-000000070768165
시니어직업교육,grp-a001-01-000000070768165
을지로3가산부인과,grp-a001-01-000000070768165
종로리즈산부인과,grp-a001-01-000000070768165
토지전문가,grp-a001-01-000000070768165
국비지원부동산,grp-a001-01-000000070768165
강진심플란트,grp-a001-01-000000070768208
캐스퍼일렉트릭이벤트,grp-a001-01-000000070768220
일본어온라인,grp-a001-01-000000070777835
향남대장내시경,grp-a001-01-000000070779322
병점위내시경,grp-a001-01-000000070779322
화성대장내시경,grp-a001-01-000000070779322
안성MRI,grp-a001-01-000000070779322
광주허리디스크,grp-a001-01-000000070779351
안양MRI,grp-a001-01-000000070779351
광주허리치료,grp-a001-01-000000070779351
목동교통사고,grp-a001-01-000000070779746
인천대장내시경,grp-a001-01-000000070779825
부평대장내시경,grp-a001-01-000000070779825
탈장수술잘하는병원,grp-a001-01-000000070779825
설사약없는대장내시경,grp-a001-01-000000070779825
수원탈장수술,grp-a001-01-000000070779825
방통대편입,grp-a001-01-000000070779855
중앙대편입,grp-a001-01-000000070779855
경북대편입,grp-a001-01-000000070779855
충남대편입,grp-a001-01-000000070779855
이화여대편입,grp-a001-01-000000070779855
미대편입,grp-a001-01-000000070779855
고려대편입,grp-a001-01-000000070779855
고려대편입요강,grp-a001-01-000000070779855
가천대편입,grp-a001-01-000000070779855
경북대편입요강,grp-a001-01-000000070779855
부경대편입,grp-a001-01-000000070779855
한국외대편입,grp-a001-01-000000070779855
서강대편입,grp-a001-01-000000070779855
충북대편입,grp-a001-01-000000070779855
세종대편입,grp-a001-01-000000070779855
연고대편입,grp-a001-01-000000070779855
아주대편입,grp-a001-01-000000070779855
숭실대편입,grp-a001-01-000000070779855
숙명여대편입,grp-a001-01-000000070779855
연대편입,grp-a001-01-000000070779855
동덕여대편입,grp-a001-01-000000070779855
항공대편입,grp-a001-01-000000070779855
이대편입,grp-a001-01-000000070779855
건대편입,grp-a001-01-000000070779855
홍대편입,grp-a001-01-000000070779855
고대편입,grp-a001-01-000000070779855
공대편입,grp-a001-01-000000070779855
고려대편입논술,grp-a001-01-000000070779855
연고대편입논술,grp-a001-01-000000070779855
성대편입,grp-a001-01-000000070779855
홍대미대편입,grp-a001-01-000000070779855
가천대편입영어,grp-a001-01-000000070779855
외대편입,grp-a001-01-000000070779855
연대편입논술,grp-a001-01-000000070779855
이화여대편입영어,grp-a001-01-000000070779855
중앙대편입영어,grp-a001-01-000000070779855
미대편입실기,grp-a001-01-000000070779855
영남대편입영어,grp-a001-01-000000070779855
충남대편입면접,grp-a001-01-000000070779855
부경대편입면접,grp-a001-01-000000070779855
약학대편입,grp-a001-01-000000070779855
미대편입포트폴리오,grp-a001-01-000000070779855
인천대편입학,grp-a001-01-000000070779855
충북대편입면접,grp-a001-01-000000070779855
아주대편입영어,grp-a001-01-000000070779855
중앙대편입생물,grp-a001-01-000000070779855
길선생미대편입,grp-a001-01-000000070779855
미대편입요강,grp-a001-01-000000070779855
컴퓨터사생활보호필름,grp-a001-01-000000070779904
스마일시트지,grp-a001-01-000000070779904
동백성형외과,grp-a001-01-000000070779953
용인피부과잘하는곳,grp-a001-01-000000070779953
진주다이어트한의원,grp-a001-01-000000070779976
동탄하나피부과,grp-a001-01-000000070779976
인공관절재수술,grp-a001-01-000000070780058
인공관절전치환술,grp-a001-01-000000070780058
보증금반환확인서양식,grp-a001-01-000000070780058
인공관절로봇,grp-a001-01-000000070780058
인공관절가격,grp-a001-01-000000070780058
서울인공관절,grp-a001-01-000000070780058
창원인공관절,grp-a001-01-000000070780058
여의도교통사고병원,grp-a001-01-000000070780248
근처의사마이너스론,grp-a001-01-000000070783319
의사마이너스론울산,grp-a001-01-000000070784104
MRI판독,grp-a001-01-000000070784415
3TMRI,grp-a001-01-000000070784415
안산갑상선,grp-a001-01-000000070784415
MRI영상판독,grp-a001-01-000000070784415
마포MRI,grp-a001-01-000000070784415
중고미니굴삭기매매,grp-a001-01-000000070784881
중장비임대료,grp-a001-01-000000070784881
메디칼잡,grp-a001-01-000000070786557
일반의취업,grp-a001-01-000000070786557
전문의채용,grp-a001-01-000000070786557
전문의초빙,grp-a001-01-000000070786557
노령연금수급자격,grp-a001-01-000000070789221
국민연금신청서류,grp-a001-01-000000070789221
연말정산환급금계산기,grp-a001-01-000000070789221
모델링컴퓨터,grp-a001-01-000000070789524
검단신도시,grp-a001-01-000000070789585
창릉신도시,grp-a001-01-000000070789585
왕숙신도시,grp-a001-01-000000070789585
교산신도시,grp-a001-01-000000070789585
배곧신도시,grp-a001-01-000000070789585
운정신도시,grp-a001-01-000000070789585
계양신도시,grp-a001-01-000000070789585
동탄신도시,grp-a001-01-000000070789585
양주신도시,grp-a001-01-000000070789585
양산신도시,grp-a001-01-000000070789585
반값수수료,grp-a001-01-000000070789585
병원권리금자금대구,grp-a001-01-000000070790066
의료기관금리비교경기,grp-a001-01-000000070790066
추천병원권리금자금,grp-a001-01-000000070790075
광주약국일반의약품자금,grp-a001-01-000000070790075
정리전문가비용,grp-a001-01-000000070790084
정리전문가,grp-a001-01-000000070790085
정리정돈전문가,grp-a001-01-000000070790085
타로심리상담사,grp-a001-01-000000070790085
개인정보보호사,grp-a001-01-000000070790085
생활안전지도사,grp-a001-01-000000070790085
아동미술심리상담사,grp-a001-01-000000070790085
학교폭력예방상담사,grp-a001-01-000000070790085
독서심리상담사,grp-a001-01-000000070790085
사무실집기처분,grp-a001-01-000000070790085
사진원데이클래스,grp-a001-01-000000070790085
부부상담사,grp-a001-01-000000070790085
시스템장철거,grp-a001-01-000000070790085
문학심리상담사,grp-a001-01-000000070790085
진로적성상담사,grp-a001-01-000000070790085
아동미술치료사,grp-a001-01-000000070790085
가족심리상담사,grp-a001-01-000000070790085
학습코칭전문가,grp-a001-01-000000070790085
결혼상담사,grp-a001-01-000000070790085
타로상담전문가,grp-a001-01-000000070790085
가족심리상담사1급,grp-a001-01-000000070790085
공간정리전문가,grp-a001-01-000000070790085
축제기획전문가,grp-a001-01-000000070790085
집정리전문가,grp-a001-01-000000070790085
아동미술심리상담사1급,grp-a001-01-000000070790085
아동미술심리치료사,grp-a001-01-000000070790085
주변환경정리전문가,grp-a001-01-000000070790085
업테리어,grp-a001-01-000000070790085
옷정리전문가,grp-a001-01-000000070790085
대전폐업정리,grp-a001-01-000000070790085
가족상담사2급,grp-a001-01-000000070790085
아동발달상담사,grp-a001-01-000000070790085
아동미술상담사,grp-a001-01-000000070790085
강동구갑상선,grp-a001-01-000000070790088
허리디스크재활센터,grp-a001-01-000000070790095
스마일재활,grp-a001-01-000000070790095
남양주노인병원,grp-a001-01-000000070790095
덕소한의원,grp-a001-01-000000070790099
화도읍한의원,grp-a001-01-000000070790099
기업데이터베이스,grp-a001-01-000000070790146
주소데이터,grp-a001-01-000000070790146
애즈마케팅,grp-a001-01-000000070790147
검색마케팅,grp-a001-01-000000070790147
네이버마케팅업체,grp-a001-01-000000070790147
네이버플레이스컨설팅,grp-a001-01-000000070790147
디스코드마케팅,grp-a001-01-000000070790147
온라인책,grp-a001-01-000000070790285
모바일책,grp-a001-01-000000070790285
디지털교과서,grp-a001-01-000000070790288
디지털도서관,grp-a001-01-000000070790288
온라인도서관,grp-a001-01-000000070790288
웹소설플랫폼,grp-a001-01-000000070790288
디지털북,grp-a001-01-000000070790288
문화누리카드온라인서점,grp-a001-01-000000070790288
온라인도서,grp-a001-01-000000070790288
디지털책,grp-a001-01-000000070790288
온라인서점순위,grp-a001-01-000000070790288
온라인책읽기,grp-a001-01-000000070790288
온라인북,grp-a001-01-000000070790288
모바일도서관,grp-a001-01-000000070790288
온라인독서,grp-a001-01-000000070790288
온라인책보기,grp-a001-01-000000070790288
디지털파일판매,grp-a001-01-000000070790288
모바일책읽기,grp-a001-01-000000070790288
무료온라인도서관,grp-a001-01-000000070790288
디지털파일,grp-a001-01-000000070790288
모바일북,grp-a001-01-000000070790288
모바일도서,grp-a001-01-000000070790288
온라인서적,grp-a001-01-000000070790288
이북플랫폼,grp-a001-01-000000070790288
소설플랫폼,grp-a001-01-000000070790288
모바일독서,grp-a001-01-000000070790288
모바일리플렛,grp-a001-01-000000070790288
온라인책방,grp-a001-01-000000070790288
도서플랫폼,grp-a001-01-000000070790288
온라인책사이트,grp-a001-01-000000070790288
모바일전자책,grp-a001-01-000000070790288
E북플랫폼,grp-a001-01-000000070790288
모바일서점,grp-a001-01-000000070790288
책플랫폼,grp-a001-01-000000070790288
온라인도록,grp-a001-01-000000070790288
오디오북플랫폼,grp-a001-01-000000070790288
온라인이북,grp-a001-01-000000070790288
EBOOK플랫폼,grp-a001-01-000000070790288
모바일매거진,grp-a001-01-000000070790288
모바일전단,grp-a001-01-000000070790288
온라인책자,grp-a001-01-000000070790288
온라인포스터제작,grp-a001-01-000000070790288
디지털북만들기,grp-a001-01-000000070790288
모바일카탈로그,grp-a001-01-000000070790288
디지털브로셔,grp-a001-01-000000070790288
디지털교과서만들기,grp-a001-01-000000070790288
온라인리플렛,grp-a001-01-000000070790288
전주상담센터,grp-a001-01-000000070790294
전주청소년상담센터,grp-a001-01-000000070790294
전주가정상담센터,grp-a001-01-000000070790294
익산심리상담센터,grp-a001-01-000000070790294
익산상담센터,grp-a001-01-000000070790294
불면증치료기,grp-a001-01-000000070790294
전주심리치료,grp-a001-01-000000070790294
강남약국일반의약품자금,grp-a001-01-000000070790294
전주하람심리상담센터,grp-a001-01-000000070790294
전주혁신도시,grp-a001-01-000000070790296
전주혁신도시필라테스,grp-a001-01-000000070790296
전주허리디스크,grp-a001-01-000000070790296
줌온라인교육,grp-a001-01-000000070790296
온라인무료강좌,grp-a001-01-000000070790296
시니어교육,grp-a001-01-000000070790298
시니어색칠공부,grp-a001-01-000000070790298
가담비시니어케어,grp-a001-01-000000070790298
시니어취업,grp-a001-01-000000070790298
시니어학습지,grp-a001-01-000000070790298
시니어미술,grp-a001-01-000000070790298
시니어돌봄,grp-a001-01-000000070790298
시니어교구,grp-a001-01-000000070790298
시니어용품,grp-a001-01-000000070790298
시니어비즈니스,grp-a001-01-000000070790298
세이브시니어재단,grp-a001-01-000000070790298
시니어사이트,grp-a001-01-000000070790298
시니어포털,grp-a001-01-000000070790298
애견신용카드,grp-a001-01-000000070790303
반려견신용카드,grp-a001-01-000000070790303
광명암치료,grp-a001-01-000000070790305
잘하는의사마이너스론,grp-a001-01-000000070790427
수면내시경보호자,grp-a001-01-000000070790429
가정간호사,grp-a001-01-000000070790429
시니어하우스,grp-a001-01-000000070790429
출장간호사,grp-a001-01-000000070790429
시니어정보,grp-a001-01-000000070790429
시니어지원,grp-a001-01-000000070790429
시니어서비스,grp-a001-01-000000070790429
간병매칭플랫폼,grp-a001-01-000000070790429
센트럴시니어스,grp-a001-01-000000070790429
시니어상품,grp-a001-01-000000070790429
데이터솔루션,grp-a001-01-000000070790467
HRM전문가,grp-a001-01-000000070790467
공공데이터,grp-a001-01-000000070790467
빅데이터분석기사시험일정,grp-a001-01-000000070790467
빅데이터분석기사일정,grp-a001-01-000000070790467
데이터아키텍처,grp-a001-01-000000070790467
비정형데이터,grp-a001-01-000000070790467
합성데이터,grp-a001-01-000000070790467
데이터웨어하우스,grp-a001-01-000000070790467
AI데이터분석,grp-a001-01-000000070790467
데이터크롤링,grp-a001-01-000000070790467
온라인파이썬,grp-a001-01-000000070790467
데이터분석툴,grp-a001-01-000000070790467
설문조사플랫폼,grp-a001-01-000000070790467
데이터수집,grp-a001-01-000000070790467
데이터추출,grp-a001-01-000000070790467
빅데이터활용사례,grp-a001-01-000000070790467
빅데이터활용,grp-a001-01-000000070790467
데이터스크래핑,grp-a001-01-000000070790467
파이썬온라인,grp-a001-01-000000070790467
빅데이터사이트,grp-a001-01-000000070790467
데이터분석사이트,grp-a001-01-000000070790467
데이터분석솔루션,grp-a001-01-000000070790467
공정데이터분석,grp-a001-01-000000070790467
데이터경영,grp-a001-01-000000070790467
빅데이터분석사이트,grp-a001-01-000000070790467
DBA컨설팅,grp-a001-01-000000070790467
월말정산서,grp-a001-01-000000070790467
성안당빅데이터분석기사,grp-a001-01-000000070790467
CHATGPT데이터분석,grp-a001-01-000000070790467
빅데이터수집,grp-a001-01-000000070790467
논문데이터,grp-a001-01-000000070790467
빅데이터분석업체,grp-a001-01-000000070790467
빅데이터크롤링,grp-a001-01-000000070790467
데이터분석업체,grp-a001-01-000000070790467
통계분석시스템,grp-a001-01-000000070790467
빅데이터솔루션,grp-a001-01-000000070790467
빅데이터공부,grp-a001-01-000000070790467
파이썬데이터분석교육,grp-a001-01-000000070790467
파이썬빅데이터,grp-a001-01-000000070790467
파이썬인공지능,grp-a001-01-000000070790467
소셜빅데이터,grp-a001-01-000000070790467
빅데이터구축,grp-a001-01-000000070790467
이종복전문가,grp-a001-01-000000070790483
녹십자의료재단채용,grp-a001-01-000000070790484
의료기관금리비교대전,grp-a001-01-000000070790493
배상명령신청서,grp-a001-01-000000070790500
도시개발법,grp-a001-01-000000070790504
육아휴직신청서류,grp-a001-01-000000070790504
전기사용신청서,grp-a001-01-000000070790504
사실조회신청서,grp-a001-01-000000070790504
이전등록신청서,grp-a001-01-000000070790504
이의제기신청서,grp-a001-01-000000070790504
물품관리대장,grp-a001-01-000000070790504
민원신청서,grp-a001-01-000000070790504
공시송달신청서,grp-a001-01-000000070790504
참가신청서,grp-a001-01-000000070790504
인감증명서발급신청서,grp-a001-01-000000070790504
손해사정수수료,grp-a001-01-000000070790504
기초수급자빚탕감,grp-a001-01-000000070790504
유체동산압류신청서,grp-a001-01-000000070790504
공구관리대장,grp-a001-01-000000070790504
제소전화해신청서,grp-a001-01-000000070790504
민사조정신청서,grp-a001-01-000000070790504
증거보전신청서,grp-a001-01-000000070790504
퇴직신청서,grp-a001-01-000000070790504
증인신청서,grp-a001-01-000000070790504
위험물관리대장,grp-a001-01-000000070790504
물품신청서,grp-a001-01-000000070790504
민원대리인신청서,grp-a001-01-000000070790504
준공검사신청서,grp-a001-01-000000070790504
외국인소송,grp-a001-01-000000070790504
백내장집단소송,grp-a001-01-000000070790504
비자발급신청서,grp-a001-01-000000070790504
자재신청서,grp-a001-01-000000070790504
재결신청서,grp-a001-01-000000070790504
지원신청서,grp-a001-01-000000070790504
비대면법률상담,grp-a001-01-000000070790504
팝업이벤트,grp-a001-01-000000070790505
온라인퀴즈,grp-a001-01-000000070790505
청담여드름피부과,grp-a001-01-000000070790505
웨비나플랫폼,grp-a001-01-000000070790505
세미나플랫폼,grp-a001-01-000000070790505
온라인퀴즈쇼,grp-a001-01-000000070790505
약국일반의약품자금전주,grp-a001-01-000000070791936
노래방권리금,grp-a001-01-000000070791991
커피프렌차이즈,grp-a001-01-000000070791991
부동산모델링,grp-a001-01-000000070792002
해외선물거래수수료,grp-a001-01-000000070792002
마이크로나스닥수수료,grp-a001-01-000000070792002
대전두통한의원,grp-a001-01-000000070792143
천안한의원다이어트,grp-a001-01-000000070792143
병원권리금자금경기,grp-a001-01-000000070792379
의사신용등급상담,grp-a001-01-000000070792379
명지성형외과,grp-a001-01-000000070792469
괴정성형외과,grp-a001-01-000000070792469
부산여드름치료피부과,grp-a001-01-000000070792469
안양대장내시경,grp-a001-01-000000070793401
수원내시경,grp-a001-01-000000070793401
안양위내시경,grp-a001-01-000000070793401
분당대장내시경,grp-a001-01-000000070793401
광명대장내시경,grp-a001-01-000000070793401
안산대장내시경,grp-a001-01-000000070793401
산본대장내시경,grp-a001-01-000000070793401
수원위대장내시경,grp-a001-01-000000070793401
평촌대장내시경,grp-a001-01-000000070793401
금천구대장내시경,grp-a001-01-000000070793401
시흥대장내시경,grp-a001-01-000000070793401
의왕대장내시경,grp-a001-01-000000070793401
미금역대장내시경,grp-a001-01-000000070793401
야탑내시경,grp-a001-01-000000070793401
영통내시경,grp-a001-01-000000070793401
범계내시경,grp-a001-01-000000070793401
의왕내시경,grp-a001-01-000000070793401
평촌내시경,grp-a001-01-000000070793401
인천위내시경,grp-a001-01-000000070793483
부평MRI,grp-a001-01-000000070793483
인천갑상선초음파,grp-a001-01-000000070793483
인천위대장내시경,grp-a001-01-000000070793483
검단MRI,grp-a001-01-000000070793483
인천논현동대장내시경,grp-a001-01-000000070793483
구월동MRI,grp-a001-01-000000070793483
인천무릎MRI,grp-a001-01-000000070793483
인천종합건강검진추천,grp-a001-01-000000070793483
인천중구건강검진,grp-a001-01-000000070793483
할인병원권리금자금,grp-a001-01-000000070804503
커뮤니티플랫폼,grp-a001-01-000000070808228
콘텐츠플랫폼,grp-a001-01-000000070808228
데이터표준화,grp-a001-01-000000070812451
데이터API,grp-a001-01-000000070812451
데이터품질진단,grp-a001-01-000000070812451
메타마이너,grp-a001-01-000000070812451
대전목디스크,grp-a001-01-000000070812710
대전디스크,grp-a001-01-000000070812710
대전허리MRI,grp-a001-01-000000070812710
대전척추내시경,grp-a001-01-000000070812710
야간약국일반의약품자금,grp-a001-01-000000070812710
대전의사마이너스론,grp-a001-01-000000070819718
주말의사신용등급,grp-a001-01-000000070823399
가정용견인치료기,grp-a001-01-000000070826416
목디스크걷기운동,grp-a001-01-000000070826416
목디스크체조,grp-a001-01-000000070826416
플랫폼매각,grp-a001-01-000000070826745
프렌차이즈계약서,grp-a001-01-000000070826769
M&A업체,grp-a001-01-000000070826769
해외M&A,grp-a001-01-000000070826769
M&A방식,grp-a001-01-000000070826769
M&A공부,grp-a001-01-000000070826769
M&A실패사례,grp-a001-01-000000070826769
인사평가시스템,grp-a001-01-000000070826779
HR시스템,grp-a001-01-000000070826779
근태시스템,grp-a001-01-000000070826779
온라인회의,grp-a001-01-000000070826779
인사관리시스템,grp-a001-01-000000070826779
HR전문가,grp-a001-01-000000070826779
업무시스템,grp-a001-01-000000070826779
평가관리시스템,grp-a001-01-000000070826779
평가시스템,grp-a001-01-000000070826779
연차관리시스템,grp-a001-01-000000070826779
출퇴근관리시스템,grp-a001-01-000000070826779
관리시스템,grp-a001-01-000000070826779
헤드헌팅플랫폼,grp-a001-01-000000070826779
전자인력관리시스템,grp-a001-01-000000070826779
다면평가시스템,grp-a001-01-000000070826779
성과평가시스템,grp-a001-01-000000070826779
직무온라인교육,grp-a001-01-000000070826779
인사관리플랫폼,grp-a001-01-000000070826779
인사시스템구축,grp-a001-01-000000070826779
인력관리시스템,grp-a001-01-000000070826779
HR시스템구축,grp-a001-01-000000070826779
인사급여시스템,grp-a001-01-000000070826779
인사고과시스템,grp-a001-01-000000070826779
직원관리시스템,grp-a001-01-000000070826779
직원평가시스템,grp-a001-01-000000070826779
KPI시스템,grp-a001-01-000000070826779
인사담당자세미나,grp-a001-01-000000070826779
병원인사평가,grp-a001-01-000000070826779
OKR시스템,grp-a001-01-000000070826779
커리어플랫폼,grp-a001-01-000000070826779
온라인평가시스템,grp-a001-01-000000070826779
역량평가시스템,grp-a001-01-000000070826779
인사플랫폼,grp-a001-01-000000070826779
HRD전문가,grp-a001-01-000000070826790
HRD전문가1급,grp-a001-01-000000070826790
SCM시스템,grp-a001-01-000000070826790
역량모델링,grp-a001-01-000000070826790
ESG온라인교육,grp-a001-01-000000070826790
인사노무온라인교육,grp-a001-01-000000070826790
HRD온라인,grp-a001-01-000000070826790
온라인직무교육,grp-a001-01-000000070826797
브랜딩전문가,grp-a001-01-000000070826797
마켓데이터,grp-a001-01-000000070826797
컴퓨터온라인견적,grp-a001-01-000000070826797
브랜드컨설팅업체,grp-a001-01-000000070826797
3D모델링컴퓨터,grp-a001-01-000000070826797
채용데이터,grp-a001-01-000000070826797
온라인브랜딩,grp-a001-01-000000070826797
브랜드디자인컨설팅,grp-a001-01-000000070826797
기업문화컨설팅,grp-a001-01-000000070826797
조직문화진단컨설팅,grp-a001-01-000000070826797
OKR도입,grp-a001-01-000000070826797
외국인설문조사,grp-a001-01-000000070826797
자료조사대행,grp-a001-01-000000070826797
의료사고,grp-a001-01-000000070826808
소년보호사건,grp-a001-01-000000070826808
의료법위반신고,grp-a001-01-000000070826808
디지털성범죄예방교육,grp-a001-01-000000070826808
의료사고소송,grp-a001-01-000000070826808
집행정지신청서,grp-a001-01-000000070826808
의료사고상담,grp-a001-01-000000070826808
의료법상담,grp-a001-01-000000070826808
의료법위반사례,grp-a001-01-000000070826808
의료사고중재,grp-a001-01-000000070826808
의료사고손해배상소송,grp-a001-01-000000070826808
인천의료사고,grp-a001-01-000000070826808
의료사고형사고소,grp-a001-01-000000070826808
의료사고무료상담,grp-a001-01-000000070826808
병원법률자문,grp-a001-01-000000070826808
의료소비자시민연대,grp-a001-01-000000070826808
의료법전문,grp-a001-01-000000070826808
의료법률,grp-a001-01-000000070826808
의료법률상담,grp-a001-01-000000070826808
의료사고판례,grp-a001-01-000000070826808
청소년상담사시험일정,grp-a001-01-000000070826812
직업상담사1급,grp-a001-01-000000070826812
청소년상담사3급시험일정,grp-a001-01-000000070826812
청소년상담사2급시험일정,grp-a001-01-000000070826812
청소년상담사3급응시자격,grp-a001-01-000000070826812
직업상담사2급독학,grp-a001-01-000000070826812
청소년상담사3급교재,grp-a001-01-000000070826812
청소년상담사2급필기,grp-a001-01-000000070826812
청소년상담사시험,grp-a001-01-000000070826812
청소년상담사3급필기,grp-a001-01-000000070826812
전문상담사2급,grp-a001-01-000000070826812
청소년상담사3급시험,grp-a001-01-000000070826812
청소년상담사2급교재,grp-a001-01-000000070826812
청소년심리상담사3급,grp-a001-01-000000070826812
3급청소년상담사,grp-a001-01-000000070826812
청소년상담사3급면접,grp-a001-01-000000070826812
청소년상담사3급독학,grp-a001-01-000000070826812
청소년진로상담사,grp-a001-01-000000070826812
직업상담사교육,grp-a001-01-000000070826812
진로직업상담사,grp-a001-01-000000070826812
청소년상담사2급자격,grp-a001-01-000000070826812
청소년상담사교육,grp-a001-01-000000070826812
내일배움카드청소년상담사,grp-a001-01-000000070826812
청소년상담사2급독학,grp-a001-01-000000070826812
청소년상담사국비지원,grp-a001-01-000000070826812
청소년상담사2급내일배움카드,grp-a001-01-000000070826812
청소년상담사3급내일배움카드,grp-a001-01-000000070826812
청소년상담사내일배움카드,grp-a001-01-000000070826812
청소년상담사평생교육원,grp-a001-01-000000070826812
청소년상담사3급국비지원,grp-a001-01-000000070826812
청소년상담사공부,grp-a001-01-000000070826812
직업상담사2급시험일정,grp-a001-01-000000070826854
직업상담사2급실기,grp-a001-01-000000070826854
청소년지도사종합정보시스템,grp-a001-01-000000070826854
정신건강전문요원,grp-a001-01-000000070826854
청소년상담사연수,grp-a001-01-000000070826854
직업상담사기출문제,grp-a001-01-000000070826854
TCI검사온라인,grp-a001-01-000000070826854
심리상담사되는법,grp-a001-01-000000070826854
원예치료사,grp-a001-01-000000070826854
음악치료사,grp-a001-01-000000070826854
청소년상담사3급기출문제,grp-a001-01-000000070826854
청소년상담사2급선택과목,grp-a001-01-000000070826854
직업상담사2급필기독학,grp-a001-01-000000070826854
신변보호사,grp-a001-01-000000070826854
직업상담사2급교재,grp-a001-01-000000070826854
스포츠심리상담사,grp-a001-01-000000070826854
소비자전문상담사,grp-a001-01-000000070826854
인지치료사,grp-a001-01-000000070826854
스포츠재활치료사,grp-a001-01-000000070826854
청소년상담사채용,grp-a001-01-000000070826854
색채심리상담사,grp-a001-01-000000070826854
시대에듀청소년상담사,grp-a001-01-000000070826854
청소년상담사기출문제,grp-a001-01-000000070826854
청소년상담사2급기출문제집,grp-a001-01-000000070826854
청소년상담사2급시험,grp-a001-01-000000070826854
청소년상담사3급취업,grp-a001-01-000000070826854
아동심리상담사1급,grp-a001-01-000000070826854
청소년상담사기출,grp-a001-01-000000070826854
청소년상담사3급교재추천,grp-a001-01-000000070826854
청소년상담사필기,grp-a001-01-000000070826854
청소년상담사2급기출,grp-a001-01-000000070826854
직업상담사교재,grp-a001-01-000000070826854
직업상담사2급자격,grp-a001-01-000000070826854
아동상담사,grp-a001-01-000000070826854
상담전문가,grp-a001-01-000000070826854
행동치료사,grp-a001-01-000000070826854
청소년상담사2급면접,grp-a001-01-000000070826854
시대고시청소년상담사,grp-a001-01-000000070826854
청소년상담사3급난이도,grp-a001-01-000000070826854
청소년상담사3급기출문제집,grp-a001-01-000000070826854
직업상담사독학,grp-a001-01-000000070826854
학점은행제물리치료학과,grp-a001-01-000000070826854
청소년상담사면접,grp-a001-01-000000070826854
청소년상담사3급문제집,grp-a001-01-000000070826854
청소년상담사2급문제집,grp-a001-01-000000070826854
자살예방상담사,grp-a001-01-000000070826854
청소년상담사교재,grp-a001-01-000000070826854
심리상담사시험,grp-a001-01-000000070826854
도형심리상담사,grp-a001-01-000000070826854
인지행동치료사,grp-a001-01-000000070826854
음악치료센터,grp-a001-01-000000070826854
온라인무료교육,grp-a001-01-000000070826854
심리상담사자격,grp-a001-01-000000070826854
민간심리상담사,grp-a001-01-000000070826854
청소년상담사합격률,grp-a001-01-000000070826854
아동청소년심리상담사,grp-a001-01-000000070826854
심리상담사종류,grp-a001-01-000000070826854
부부심리상담사,grp-a001-01-000000070826854
아동심리상담사취업,grp-a001-01-000000070826854
분노조절상담사,grp-a001-01-000000070826854
장애인심리상담사,grp-a001-01-000000070826854
청소년상담사2급한권으로끝내기,grp-a001-01-000000070826854
청소년상담사3급책,grp-a001-01-000000070826854
직업상담사국비,grp-a001-01-000000070826854
인지행동심리상담사,grp-a001-01-000000070826854
연애심리상담사,grp-a001-01-000000070826854
병영심리상담사,grp-a001-01-000000070826854
예술심리상담사,grp-a001-01-000000070826854
소비자상담사,grp-a001-01-000000070826854
심리상담사교육,grp-a001-01-000000070826854
상담사되는법,grp-a001-01-000000070826854
감정코칭심리상담사,grp-a001-01-000000070826854
심리분석상담사,grp-a001-01-000000070826854
오산여드름피부과,grp-a001-01-000000070826854
청소년상담사3급준비,grp-a001-01-000000070826854
MBTI전문가,grp-a001-01-000000070826854
청소년상담사3급면접준비,grp-a001-01-000000070826854
청소년상담사시대고시,grp-a001-01-000000070826854
청소년상담사한권으로끝내기,grp-a001-01-000000070826854
청소년상담사3급공부,grp-a001-01-000000070826854
청소년상담사3급한달,grp-a001-01-000000070826854
청소년상담사문제집,grp-a001-01-000000070826854
직업상담사무료교육,grp-a001-01-000000070826854
직업상담사2급온라인,grp-a001-01-000000070826854
심리상담사추천,grp-a001-01-000000070826854
상담사자격,grp-a001-01-000000070826854
임상심리사온라인수련,grp-a001-01-000000070826854
MMPI온라인,grp-a001-01-000000070826854
MBTI분석전문가,grp-a001-01-000000070826854
가족상담사1급,grp-a001-01-000000070826854
가정폭력상담사교육,grp-a001-01-000000070826854
교류분석상담사,grp-a001-01-000000070826854
청소년상담사면접가이드,grp-a001-01-000000070826854
청소년상담사3급교육,grp-a001-01-000000070826854
청소년상담사준비,grp-a001-01-000000070826854
청소년상담사후기,grp-a001-01-000000070826854
청소년상담사취득,grp-a001-01-000000070826854
심리상담사기출문제,grp-a001-01-000000070826854
직업상담사2급내일배움,grp-a001-01-000000070826854
직업상담사내일배움,grp-a001-01-000000070826854
직업상담사온라인,grp-a001-01-000000070826854
직업상담사온라인교육,grp-a001-01-000000070826854
심리치료교육,grp-a001-01-000000070826854
심리치료상담사,grp-a001-01-000000070826854
심리상담사무료,grp-a001-01-000000070826854
체육학사온라인,grp-a001-01-000000070826854
심리상담사자격조건,grp-a001-01-000000070826854
웰다잉심리상담사,grp-a001-01-000000070826854
MBTI심리상담사,grp-a001-01-000000070826854
심리분석전문가,grp-a001-01-000000070826854
MBTI상담사,grp-a001-01-000000070826854
인지행동상담사,grp-a001-01-000000070826854
만성질환,grp-a001-01-000000070829642
의사마이너스론주말,grp-a001-01-000000070830444
야간병원권리금자금,grp-a001-01-000000070830730
강릉교통사고,grp-a001-01-000000070830756
춘천목디스크,grp-a001-01-000000070830756
춘천피부한의원,grp-a001-01-000000070830756
춘천피부과잘하는곳,grp-a001-01-000000070830756
여의도여드름피부과,grp-a001-01-000000070830829
모반성형외과,grp-a001-01-000000070830829
난치성색소질환,grp-a001-01-000000070830829
김포여드름피부과,grp-a001-01-000000070830863
영등포여드름피부과,grp-a001-01-000000070830863
신도림여드름피부과,grp-a001-01-000000070830863
누리꿈피부과,grp-a001-01-000000070830863
디샤인의원대림,grp-a001-01-000000070830863
구로디지털단지수염제모,grp-a001-01-000000070830863
구로디지털단지점빼기,grp-a001-01-000000070830863
인천공항외국인선물,grp-a001-01-000000070830922
전문대순위,grp-a001-01-000000070831062
스포츠마케팅학과,grp-a001-01-000000070831062
전문대수시,grp-a001-01-000000070831062
전문대정시,grp-a001-01-000000070831062
전문대수시접수,grp-a001-01-000000070831062
전문대수시2차,grp-a001-01-000000070831062
빅데이터과,grp-a001-01-000000070831062
경동대학교메디컬,grp-a001-01-000000070831062
골프학과대학,grp-a001-01-000000070831062
전문대자율모집,grp-a001-01-000000070831062
건설기계조종사면허증,grp-a001-01-000000070831070
건설기계면허증,grp-a001-01-000000070831070
지게차면허증,grp-a001-01-000000070831070
건설기계조종사면허,grp-a001-01-000000070831070
3톤미만지게차면허증,grp-a001-01-000000070831070
지게차운전면허증,grp-a001-01-000000070831070
지게차온라인교육,grp-a001-01-000000070831070
소형건설기계조종사면허,grp-a001-01-000000070831070
직업전문대학,grp-a001-01-000000070831070
소형건설기계면허증,grp-a001-01-000000070831070
충청북도혁신도시,grp-a001-01-000000070831070
포크레인면허증,grp-a001-01-000000070831070
3톤미만굴삭기면허증,grp-a001-01-000000070831070
피부과전동베드,grp-a001-01-000000070831070
인천3톤미만지게차면허증,grp-a001-01-000000070831070
울산국비지원무료교육,grp-a001-01-000000070831070
금융빅데이터분석,grp-a001-01-000000070831070
일반기계기사국비지원,grp-a001-01-000000070831070
안산직장인국비지원,grp-a001-01-000000070831070
부인과검진대,grp-a001-01-000000070831070
내시경카트,grp-a001-01-000000070831070
디지털리터러시교육,grp-a001-01-000000070831337
AI모델링,grp-a001-01-000000070831337
디지털문해교육,grp-a001-01-000000070831337
내시경베드,grp-a001-01-000000070831337
디지털리터러시강사,grp-a001-01-000000070831337
의약품캐비넷,grp-a001-01-000000070831337
생성형AI온라인교육,grp-a001-01-000000070831337
AI빅데이터교육,grp-a001-01-000000070831337
데이터센터,grp-a001-01-000000070831343
데이터구매,grp-a001-01-000000070831343
메타데이터,grp-a001-01-000000070831343
디지털포렌식,grp-a001-01-000000070831343
AI세미나,grp-a001-01-000000070831343
생성형인공지능,grp-a001-01-000000070831343
AI온라인교육,grp-a001-01-000000070831343
AI데이터,grp-a001-01-000000070831343
챗봇마케팅,grp-a001-01-000000070831343
최고경영자,grp-a001-01-000000070831343
AI도입,grp-a001-01-000000070831343
AI상담사,grp-a001-01-000000070831343
디지털휴먼,grp-a001-01-000000070831343
AI전문가교육,grp-a001-01-000000070831343
교육세미나,grp-a001-01-000000070831343
데이터라벨링교육,grp-a001-01-000000070831343
연세대최고경영자과정,grp-a001-01-000000070831343
무료세미나,grp-a001-01-000000070831343
텐데이터,grp-a001-01-000000070831343
온라인전시관,grp-a001-01-000000070831343
인공지능채팅,grp-a001-01-000000070831343
AI교육플랫폼,grp-a001-01-000000070831343
학습데이터,grp-a001-01-000000070831343
디지털혁신,grp-a001-01-000000070831343
AI전문가과정,grp-a001-01-000000070831343
데이터리터러시교육,grp-a001-01-000000070831343
AI디지털휴먼,grp-a001-01-000000070831343
문서디지털화,grp-a001-01-000000070831343
서강대온라인MBA,grp-a001-01-000000070831343
연세대최고경영자,grp-a001-01-000000070831343
AI시스템구축,grp-a001-01-000000070831343
언어데이터,grp-a001-01-000000070831343
플랫폼앱개발,grp-a001-01-000000070831343
인공지능더빙,grp-a001-01-000000070831343
음성데이터,grp-a001-01-000000070831343
온라인홍보관,grp-a001-01-000000070831343
수입데이터,grp-a001-01-000000070831343
오토콜시스템,grp-a001-01-000000070831343
빅데이터검색,grp-a001-01-000000070831343
데이터보안솔루션,grp-a001-01-000000070831343
데이터라벨링취업,grp-a001-01-000000070831343
AI개발자국비지원,grp-a001-01-000000070831343
빅데이터석사,grp-a001-01-000000070831343
서울IT국비지원,grp-a001-01-000000070831343
글로벌MBA,grp-a001-01-000000070831343
마케팅MBA,grp-a001-01-000000070831343
빅데이터MBA,grp-a001-01-000000070831343
2세경영자,grp-a001-01-000000070831343
CHATGPT전문가,grp-a001-01-000000070831343
챗GPT온라인교육,grp-a001-01-000000070831343
AI디지털교과서,grp-a001-01-000000070831348
디지털리터러시,grp-a001-01-000000070831348
AI인공지능앱,grp-a001-01-000000070831348
디지털문해교육사,grp-a001-01-000000070831348
디지털튜터양성과정,grp-a001-01-000000070831348
디지털교육,grp-a001-01-000000070831348
디지털콘텐츠,grp-a001-01-000000070831348
AI마케팅교육,grp-a001-01-000000070831348
디지털튜터채용,grp-a001-01-000000070831348
디지털강사,grp-a001-01-000000070831348
디지털튜터양성,grp-a001-01-000000070831348
시니어디지털,grp-a001-01-000000070831348
시니어스마트폰교육,grp-a001-01-000000070831348
시니어스마트폰강사,grp-a001-01-000000070831348
디지털튜터양성센터,grp-a001-01-000000070831348
디지털역량강화,grp-a001-01-000000070831348
디지털교육강사,grp-a001-01-000000070831348
챗GPT전문가,grp-a001-01-000000070831348
디지털튜터1급,grp-a001-01-000000070831348
성교육전문가,grp-a001-01-000000070831348
전직지원전문가,grp-a001-01-000000070831348
디지털역량강화교육,grp-a001-01-000000070831348
인공지능강사,grp-a001-01-000000070831348
디지털문해교육강사,grp-a001-01-000000070831348
디지털리터러시교육강사,grp-a001-01-000000070831348
챗GPT마케팅,grp-a001-01-000000070831348
디지털전환교육,grp-a001-01-000000070831348
디지털역량강화연수,grp-a001-01-000000070831348
디지털문해강사,grp-a001-01-000000070831348
디지털콘텐츠큐레이터,grp-a001-01-000000070831348
GPT세미나,grp-a001-01-000000070831348
생성형AI세미나,grp-a001-01-000000070831348
CHATGPT세미나,grp-a001-01-000000070831348
디지털튜터모집,grp-a001-01-000000070831348
CHATGPT온라인교육,grp-a001-01-000000070831348
데이터분석교육과정,grp-a001-01-000000070831348
챗GPT세미나,grp-a001-01-000000070831348
RPA세미나,grp-a001-01-000000070831348
온라인IT교육,grp-a001-01-000000070831348
인공지능특강,grp-a001-01-000000070831348
정신건강강연,grp-a001-01-000000070831348
부평여드름피부과,grp-a001-01-000000070831360
송도여드름피부과,grp-a001-01-000000070831360
부평피부과여드름,grp-a001-01-000000070831360
용인의료기관금리비교,grp-a001-01-000000070833041
의사마이너스론전문,grp-a001-01-000000070833076
포인트모바일,grp-a001-01-000000070833715
디지털트랜스포메이션,grp-a001-01-000000070833715
경비용역,grp-a001-01-000000070833715
자재관리대장,grp-a001-01-000000070833715
온라인문진표,grp-a001-01-000000070833715
자재수불관리대장,grp-a001-01-000000070833715
디지털계약서,grp-a001-01-000000070833715
특허시스템,grp-a001-01-000000070833715
금형관리대장,grp-a001-01-000000070833715
자재입출고관리대장,grp-a001-01-000000070833715
소프트웨어컨설팅,grp-a001-01-000000070833715
왕숙신도시부동산,grp-a001-01-000000070833799
광주한샘리하우스,grp-a001-01-000000070833897
트래블로그신용카드,grp-a001-01-000000070836535
해외적립신용카드,grp-a001-01-000000070836535
약국일반의약품자금주말,grp-a001-01-000000070836858
병원권리금자금제주,grp-a001-01-000000070836858
창원의료기관금리비교,grp-a001-01-000000070837643
가격병원권리금자금,grp-a001-01-000000070839183
의사신용등급가격,grp-a001-01-000000070839183
의사마이너스론신청,grp-a001-01-000000070839312
전문대박람회,grp-a001-01-000000070839396
전문대입시박람회,grp-a001-01-000000070839396
전문대수시박람회,grp-a001-01-000000070839396
전문대인기학과,grp-a001-01-000000070839396
동의대학,grp-a001-01-000000070839396
코엑스전문대박람회,grp-a001-01-000000070839396
플라워원데이클래스,grp-a001-01-000000070839491
꽃원데이클래스,grp-a001-01-000000070839491
원예심리상담사,grp-a001-01-000000070839491
꽃다발원데이클래스,grp-a001-01-000000070839491
온라인판매교육,grp-a001-01-000000070839491
가드닝원데이클래스,grp-a001-01-000000070839491
부케원데이클래스,grp-a001-01-000000070839491
대구플라워원데이클래스,grp-a001-01-000000070839491
원데이플라워클래스,grp-a001-01-000000070839491
화훼장식기사협회,grp-a001-01-000000070839491
모바일팜,grp-a001-01-000000070839491
SNS마케팅강사,grp-a001-01-000000070839491
서비스컨설팅,grp-a001-01-000000070839491
강남플라워원데이클래스,grp-a001-01-000000070839491
국비지원꽃꽂이,grp-a001-01-000000070839491
꽃꽂이원데이클래스가격,grp-a001-01-000000070839491
온라인CS교육,grp-a001-01-000000070839491
온라인컴퓨터교육,grp-a001-01-000000070839491
창업컨설팅교육,grp-a001-01-000000070839491
제주의사마이너스론,grp-a001-01-000000070842579
의사신용등급인천,grp-a001-01-000000070842579
의사마이너스론제주,grp-a001-01-000000070842638
강남목디스크,grp-a001-01-000000070842993
강남역디스크,grp-a001-01-000000070842993
병원권리금자금전문점,grp-a001-01-000000070843466
울산여드름피부과,grp-a001-01-000000070843871
창원여드름흉터피부과,grp-a001-01-000000070843871
부산흉터한의원,grp-a001-01-000000070843871
약국일반의약품자금할인,grp-a001-01-000000070844313
하림펫푸드시니어,grp-a001-01-000000070844328
더리얼시니어,grp-a001-01-000000070844328
하림시니어사료,grp-a001-01-000000070844328
서면원데이클래스,grp-a001-01-000000070844970
가죽공방원데이클래스,grp-a001-01-000000070844970
가죽공예원데이클래스,grp-a001-01-000000070844970
해운대원데이클래스,grp-a001-01-000000070844970
가죽원데이클래스,grp-a001-01-000000070844970
가죽공방원데이,grp-a001-01-000000070844970
원데이클래스수원,grp-a001-01-000000070844970
부산요리원데이클래스,grp-a001-01-000000070844970
부산원데이쿠킹클래스,grp-a001-01-000000070844970
가죽원데이,grp-a001-01-000000070844970
서울가죽원데이클래스,grp-a001-01-000000070844970
수원요리원데이클래스,grp-a001-01-000000070844970
김포원데이클래스,grp-a001-01-000000070844999
다문화사회전문가,grp-a001-01-000000070844999
부평원데이클래스,grp-a001-01-000000070844999
평생교육바우처온라인사용처,grp-a001-01-000000070844999
모바일식권,grp-a001-01-000000070844999
떡케이크원데이클래스,grp-a001-01-000000070844999
원데이클래스인천,grp-a001-01-000000070844999
인지학습상담사,grp-a001-01-000000070844999
인지학습치료사,grp-a001-01-000000070844999
인천케이크원데이클래스,grp-a001-01-000000070844999
기후변화전문가,grp-a001-01-000000070844999
식수관리시스템,grp-a001-01-000000070844999
인지학습심리상담사,grp-a001-01-000000070844999
인천요리원데이클래스,grp-a001-01-000000070844999
직장인온라인교육,grp-a001-01-000000070844999
식수시스템,grp-a001-01-000000070844999
인천쿠킹원데이클래스,grp-a001-01-000000070844999
인천국비지원제과제빵,grp-a001-01-000000070844999
온라인학점,grp-a001-01-000000070844999
울산병원권리금자금,grp-a001-01-000000070845341
데이터시각화입문,grp-a001-01-000000070845359
이동식사회대,grp-a001-01-000000070845359
CS교육온라인,grp-a001-01-000000070845359
휴넷온라인연수원,grp-a001-01-000000070845359
경영정보시각화능력,grp-a001-01-000000070845363
빅데이터분석기사난이도,grp-a001-01-000000070845363
빅데이터분석기사응시자격,grp-a001-01-000000070845363
빅데이터분석기사합격률,grp-a001-01-000000070845363
데이터라벨러,grp-a001-01-000000070845363
경영정보시각화능력실기,grp-a001-01-000000070845363
정보보안전문가,grp-a001-01-000000070845363
빅데이터분석기사독학,grp-a001-01-000000070845363
빅데이터분석기사기출문제,grp-a001-01-000000070845363
데이터사이언스아카데미,grp-a001-01-000000070845363
가상현실전문가,grp-a001-01-000000070845363
빅데이터분석기사시험,grp-a001-01-000000070845363
멀티미디어콘텐츠제작전문가시험일정,grp-a001-01-000000070845363
키즈플랫폼,grp-a001-01-000000070845363
빅데이터분석기사공부,grp-a001-01-000000070845363
빅데이터관련직업,grp-a001-01-000000070845363
ADSP국비지원,grp-a001-01-000000070845363
데이터베이스엔지니어,grp-a001-01-000000070845363
빅데이터1급,grp-a001-01-000000070845363
빅데이터분석기사내일배움카드,grp-a001-01-000000070845363
빅데이터아카데미,grp-a001-01-000000070845363
데이터활용교육,grp-a001-01-000000070845363
빅데이터교육과정,grp-a001-01-000000070845363
빅데이터기초,grp-a001-01-000000070845363
빅데이터독학,grp-a001-01-000000070845363
빅데이터수업,grp-a001-01-000000070845363
빅데이터과정,grp-a001-01-000000070845363
빅데이터코딩,grp-a001-01-000000070845363
데이터베이스교재,grp-a001-01-000000070845363
데이터베이스,grp-a001-01-000000070845365
임베디드시스템,grp-a001-01-000000070845365
모바일초대장만들기,grp-a001-01-000000070845365
데이터랩스,grp-a001-01-000000070845365
데이터허브,grp-a001-01-000000070845365
데이터정제,grp-a001-01-000000070845365
클라우드플랫폼,grp-a001-01-000000070845365
데이터관리,grp-a001-01-000000070845365
토픽모델링,grp-a001-01-000000070845365
소셜데이터,grp-a001-01-000000070845365
데이터베이스구축,grp-a001-01-000000070845365
데이터보안,grp-a001-01-000000070845365
데이터베이스관리자,grp-a001-01-000000070845365
데이터품질관리,grp-a001-01-000000070845365
빅데이터공모전,grp-a001-01-000000070845365
API시스템,grp-a001-01-000000070845365
데이터품질인증,grp-a001-01-000000070845365
공공데이터분석,grp-a001-01-000000070845365
CRM데이터,grp-a001-01-000000070845365
데이터마켓,grp-a001-01-000000070845365
데이터바다,grp-a001-01-000000070845365
데이터구축,grp-a001-01-000000070845365
코딩온라인,grp-a001-01-000000070845365
통계전문가,grp-a001-01-000000070845365
빅데이터전공,grp-a001-01-000000070845365
신한카드빅데이터,grp-a001-01-000000070845365
데이터전문기관,grp-a001-01-000000070845365
빅데이터거버넌스,grp-a001-01-000000070845365
데이터라벨링작업,grp-a001-01-000000070845365
API플랫폼,grp-a001-01-000000070845365
정보처리기사온라인,grp-a001-01-000000070845365
논문데이터분석,grp-a001-01-000000070845365
정보처리기사국비지원,grp-a001-01-000000070845365
데이터분석의뢰,grp-a001-01-000000070845365
빅데이터분석솔루션,grp-a001-01-000000070845365
빅데이터업체,grp-a001-01-000000070845365
앱데이터분석,grp-a001-01-000000070845365
고객데이터,grp-a001-01-000000070845365
데이터베이스교육,grp-a001-01-000000070845365
데이터분석외주,grp-a001-01-000000070845365
신한카드데이터,grp-a001-01-000000070845365
신한카드데이터전문기관,grp-a001-01-000000070845365
그랜데이터,grp-a001-01-000000070845365
빅데이터예측,grp-a001-01-000000070845365
신한원데이터,grp-a001-01-000000070845365
데이터분석서비스,grp-a001-01-000000070845365
데이터인증,grp-a001-01-000000070845365
데이터품질,grp-a001-01-000000070845365
데이터품질인증기관,grp-a001-01-000000070845365
데이터학습,grp-a001-01-000000070845365
데이터통계분석,grp-a001-01-000000070845365
자료관리시스템,grp-a001-01-000000070845365
데이터시각화솔루션,grp-a001-01-000000070845365
데이터라벨링,grp-a001-01-000000070845366
온라인코딩파티,grp-a001-01-000000070845366
디지털정보활용능력,grp-a001-01-000000070845366
대구여드름피부과,grp-a001-01-000000070845366
데이터리안,grp-a001-01-000000070845366
대구여드름피부과추천,grp-a001-01-000000070845366
멀티미디어콘텐츠제작전문가필기,grp-a001-01-000000070845366
데이터분석프로젝트,grp-a001-01-000000070845366
데이터분석파이썬,grp-a001-01-000000070845366
데이터사이언스입문,grp-a001-01-000000070845366
패스트캠퍼스데이터분석부트캠프,grp-a001-01-000000070845366
데이터분석스터디,grp-a001-01-000000070845366
데이터사이언스공부,grp-a001-01-000000070845366
배곧피부과,grp-a001-01-000000070845409
다채움피부과,grp-a001-01-000000070845409
정왕동피부과,grp-a001-01-000000070845409
배곧동피부과,grp-a001-01-000000070845409
시화피부과,grp-a001-01-000000070845409
정릉한의원,grp-a001-01-000000070845417
지지옥션경매상담사례100선,grp-a001-01-000000070845633
의사마이너스론천안,grp-a001-01-000000070846330
인천여드름피부과,grp-a001-01-000000070846374
부천여드름피부과,grp-a001-01-000000070846374
구월동여드름피부과,grp-a001-01-000000070846374
안양빈센트성형외과,grp-a001-01-000000070846380
안양일번가성형외과,grp-a001-01-000000070846380
출장이벤트,grp-a001-01-000000070846392
산타이벤트,grp-a001-01-000000070846392
신년이벤트,grp-a001-01-000000070846392
대구혁신도시,grp-a001-01-000000070846491
혁신도시하우스디어반,grp-a001-01-000000070846491
현대전동지게차,grp-a001-01-000000070846530
전동지게차국비지원,grp-a001-01-000000070846530
대구혁신도시원룸,grp-a001-01-000000070846559
태국창업,grp-a001-01-000000070846559
대구경영지도사,grp-a001-01-000000070846559
웨이팅시스템,grp-a001-01-000000070846651
대기시스템,grp-a001-01-000000070846651
주문시스템,grp-a001-01-000000070846651
QR코드이벤트,grp-a001-01-000000070846651
전자주문시스템,grp-a001-01-000000070846651
병원권리금자금창원,grp-a001-01-000000070847625
광주병원권리금자금,grp-a001-01-000000070849686
의사마이너스론순위,grp-a001-01-000000070852028
의사마이너스론대구,grp-a001-01-000000070852146
구매대행블로그,grp-a001-01-000000070852450
프로젝트관리전문가,grp-a001-01-000000070853369
직업상담사시험일정,grp-a001-01-000000070853443
직업상담사2급실기기출,grp-a001-01-000000070853443
직업상담사2급시험,grp-a001-01-000000070853443
직업상담사2급실기기출문제,grp-a001-01-000000070853443
직업상담사1급필기,grp-a001-01-000000070853443
광주인공지능,grp-a001-01-000000070853443
직업상담사2급필기기출문제,grp-a001-01-000000070853443
직업상담사실기기출문제,grp-a001-01-000000070853443
직업상담사2급필기요약,grp-a001-01-000000070853443
직업상담사1급실기,grp-a001-01-000000070853443
직업상담사전망,grp-a001-01-000000070853443
직업상담사1급기출문제,grp-a001-01-000000070853443
직업상담사2급시험과목,grp-a001-01-000000070853443
직업상담사1급교재,grp-a001-01-000000070853443
직업상담사2급교재추천,grp-a001-01-000000070853443
직업상담사시험과목,grp-a001-01-000000070853443
직업상담사2급준비기간,grp-a001-01-000000070853443
직업상담사기출,grp-a001-01-000000070853443
대전직업상담사,grp-a001-01-000000070853443
성안당직업상담사1급,grp-a001-01-000000070853443
직업상담사2급취득방법,grp-a001-01-000000070853443
직업상담사2급공부방법,grp-a001-01-000000070853443
직업상담사필기기출문제,grp-a001-01-000000070853443
직업상담사취득방법,grp-a001-01-000000070853443
직업상담사2급실기기출문제집,grp-a001-01-000000070853443
직업상담사공부방법,grp-a001-01-000000070853443
직업상담사시험난이도,grp-a001-01-000000070853443
직업상담사교재추천,grp-a001-01-000000070853443
직업상담사2급동영상,grp-a001-01-000000070853443
직업상담사교육기관,grp-a001-01-000000070853443
직업상담사2급국민내일배움카드,grp-a001-01-000000070853443
직업상담사무료,grp-a001-01-000000070853443
진로적성상담사1급,grp-a001-01-000000070853443
온라인진로상담,grp-a001-01-000000070853443
여드름피부과추천,grp-a001-01-000000070853501
서울여드름피부과,grp-a001-01-000000070853501
주사피부염피부과,grp-a001-01-000000070853554
가산디지털단지변호사,grp-a001-01-000000070853554
강원대편입,grp-a001-01-000000070854072
서울여대편입,grp-a001-01-000000070854072
한국해양대편입,grp-a001-01-000000070854072
과기대편입,grp-a001-01-000000070854072
부산디지털드로잉,grp-a001-01-000000070854072
수원대편입영어,grp-a001-01-000000070854072
수원약국일반의약품자금,grp-a001-01-000000070854740
개인택시양수교육신청방법,grp-a001-01-000000070857603
임대료관리,grp-a001-01-000000070857795
부동산임대관리시스템,grp-a001-01-000000070857795
의사신용등급부산,grp-a001-01-000000070858719
경영지도사세법,grp-a001-01-000000070860188
경영지도사내일배움카드,grp-a001-01-000000070860188
설문조사이벤트,grp-a001-01-000000070860254
온라인설문조사,grp-a001-01-000000070860254
온라인설문조사사이트,grp-a001-01-000000070860254
온라인설문조사업체,grp-a001-01-000000070860254
연구행정시스템,grp-a001-01-000000070860254
서울강남플란트,grp-a001-01-000000070860334
목디스크치료기,grp-a001-01-000000070860940
4번5번목디스크치료방법,grp-a001-01-000000070861017
부산목디스크한의원,grp-a001-01-000000070861017
부산목디스크치료,grp-a001-01-000000070861017
안성열성형외과,grp-a001-01-000000070867979
누운귀필러,grp-a001-01-000000070867979
흉터치료성형외과,grp-a001-01-000000070867979
화상성형외과,grp-a001-01-000000070867979
대구흉터성형외과,grp-a001-01-000000070867979
수술흉터성형외과,grp-a001-01-000000070867979
얼굴흉터성형외과,grp-a001-01-000000070867979
켈로이드수술비용,grp-a001-01-000000070867979
교통사고흉터,grp-a001-01-000000070867979
서만수성형외과,grp-a001-01-000000070868260
수원의사마이너스론,grp-a001-01-000000070872751
의사마이너스론전문점,grp-a001-01-000000070877247
천안발기부전,grp-a001-01-000000070877446
신청의사신용등급,grp-a001-01-000000070877446
서울디지털드림타운,grp-a001-01-000000070877730
구로디지털단지공유오피스,grp-a001-01-000000070877730
가산디지털단지공유오피스,grp-a001-01-000000070877730
구로디지털단지역공유오피스,grp-a001-01-000000070877730
가산디지털단지소호사무실,grp-a001-01-000000070877730
구로디지털단지소호사무실,grp-a001-01-000000070877730
가산디지털단지역소호사무실,grp-a001-01-000000070877730
구로디지털단지1인사무실,grp-a001-01-000000070877730
가산디지털단지비상주사무실,grp-a001-01-000000070877730
구로디지털단지역사무실임대,grp-a001-01-000000070877730
가산디지털소호사무실,grp-a001-01-000000070877730
구로디지털단지역소호사무실,grp-a001-01-000000070877730
구로디지털소호사무실,grp-a001-01-000000070877730
한국건강검진,grp-a001-01-000000070877880
의정부건강검진병원,grp-a001-01-000000070877880
동대문구건강검진,grp-a001-01-000000070877880
구로구건강검진,grp-a001-01-000000070877880
용두동건강검진,grp-a001-01-000000070877880
건강검진강남,grp-a001-01-000000070877880
광진구건강검진병원,grp-a001-01-000000070877880
의정부종합건강검진,grp-a001-01-000000070877880
건강검진강서,grp-a001-01-000000070877880
답십리건강검진,grp-a001-01-000000070877880
성동구건강검진병원,grp-a001-01-000000070877880
서울동부건강검진,grp-a001-01-000000070877880
건강검진동부,grp-a001-01-000000070877880
건강검진제기동,grp-a001-01-000000070877880
서울서부건강검진,grp-a001-01-000000070877880
건강검진강남지부,grp-a001-01-000000070877880
인천탈장수술,grp-a001-01-000000070883578
인천수면내시경,grp-a001-01-000000070883611
공공데이터품질,grp-a001-01-000000070883667
공공데이터컨설팅,grp-a001-01-000000070883667
공공데이터품질진단,grp-a001-01-000000070883667
마이데이터,grp-a001-01-000000070883880
알뜰폰데이터무제한요금제,grp-a001-01-000000070883880
공공데이터공모전,grp-a001-01-000000070883880
알뜰요금제데이터무제한,grp-a001-01-000000070883880
데이터기반행정,grp-a001-01-000000070883880
데이터무제한알뜰요금제,grp-a001-01-000000070883880
국토교통데이터활용경진대회,grp-a001-01-000000070883880
데이터대시보드,grp-a001-01-000000070883880
공공데이터품질관리,grp-a001-01-000000070883880
공공데이터경진대회,grp-a001-01-000000070883880
공공데이터교육,grp-a001-01-000000070883880
청주약국일반의약품자금,grp-a001-01-000000070893674
병원권리금자금후기,grp-a001-01-000000070898186
증권전문가,grp-a001-01-000000070898317
수원병원권리금자금,grp-a001-01-000000070898435
인천의료기관금리비교,grp-a001-01-000000070898511
감성인식기술전문가,grp-a001-01-000000070898721
온라인무료법률상담,grp-a001-01-000000070898824
한의원약재,grp-a001-01-000000070898854
디즈니온라인,grp-a001-01-000000070898912
난소낭종수술병원,grp-a001-01-000000070898974
온라인안전교육,grp-a001-01-000000070899024
강사섭외플랫폼,grp-a001-01-000000070899024
온라인교육센터,grp-a001-01-000000070899024
법정교육온라인,grp-a001-01-000000070899024
인스타마케팅교육,grp-a001-01-000000070899024
SNS전문가,grp-a001-01-000000070899024
해외연사,grp-a001-01-000000070899024
해외연사섭외,grp-a001-01-000000070899024
블로그마케팅수업,grp-a001-01-000000070899024
전문가강연,grp-a001-01-000000070899024
중입자암치료,grp-a001-01-000000070899236
중성자암치료,grp-a001-01-000000070899236
중입자치료기,grp-a001-01-000000070899236
중입자치료센터,grp-a001-01-000000070899236
대전유방병원,grp-a001-01-000000070899236
대전갑상선조직검사,grp-a001-01-000000070899236
안양갑상선검사,grp-a001-01-000000070899236
연성방광내시경,grp-a001-01-000000070899269
요로내시경,grp-a001-01-000000070899269
광주대장내시경,grp-a001-01-000000070901611
울산위내시경,grp-a001-01-000000070901611
부산맹장수술,grp-a001-01-000000070901611
당일내시경,grp-a001-01-000000070901611
울산내시경,grp-a001-01-000000070901611
성남대장내시경,grp-a001-01-000000070901611
광주내시경,grp-a001-01-000000070901611
위례대장내시경,grp-a001-01-000000070901611
광주탈장수술,grp-a001-01-000000070901611
노원대장내시경,grp-a001-01-000000070901611
설사약먹지않는대장내시경,grp-a001-01-000000070901611
성남내시경,grp-a001-01-000000070901611
노원내시경,grp-a001-01-000000070901611
MRI해석,grp-a001-01-000000070901611
노원역대장내시경,grp-a001-01-000000070901611
마들건강검진,grp-a001-01-000000070901611
중계건강검진,grp-a001-01-000000070901611
온라인금거래소,grp-a001-01-000000070902099
금거래플랫폼,grp-a001-01-000000070902099
한컴디지털에셋,grp-a001-01-000000070902099
온라인금거래,grp-a001-01-000000070902099
디지털트윈,grp-a001-01-000000070902130
건축자재박람회,grp-a001-01-000000070902130
청년국비지원,grp-a001-01-000000070902130
디자인세미나,grp-a001-01-000000070902130
이벤트툴,grp-a001-01-000000070902130
디지털드로잉강좌,grp-a001-01-000000070902130
3D모델링교육,grp-a001-01-000000070902130
디지털트윈교육,grp-a001-01-000000070902130
인공지능전시회,grp-a001-01-000000070902130
3D모델링국비,grp-a001-01-000000070902130
메타버스세미나,grp-a001-01-000000070902130
국비지원솔리드웍스,grp-a001-01-000000070902130
국비지원카티아,grp-a001-01-000000070902130
3DMAX국비지원,grp-a001-01-000000070902130
실내건축국비지원,grp-a001-01-000000070902130
국비지원3D모델링,grp-a001-01-000000070902130
수원전산응용건축제도기능사,grp-a001-01-000000070902130
유언공증수수료,grp-a001-01-000000070902135
성인성본변경비용,grp-a001-01-000000070902135
성본변경비용,grp-a001-01-000000070902144
시스템행거,grp-a001-01-000000070902153
시스템장,grp-a001-01-000000070902153
시스템헹거,grp-a001-01-000000070902153
드레스룸시스템행거,grp-a001-01-000000070902153
드레스룸시스템장,grp-a001-01-000000070902153
이케아시스템행거,grp-a001-01-000000070902153
철제시스템행거,grp-a001-01-000000070902153
시스템행거가격,grp-a001-01-000000070902153
대구시스템행거,grp-a001-01-000000070902153
시스템드레스룸,grp-a001-01-000000070902153
시스템행거설치,grp-a001-01-000000070902153
시스템행거추천,grp-a001-01-000000070902153
광주시스템행거,grp-a001-01-000000070902153
시스템장가격,grp-a001-01-000000070902153
시스템붙박이장,grp-a001-01-000000070902153
조립식시스템행거,grp-a001-01-000000070902153
시스템행거견적,grp-a001-01-000000070902153
시스템행거비용,grp-a001-01-000000070902153
안방시스템장,grp-a001-01-000000070902153
시스템행거부품,grp-a001-01-000000070902153
모던하임시스템행거,grp-a001-01-000000070902153
시스템행거드레스룸,grp-a001-01-000000070902153
옷방시스템행거,grp-a001-01-000000070902153
시스템행거제작,grp-a001-01-000000070902153
안방시스템행거,grp-a001-01-000000070902153
시스템옷걸이,grp-a001-01-000000070902153
시스템장설치,grp-a001-01-000000070902153
김해시스템행거,grp-a001-01-000000070902153
드레스룸시스템,grp-a001-01-000000070902153
가성비시스템행거,grp-a001-01-000000070902153
시스템행거장,grp-a001-01-000000070902153
시스템행거커버,grp-a001-01-000000070902153
맞춤시스템행거,grp-a001-01-000000070902153
드레스룸시스템장가격,grp-a001-01-000000070902153
시스템팬트리,grp-a001-01-000000070902153
셀프시스템행거,grp-a001-01-000000070902153
드레스룸시스템행거가격,grp-a001-01-000000070902153
시스템행거서랍,grp-a001-01-000000070902153
구미시스템행거,grp-a001-01-000000070902153
시스템장견적,grp-a001-01-000000070902153
거실시스템장,grp-a001-01-000000070902153
인천시스템행거,grp-a001-01-000000070902153
포항시스템행거,grp-a001-01-000000070902153
시스템행거세트,grp-a001-01-000000070902153
대구시스템장,grp-a001-01-000000070902153
코너시스템행거,grp-a001-01-000000070902153
시스템장롱,grp-a001-01-000000070902153
이동식시스템행거,grp-a001-01-000000070902153
화이트시스템행거,grp-a001-01-000000070902153
시스템행거업체,grp-a001-01-000000070902153
2단시스템행거,grp-a001-01-000000070902153
시스템행거부속,grp-a001-01-000000070902153
시스템장행거,grp-a001-01-000000070902153
원주시스템행거,grp-a001-01-000000070902153
시스템행거시공,grp-a001-01-000000070902153
원룸시스템행거,grp-a001-01-000000070902153
시스템행거설치비용,grp-a001-01-000000070902153
시스템행거옷봉,grp-a001-01-000000070902153
시스템장추천,grp-a001-01-000000070902153
맞춤시스템장,grp-a001-01-000000070902153
시스템행거맞춤,grp-a001-01-000000070902153
몬타시스템행거,grp-a001-01-000000070902153
원목시스템행거,grp-a001-01-000000070902153
시스템드레스룸행거,grp-a001-01-000000070902153
시스템장시공,grp-a001-01-000000070902153
코너시스템장,grp-a001-01-000000070902153
시스템렉,grp-a001-01-000000070902153
시스템행거맞춤제작,grp-a001-01-000000070902153
광주시스템장,grp-a001-01-000000070902153
ㄷ자시스템행거,grp-a001-01-000000070902153
옷방시스템장,grp-a001-01-000000070902153
시스템행거브랜드,grp-a001-01-000000070902153
시스템행거사이즈,grp-a001-01-000000070902153
시스템행거매장,grp-a001-01-000000070902153
시스템철제행거,grp-a001-01-000000070902153
튼튼한시스템행거,grp-a001-01-000000070902153
드레스룸시스템행거견적,grp-a001-01-000000070902153
몬타시스템장,grp-a001-01-000000070902153
몬타디자인시스템행거,grp-a001-01-000000070902153
예림시스템장,grp-a001-01-000000070902153
예림시스템행거,grp-a001-01-000000070902153
시스템행거방문설치,grp-a001-01-000000070902153
시스템행거실측,grp-a001-01-000000070902153
고급시스템행거,grp-a001-01-000000070902153
시스템장맞춤,grp-a001-01-000000070902153
가성비시스템장,grp-a001-01-000000070902153
경주시스템행거,grp-a001-01-000000070902153
시스템장제작,grp-a001-01-000000070902153
시스템행거주문,grp-a001-01-000000070902153
시스템행거주문제작,grp-a001-01-000000070902153
시스템장식장,grp-a001-01-000000070902153
시스템행거쇼룸,grp-a001-01-000000070902153
드레스룸시스템행거추천,grp-a001-01-000000070902153
맞춤형시스템행거,grp-a001-01-000000070902153
예쁜집시스템,grp-a001-01-000000070902153
경남시스템행거,grp-a001-01-000000070902153
목포시스템행거,grp-a001-01-000000070902153
하운트시스템행거,grp-a001-01-000000070902153
전주시스템장,grp-a001-01-000000070902153
블라인드시스템행거,grp-a001-01-000000070902153
시스템행거화이트,grp-a001-01-000000070902153
저렴한시스템행거,grp-a001-01-000000070902153
몬스터랙시스템행거,grp-a001-01-000000070902153
시스템옷방,grp-a001-01-000000070902153
시스템행어,grp-a001-01-000000070902153
몬타디자인시스템장,grp-a001-01-000000070902153
유압호스피팅,grp-a001-01-000000070902171
교통사고법률자문,grp-a001-01-000000070902171
안양형사전문변호사,grp-a001-01-000000070902171
교통사고나홀로소송,grp-a001-01-000000070902171
교통사고과실상담,grp-a001-01-000000070902171
교통사고조사이의신청,grp-a001-01-000000070902171
교통사고소액소송,grp-a001-01-000000070902171
디지털수평계,grp-a001-01-000000070902204
디지털수평기,grp-a001-01-000000070902205
연구실소모품,grp-a001-01-000000070902205
AI데이터센터,grp-a001-01-000000070902251
지리정보시스템,grp-a001-01-000000070902251
시스템엔지니어,grp-a001-01-000000070902251
AI데이터라벨링,grp-a001-01-000000070902251
데이터어노테이션,grp-a001-01-000000070902251
온라인채팅,grp-a001-01-000000070902251
데이터레이블링,grp-a001-01-000000070902251
데이터라벨링사이트,grp-a001-01-000000070902251
데이터가공,grp-a001-01-000000070902251
머신비전시스템,grp-a001-01-000000070902251
데이터라벨,grp-a001-01-000000070902251
비전검사시스템,grp-a001-01-000000070902251
데이터이쿠,grp-a001-01-000000070902251
SSCI논문컨설팅,grp-a001-01-000000070902251
SCI논문컨설팅,grp-a001-01-000000070902251
논문작성법컨설팅,grp-a001-01-000000070902251
데이터로더,grp-a001-01-000000070902251
데이터메이커시냅스,grp-a001-01-000000070902251
AI온라인,grp-a001-01-000000070902251
데이터라벨링업체,grp-a001-01-000000070902251
데이터라벨링기업,grp-a001-01-000000070902251
데이터익명화,grp-a001-01-000000070902251
첨단운전자보조시스템,grp-a001-01-000000070902251
재현데이터,grp-a001-01-000000070902251
온라인평가,grp-a001-01-000000070902402
온라인평판관리,grp-a001-01-000000070902402
온라인부부상담,grp-a001-01-000000070902603
부산심리상담사,grp-a001-01-000000070902603
포항심리치료,grp-a001-01-000000070902603
온라인무료상담,grp-a001-01-000000070902603
진로상담전문가,grp-a001-01-000000070902603
진주심리치료,grp-a001-01-000000070902603
주말의사마이너스론,grp-a001-01-000000070903321
자재관리시스템,grp-a001-01-000000070903409
공사관리시스템,grp-a001-01-000000070903409
건축물관리시스템,grp-a001-01-000000070903409
민원관리시스템,grp-a001-01-000000070903409
고객의소리통합관리시스템,grp-a001-01-000000070903409
VOC관리시스템,grp-a001-01-000000070903409
전기요금납부,grp-a001-01-000000070903411
관리비카드결제,grp-a001-01-000000070903411
관리비카드납부,grp-a001-01-000000070903411
관리비카드,grp-a001-01-000000070903411
상가관리비카드결제,grp-a001-01-000000070903411
선거관리시스템,grp-a001-01-000000070903411
관리비카드할인,grp-a001-01-000000070903411
온라인설문조사플랫폼,grp-a001-01-000000070903411
온라인투표방법,grp-a001-01-000000070903411
임대료카드,grp-a001-01-000000070903411
온라인전자투표,grp-a001-01-000000070903411
부과대행,grp-a001-01-000000070903411
빌딩건물관리,grp-a001-01-000000070903411
온라인투표플랫폼,grp-a001-01-000000070903411
중고나라신용카드,grp-a001-01-000000070903411
온라인선거시스템,grp-a001-01-000000070903411
온라인사기,grp-a001-01-000000070903576
카드이벤트,grp-a001-01-000000070903580
7월신용카드캐시백,grp-a001-01-000000070903580
모바일카드,grp-a001-01-000000070903580
신규가입이벤트,grp-a001-01-000000070903580
7월카드이벤트,grp-a001-01-000000070903580
카드캐시백이벤트,grp-a001-01-000000070903580
7월신용카드,grp-a001-01-000000070903580
7월카드발급이벤트,grp-a001-01-000000070903580
카드캐쉬백이벤트,grp-a001-01-000000070903580
캐쉬백신용카드,grp-a001-01-000000070903580
온라인카드,grp-a001-01-000000070903580
이벤트카드,grp-a001-01-000000070903580
카드사이벤트,grp-a001-01-000000070903580
카드상담사,grp-a001-01-000000070903580
국민가온글로벌카드,grp-a001-01-000000070903580
적립율높은카드,grp-a001-01-000000070903580
6월카드이벤트,grp-a001-01-000000070903580
혜택신용카드,grp-a001-01-000000070903580
온라인할인카드,grp-a001-01-000000070903580
온라인결제할인카드,grp-a001-01-000000070903580
포인트적립많이되는신용카드,grp-a001-01-000000070903580
6월신용카드,grp-a001-01-000000070903580
신용카드캐시백혜택,grp-a001-01-000000070903580
마일리지적립이벤트,grp-a001-01-000000070903580
신용카드캐쉬백,grp-a001-01-000000070903580
내게맞는신용카드,grp-a001-01-000000070903580
신용카드고르는법,grp-a001-01-000000070903580
신용카드맞춤,grp-a001-01-000000070903580
알짜신용카드,grp-a001-01-000000070903580
전월실적낮은신용카드,grp-a001-01-000000070903580
카드온라인발급,grp-a001-01-000000070903580
신용카드설계,grp-a001-01-000000070903580
3월신용카드캐시백,grp-a001-01-000000070903580
10월신용카드,grp-a001-01-000000070903580
12월신용카드,grp-a001-01-000000070903580
1월신용카드,grp-a001-01-000000070903580
2월신용카드,grp-a001-01-000000070903580
3월신용카드,grp-a001-01-000000070903580
4월신용카드,grp-a001-01-000000070903580
8월신용카드,grp-a001-01-000000070903580
9월신용카드,grp-a001-01-000000070903580
신용카드개설혜택,grp-a001-01-000000070903580
현금신용카드,grp-a001-01-000000070903580
10월신용카드캐시백,grp-a001-01-000000070903580
10월카드이벤트,grp-a001-01-000000070903580
11월카드이벤트,grp-a001-01-000000070903580
1월카드이벤트,grp-a001-01-000000070903580
2월신용카드캐시백,grp-a001-01-000000070903580
2월카드발급이벤트,grp-a001-01-000000070903580
2월카드이벤트,grp-a001-01-000000070903580
3월카드이벤트,grp-a001-01-000000070903580
4월카드발급이벤트,grp-a001-01-000000070903580
4월카드이벤트,grp-a001-01-000000070903580
5월카드이벤트,grp-a001-01-000000070903580
8월신용카드캐시백,grp-a001-01-000000070903580
8월카드발급이벤트,grp-a001-01-000000070903580
8월카드이벤트,grp-a001-01-000000070903580
결혼준비카드추천,grp-a001-01-000000070903582
나한테맞는신용카드,grp-a001-01-000000070903582
2024신용카드,grp-a001-01-000000070903582
오산교통사고,grp-a001-01-000000070903606
인천무료법률상담센터,grp-a001-01-000000070903606
인천가사전문변호사,grp-a001-01-000000070903606
김포민사전문변호사,grp-a001-01-000000070903606
턱교정한의원,grp-a001-01-000000070903608
턱관절장애한의원,grp-a001-01-000000070903608
길맨비뇨기과의원,grp-a001-01-000000070903609
산후조리선물,grp-a001-01-000000070903611
경남고성리모델링,grp-a001-01-000000070903612
불당동성형외과,grp-a001-01-000000070903613
청주잇츠미성형외과,grp-a001-01-000000070903613
신부동성형외과,grp-a001-01-000000070903613
천안불당동성형외과,grp-a001-01-000000070903613
천안여드름피부과추천,grp-a001-01-000000070903613
전국성형외과,grp-a001-01-000000070903613
한의원정보,grp-a001-01-000000070903613
의정부지방분해주사,grp-a001-01-000000070903615
전산응용건축제도기능사국비지원,grp-a001-01-000000070903699
실내건축산업기사국비지원,grp-a001-01-000000070903699
건강검진옷,grp-a001-01-000000070903701
건강검진복장,grp-a001-01-000000070903701
산후조리복,grp-a001-01-000000070903701
건강검진복,grp-a001-01-000000070903701
광주발기부전,grp-a001-01-000000070903735
병원권리금자금고양,grp-a001-01-000000070904746
어린이정형외과,grp-a001-01-000000070905370
유아정형외과,grp-a001-01-000000070905370
광주교통사고입원,grp-a001-01-000000070905370
잠실교통사고,grp-a001-01-000000070905370
성남소아정형외과,grp-a001-01-000000070905370
시흥소아정형외과,grp-a001-01-000000070905370
송파소아정형외과,grp-a001-01-000000070905370
데일카네기최고경영자과정,grp-a001-01-000000070905370
비접촉교통사고,grp-a001-01-000000070905603
영조물배상책임,grp-a001-01-000000070905603
교통사고사실확인서,grp-a001-01-000000070905603
교통사고분쟁,grp-a001-01-000000070905603
교통사고로펌,grp-a001-01-000000070905603
교통사고합의기간,grp-a001-01-000000070905603
무단횡단교통사고,grp-a001-01-000000070905603
교통사고형사합의,grp-a001-01-000000070905603
교통사고민사소송,grp-a001-01-000000070905603
교통사고소송,grp-a001-01-000000070905603
교통사고벌금,grp-a001-01-000000070905603
교통사고과실,grp-a001-01-000000070905603
신호위반교통사고,grp-a001-01-000000070905603
횡단보도교통사고,grp-a001-01-000000070905603
교통사고보상금,grp-a001-01-000000070905603
교통사고중상해,grp-a001-01-000000070905603
어린이교통사고,grp-a001-01-000000070905603
교통사고사망사고,grp-a001-01-000000070905603
자전거교통사고,grp-a001-01-000000070905603
12대중과실교통사고,grp-a001-01-000000070905603
교통사고형사처벌,grp-a001-01-000000070905603
오토바이교통사고,grp-a001-01-000000070905603
교통사고인사사고,grp-a001-01-000000070905603
교통사고상담,grp-a001-01-000000070905603
교통사고사례,grp-a001-01-000000070905603
교통사고민사합의,grp-a001-01-000000070905603
교통사고법률상담,grp-a001-01-000000070905603
교통사고가해자,grp-a001-01-000000070905603
교통사고형사합의서,grp-a001-01-000000070905603
교통사고손해배상,grp-a001-01-000000070905603
교통사고소송비용,grp-a001-01-000000070905603
교통사고이의신청,grp-a001-01-000000070905603
교통사고손해사정,grp-a001-01-000000070905603
영상분석전문가,grp-a001-01-000000070905603
교통사고과실소송,grp-a001-01-000000070905603
교통사고탄원서,grp-a001-01-000000070905603
교통사고보상,grp-a001-01-000000070905603
교통사고무료법률상담,grp-a001-01-000000070905603
교통사고민사,grp-a001-01-000000070905603
자궁근종자궁경,grp-a001-01-000000070905603
교통사고분석,grp-a001-01-000000070905603
시설물배상책임,grp-a001-01-000000070905603
교통사고재판,grp-a001-01-000000070905603
교통사고법률사무소,grp-a001-01-000000070905603
교통사고손해사정인,grp-a001-01-000000070905603
교통사고감정,grp-a001-01-000000070905603
교통사고판례,grp-a001-01-000000070905603
교통사고전문로펌,grp-a001-01-000000070905603
교통사고형사사건,grp-a001-01-000000070905603
교통사고사망사건,grp-a001-01-000000070905603
교통사고문의,grp-a001-01-000000070905603
교통사고소멸시효,grp-a001-01-000000070905603
교통사고자문,grp-a001-01-000000070905603
교통사고증명서,grp-a001-01-000000070905603
교통사고손해배상금,grp-a001-01-000000070905603
건널목교통사고,grp-a001-01-000000070905603
교통사고개호비,grp-a001-01-000000070905603
교통사고변호,grp-a001-01-000000070905603
고령임신한의원,grp-a001-01-000000070905603
요크셔테리어옷,grp-a001-01-000000070905630
보스턴테리어옷,grp-a001-01-000000070905630
리드코프승인율,grp-a001-01-000000070905630
온라인직업소개소,grp-a001-01-000000070905678
온라인인력사무소,grp-a001-01-000000070905678
시니어인턴십,grp-a001-01-000000070905702
액티브시니어,grp-a001-01-000000070905702
시니어취업사이트,grp-a001-01-000000070905702
산후조리사교육,grp-a001-01-000000070905702
경비원온라인직무교육,grp-a001-01-000000070905702
시니어잡,grp-a001-01-000000070905702
경비원온라인교육,grp-a001-01-000000070905702
성남시니어,grp-a001-01-000000070905702
노후생활전문가,grp-a001-01-000000070905702
시니어일자리사이트,grp-a001-01-000000070905702
온라인경비직무교육,grp-a001-01-000000070905702
온라인경비원직무교육,grp-a001-01-000000070905702
전직지원컨설턴트,grp-a001-01-000000070905702
시니어채용정보,grp-a001-01-000000070905702
온라인수익창출,grp-a001-01-000000070905702
분당종합건강검진,grp-a001-01-000000070905725
야탑위내시경,grp-a001-01-000000070905725
송파뇌MRI,grp-a001-01-000000070905769
한신메디칼,grp-a001-01-000000070907874
알피니언메디칼,grp-a001-01-000000070907874
내시경기계,grp-a001-01-000000070907874
미세전류치료기,grp-a001-01-000000070907874
내시경인젝터,grp-a001-01-000000070907874
후지필름내시경,grp-a001-01-000000070907874
병원무영등,grp-a001-01-000000070907874
모바일체크인,grp-a001-01-000000070907900
모바일티켓,grp-a001-01-000000070907900
WMS시스템,grp-a001-01-000000070907900
온라인쇼핑,grp-a001-01-000000070907900
등록시스템,grp-a001-01-000000070907900
원격검침시스템,grp-a001-01-000000070907900
온라인예약,grp-a001-01-000000070907900
시니어개발자,grp-a001-01-000000070907900
시스템개발,grp-a001-01-000000070907900
키텍시스템,grp-a001-01-000000070907900
출입시스템,grp-a001-01-000000070907900
출퇴근시스템,grp-a001-01-000000070907900
온라인예매,grp-a001-01-000000070907900
세미나명찰,grp-a001-01-000000070907900
플랫폼업체,grp-a001-01-000000070907900
모텔객실관리시스템,grp-a001-01-000000070907900
회원관리시스템,grp-a001-01-000000070907900
통신공사면허,grp-a001-01-000000070907900
컴퓨터데이터백업,grp-a001-01-000000070907900
예약관리시스템,grp-a001-01-000000070907900
RPA시스템,grp-a001-01-000000070907900
시스템모니터링,grp-a001-01-000000070907900
대관시스템,grp-a001-01-000000070907900
전시회등록시스템,grp-a001-01-000000070907900
모바일예약,grp-a001-01-000000070907900
객실시스템,grp-a001-01-000000070907900
고객관리대장,grp-a001-01-000000070907900
구매관리시스템,grp-a001-01-000000070907900
웹플랫폼,grp-a001-01-000000070907900
전자출입시스템,grp-a001-01-000000070907900
무인텔시스템,grp-a001-01-000000070907900
티켓팅시스템,grp-a001-01-000000070907900
예매시스템,grp-a001-01-000000070907900
온라인예약플랫폼,grp-a001-01-000000070907900
부킹시스템,grp-a001-01-000000070907900
티켓예매시스템,grp-a001-01-000000070907900
체크인시스템,grp-a001-01-000000070907900
행사등록시스템,grp-a001-01-000000070907900
현장등록시스템,grp-a001-01-000000070907900
전시등록시스템,grp-a001-01-000000070907900
데이터메니티,grp-a001-01-000000070907900
사전등록시스템,grp-a001-01-000000070907900
예약관리대장,grp-a001-01-000000070907900
전시장등록시스템,grp-a001-01-000000070907900
티켓발권시스템,grp-a001-01-000000070907900
모바일티켓제작,grp-a001-01-000000070907900
QR코드시스템,grp-a001-01-000000070907900
발권시스템,grp-a001-01-000000070907900
모바일입장권,grp-a001-01-000000070907900
매표시스템,grp-a001-01-000000070907900
자동출결시스템,grp-a001-01-000000070907900
강사관리시스템,grp-a001-01-000000070907900
주문관리시스템,grp-a001-01-000000070907900
피킹시스템,grp-a001-01-000000070907900
카페24정산관리,grp-a001-01-000000070907900
판매시스템,grp-a001-01-000000070907900
온라인입점,grp-a001-01-000000070907900
온라인판매관리,grp-a001-01-000000070907900
플랫폼개발업체,grp-a001-01-000000070907900
온라인판매대행업체,grp-a001-01-000000070907900
대기관리시스템,grp-a001-01-000000070907900
헬스장회원관리시스템,grp-a001-01-000000070907900
ERP시스템개발,grp-a001-01-000000070907900
회사시스템구축,grp-a001-01-000000070907900
회의실관리시스템,grp-a001-01-000000070907900
웹플랫폼개발,grp-a001-01-000000070907900
플랫폼제작업체,grp-a001-01-000000070907900
적대적M&A,grp-a001-01-000000070907907
법률전문가,grp-a001-01-000000070907907
소방공사면허,grp-a001-01-000000070907907
소방컨설팅,grp-a001-01-000000070907907
외국인부동산증여,grp-a001-01-000000070907907
조속재결신청서,grp-a001-01-000000070907907
적대적M&A,grp-a001-01-000000070907965
법률전문가,grp-a001-01-000000070907965
소방공사면허,grp-a001-01-000000070907965
소방컨설팅,grp-a001-01-000000070907965
외국인부동산증여,grp-a001-01-000000070907965
조속재결신청서,grp-a001-01-000000070907965
잘하는곳병원권리금자금,grp-a001-01-000000070908014
원주혁신도시원룸,grp-a001-01-000000070908197
대산신도시,grp-a001-01-000000070908197
청평도시개발,grp-a001-01-000000070908197
보존과전문의,grp-a001-01-000000070908235
의사가운,grp-a001-01-000000070908282
간호사복,grp-a001-01-000000070908282
여름간호사복,grp-a001-01-000000070908282
간호사옷,grp-a001-01-000000070908282
대장내시경바지,grp-a001-01-000000070908282
간호사바지,grp-a001-01-000000070908282
간호사임부복,grp-a001-01-000000070908282
간호사복장,grp-a001-01-000000070908282
반팔의사가운,grp-a001-01-000000070908282
간호사실습복,grp-a001-01-000000070908282
유아의사가운,grp-a001-01-000000070908282
치료사복,grp-a001-01-000000070908282
의사자켓,grp-a001-01-000000070908282
의사가운자수,grp-a001-01-000000070908282
간호사복바지,grp-a001-01-000000070908282
남자간호사복,grp-a001-01-000000070908282
의사가운제작,grp-a001-01-000000070908282
의사가운반팔,grp-a001-01-000000070908282
간호사특수복,grp-a001-01-000000070908282
간호사치마,grp-a001-01-000000070908282
내시경바지,grp-a001-01-000000070908282
해리슨의사가운,grp-a001-01-000000070908282
여름용의사가운,grp-a001-01-000000070908282
의사가운맞춤,grp-a001-01-000000070908282
여의사가운,grp-a001-01-000000070908282
의사가운여름,grp-a001-01-000000070908282
프리미엄의사가운,grp-a001-01-000000070908282
방사선가운,grp-a001-01-000000070908282
메디컬의류,grp-a001-01-000000070908282
의사가운자켓,grp-a001-01-000000070908282
맞춤의사가운,grp-a001-01-000000070908282
스판의사가운,grp-a001-01-000000070908282
의사자켓가운,grp-a001-01-000000070908282
병원의류,grp-a001-01-000000070908282
의사신용등급강남,grp-a001-01-000000070914365
외국인법률상담,grp-a001-01-000000070914415
교통사고시뮬레이션,grp-a001-01-000000070914442
창원창업,grp-a001-01-000000070914442
음주운전형사전문변호사,grp-a001-01-000000070914442
디지털명함,grp-a001-01-000000070914511
결혼준비카드,grp-a001-01-000000070914511
여드름흉터피부과,grp-a001-01-000000070914511
갑상선흉터,grp-a001-01-000000070914511
피부과여드름흉터치료,grp-a001-01-000000070914511
수술흉터피부과,grp-a001-01-000000070914511
갑상선흉터치료,grp-a001-01-000000070914511
이벤트사이트,grp-a001-01-000000070914511
서울여드름흉터피부과,grp-a001-01-000000070914511
모바일초대장제작,grp-a001-01-000000070914511
여드름흉터치료피부과,grp-a001-01-000000070914511
캐시백이벤트,grp-a001-01-000000070914511
여드름패인흉터피부과,grp-a001-01-000000070914511
온라인초대장,grp-a001-01-000000070914511
모바일초청장제작,grp-a001-01-000000070914511
국민가온글로벌,grp-a001-01-000000070914511
여드름흉터피부과추천,grp-a001-01-000000070914511
여드름흉터제거피부과,grp-a001-01-000000070914511
모바일어플만들기,grp-a001-01-000000070914511
가성비카드,grp-a001-01-000000070914511
연회비지원,grp-a001-01-000000070914511
뮤지컬카드,grp-a001-01-000000070914511
모바일소식지,grp-a001-01-000000070914511
모바일카다로그,grp-a001-01-000000070914511
모바일쿠폰대량발송,grp-a001-01-000000070914511
행사플랫폼,grp-a001-01-000000070914511
주부카드,grp-a001-01-000000070914511
로카365이벤트,grp-a001-01-000000070914511
출시이벤트,grp-a001-01-000000070914511
재왕절개흉터,grp-a001-01-000000070914511
대상포진흉터피부과,grp-a001-01-000000070914511
패인흉터한의원,grp-a001-01-000000070914511
모바일브로셔,grp-a001-01-000000070914511
모바일카달로그,grp-a001-01-000000070914511
모바일DM,grp-a001-01-000000070914511
모바일단체문자,grp-a001-01-000000070914511
온라인쿠폰발행,grp-a001-01-000000070914511
모바일브로슈어,grp-a001-01-000000070914511
카카오톡모바일교환권,grp-a001-01-000000070914511
디지털카달로그,grp-a001-01-000000070914511
디지털룩북,grp-a001-01-000000070914511
디지털브로슈어,grp-a001-01-000000070914511
외국인개발자채용,grp-a001-01-000000070914511
온라인소식지,grp-a001-01-000000070914511
행사시스템,grp-a001-01-000000070914511
온라인설문지,grp-a001-01-000000070914511
이벤트홈페이지제작,grp-a001-01-000000070914511
이벤트랜딩페이지,grp-a001-01-000000070914511
캐쉬백이벤트,grp-a001-01-000000070914511
연회비면제카드,grp-a001-01-000000070914511
동물용의약품,grp-a001-01-000000070914596
동물용의약품도매상,grp-a001-01-000000070914596
의정부피부과추천,grp-a001-01-000000070914679
출입관리시스템,grp-a001-01-000000070914679
제이엔디시스템,grp-a001-01-000000070914679
자동문시스템,grp-a001-01-000000070914679
자동문출입통제시스템,grp-a001-01-000000070914679
옥정동피부과,grp-a001-01-000000070914709
포천피부과,grp-a001-01-000000070914709
회룡역피부과,grp-a001-01-000000070914709
덕계역피부과,grp-a001-01-000000070914709
의정부여드름피부과,grp-a001-01-000000070914709
지행역피부과,grp-a001-01-000000070914709
피부과의정부,grp-a001-01-000000070914709
광사동피부과,grp-a001-01-000000070914709
양주피부과추천,grp-a001-01-000000070914709
회천피부과,grp-a001-01-000000070914709
의정부피부과제모,grp-a001-01-000000070914709
양주시옥정동피부과,grp-a001-01-000000070914709
퇴계원피부과,grp-a001-01-000000070914825
약국일반의약품자금창원,grp-a001-01-000000070917456
송도신도시,grp-a001-01-000000070924914
영종도블루오션레지던스,grp-a001-01-000000070924914
지급명령이의신청서,grp-a001-01-000000070925211
지급명령신청서작성,grp-a001-01-000000070925211
지급명령이의신청서답변서,grp-a001-01-000000070925211
백운호수시니어,grp-a001-01-000000070925609
에스엘플랫폼,grp-a001-01-000000070925676
실버타워,grp-a001-01-000000070925676
마곡시니어,grp-a001-01-000000070925676
구미교통사고,grp-a001-01-000000070925864
구미허리디스크,grp-a001-01-000000070925864
구미목디스크,grp-a001-01-000000070925864
천장형시스템냉난방기,grp-a001-01-000000070925971
디지털락커,grp-a001-01-000000070925993
의료기관금리비교근처,grp-a001-01-000000070927835
병원권리금자금비교,grp-a001-01-000000070929264
CAD온라인교육,grp-a001-01-000000070929264
캐드온라인교육,grp-a001-01-000000070929264
오토캐드온라인교육,grp-a001-01-000000070929264
전주의사마이너스론,grp-a001-01-000000070929264
췌장MRI,grp-a001-01-000000070929596
은평구MRI,grp-a001-01-000000070929596
교통사고위로금,grp-a001-01-000000070929773
조정신청서,grp-a001-01-000000070929773
의정부지산,grp-a001-01-000000070929801
회천신도시,grp-a001-01-000000070929839
양주회천신도시,grp-a001-01-000000070929839
대라수어썸브릿지,grp-a001-01-000000070929839
면책신청서,grp-a001-01-000000070931342
압류해제신청서,grp-a001-01-000000070931342
압류해지신청서,grp-a001-01-000000070931342
통장압류신청서,grp-a001-01-000000070931342
간호사자소서첨삭,grp-a001-01-000000070931418
마케팅실패사례,grp-a001-01-000000070931418
이사생활백서,grp-a001-01-000000070931418
학위논문컨설팅,grp-a001-01-000000070931418
논문컨설팅업체,grp-a001-01-000000070931418
물리치료학과논문,grp-a001-01-000000070931418
만족도조사대행,grp-a001-01-000000070931418
시니어클럽사업계획서,grp-a001-01-000000070931418
건강검진실시계획서,grp-a001-01-000000070931418
군자건강검진,grp-a001-01-000000070931466
군자역건강검진,grp-a001-01-000000070931466
잠실대장내시경,grp-a001-01-000000070931466
잠실내시경,grp-a001-01-000000070931466
고덕역건강검진,grp-a001-01-000000070931466
강동구특수건강검진,grp-a001-01-000000070931466
간MRI,grp-a001-01-000000070931503
폐MRI,grp-a001-01-000000070931503
대체의학과,grp-a001-01-000000070931669
부산방문간호사,grp-a001-01-000000070931669
온라인TESOL,grp-a001-01-000000070931669
눈에좋은한약재,grp-a001-01-000000070931771
광주건강검진센터,grp-a001-01-000000070931806
광주건강검진병원,grp-a001-01-000000070931806
광주위내시경,grp-a001-01-000000070931806
광주남구건강검진,grp-a001-01-000000070931806
광주갑상선초음파,grp-a001-01-000000070931806
광주서구건강검진센터,grp-a001-01-000000070931806
광주종합건강검진센터,grp-a001-01-000000070931806
광주건강검진잘하는곳,grp-a001-01-000000070931806
광주북구건강검진센터,grp-a001-01-000000070931806
광주채용건강검진,grp-a001-01-000000070931806
광주종합검진센터,grp-a001-01-000000070931806
광주북구대장내시경,grp-a001-01-000000070931806
리뷰이벤트,grp-a001-01-000000070931889
배민수수료,grp-a001-01-000000070931889
리뷰이벤트배너,grp-a001-01-000000070931889
옥정건강검진,grp-a001-01-000000070931889
천안대장내시경,grp-a001-01-000000070931889
천안위내시경,grp-a001-01-000000070931889
후기이벤트,grp-a001-01-000000070931889
천안내시경,grp-a001-01-000000070931889
탕정건강검진,grp-a001-01-000000070931889
당진건강검진,grp-a001-01-000000070931889
의정부치질수술,grp-a001-01-000000070931889
의정부내시경,grp-a001-01-000000070931889
인더핑크건강검진,grp-a001-01-000000070931889
옥정동건강검진,grp-a001-01-000000070931889
남양주치질수술,grp-a001-01-000000070931889
체험이벤트,grp-a001-01-000000070931889
외국인유튜버,grp-a001-01-000000070931889
배방건강검진,grp-a001-01-000000070931889
양주건강검진병원,grp-a001-01-000000070931889
양주대장내시경,grp-a001-01-000000070931889
천안아산건강검진,grp-a001-01-000000070931889
양주위내시경,grp-a001-01-000000070931889
천안검진센터,grp-a001-01-000000070931889
리뷰플랫폼,grp-a001-01-000000070931889
가능동건강검진,grp-a001-01-000000070931889
광진구MRI,grp-a001-01-000000070931889
성북구대장내시경,grp-a001-01-000000070931889
성북구위내시경,grp-a001-01-000000070931889
천안불당동건강검진,grp-a001-01-000000070931889
도봉구대장내시경,grp-a001-01-000000070931889
미아역건강검진,grp-a001-01-000000070931889
노원구대장내시경,grp-a001-01-000000070931889
무료체험이벤트,grp-a001-01-000000070931889
리뷰마케팅업체,grp-a001-01-000000070931889
온라인관리,grp-a001-01-000000070931889
녹양동건강검진,grp-a001-01-000000070931889
의정부수면내시경,grp-a001-01-000000070931889
미아사거리역건강검진,grp-a001-01-000000070931889
이벤트체험단,grp-a001-01-000000070931889
온라인체험단,grp-a001-01-000000070931889
블로그리뷰마케팅,grp-a001-01-000000070931889
블로그마케팅체험단,grp-a001-01-000000070931889
매장이벤트,grp-a001-01-000000070931889
앱마케팅의모든것,grp-a001-01-000000070931889
온라인리뷰,grp-a001-01-000000070931889
앱리뷰마케팅,grp-a001-01-000000070931889
인스타체험단플랫폼,grp-a001-01-000000070931889
틱톡커마케팅,grp-a001-01-000000070931889
K-디지털트레이닝,grp-a001-01-000000070931946
데이터레이크,grp-a001-01-000000070931946
온라인부트캠프,grp-a001-01-000000070931946
온라인만족도조사,grp-a001-01-000000070931946
파이썬온라인교육,grp-a001-01-000000070931946
마케팅SNS,grp-a001-01-000000070931946
시스템엔지니어교육,grp-a001-01-000000070931946
SQL온라인,grp-a001-01-000000070931946
목공방창업,grp-a001-01-000000070932004
창원건축,grp-a001-01-000000070932004
디지털갤러리,grp-a001-01-000000070932104
왕십리위내시경,grp-a001-01-000000070932315
왕십리내시경,grp-a001-01-000000070932315
왕십리대장내시경,grp-a001-01-000000070932315
성동구대장내시경,grp-a001-01-000000070932315
청라목디스크,grp-a001-01-000000070932404
사업용카드,grp-a001-01-000000070933330
병원권리금자금전주,grp-a001-01-000000070934029
미즈노글로벌엘리트,grp-a001-01-000000070935090
대한항공승무원유니폼,grp-a001-01-000000070935090
제주항공승무원유니폼,grp-a001-01-000000070935090
한의사옷,grp-a001-01-000000070935090
글로벌엘리트,grp-a001-01-000000070935090
항공학과대학,grp-a001-01-000000070935090
내포신도시중흥,grp-a001-01-000000070935097
디지털미디어고등학교,grp-a001-01-000000070935594
온라인코딩,grp-a001-01-000000070935594
국비지원웹퍼블리셔,grp-a001-01-000000070935594
태블로국비지원,grp-a001-01-000000070935594
온라인세특노트,grp-a001-01-000000070935678
창원여드름피부과,grp-a001-01-000000070936155
창원여드름한의원,grp-a001-01-000000070936155
중기매매계약서,grp-a001-01-000000070936566
수수료계약서,grp-a001-01-000000070936566
외국인계약서,grp-a001-01-000000070936566
임대차권리금계약서,grp-a001-01-000000070936566
온라인광고계약서,grp-a001-01-000000070936566
중개컨설팅계약서,grp-a001-01-000000070936566
투자유치계약서,grp-a001-01-000000070936566
창업컨설팅계약서,grp-a001-01-000000070936566
도박치료센터,grp-a001-01-000000070937949
정신병동입원,grp-a001-01-000000070937949
피부과상담실무,grp-a001-01-000000070939024
건축모델링,grp-a001-01-000000070939562
차양시스템,grp-a001-01-000000070939562
전동시스템루버,grp-a001-01-000000070939562
검단신도시피부관리,grp-a001-01-000000070940848
인천피부과점,grp-a001-01-000000070940848
인천여드름흉터피부과,grp-a001-01-000000070940848
인력사무소수수료,grp-a001-01-000000070941055
닥터키한의원,grp-a001-01-000000070941268
요실금치료기기,grp-a001-01-000000070942264
외국인관광도시민박업,grp-a001-01-000000070943115
외국인도시민박업,grp-a001-01-000000070943115
금속창호공사면허,grp-a001-01-000000070943115
외국인관광도시민박업,grp-a001-01-000000070944720
외국인도시민박업,grp-a001-01-000000070944720
금속창호공사면허,grp-a001-01-000000070944720
치과플랫폼,grp-a001-01-000000070959448
한의원플랫폼,grp-a001-01-000000070959448
추천의사신용등급,grp-a001-01-000000070961858
창원의사신용등급,grp-a001-01-000000070961858
실버타운금액,grp-a001-01-000000070962132
서면메디컬카운티,grp-a001-01-000000070962132
이벤트페이지제작,grp-a001-01-000000070962228
온라인서점,grp-a001-01-000000070964353
온라인독서프로그램,grp-a001-01-000000070964353
온라인브로슈어,grp-a001-01-000000070964353
온라인동화책,grp-a001-01-000000070964353
디지털북제작,grp-a001-01-000000070964353
디지털교과서제작,grp-a001-01-000000070964353
민간도시개발사업,grp-a001-01-000000070965273
텔레마케팅관리사실기,grp-a001-01-000000070965905
삼성화재7대질병수술비,grp-a001-01-000000070965905
화상회의시스템,grp-a001-01-000000070965914
화상회의마이크,grp-a001-01-000000070965914
관제시스템,grp-a001-01-000000070965914
모니터링시스템,grp-a001-01-000000070965914
비대면회의,grp-a001-01-000000070965914
통합제어시스템,grp-a001-01-000000070965914
통합관제시스템,grp-a001-01-000000070965914
로지텍화상회의시스템,grp-a001-01-000000070965914
영상회의시스템,grp-a001-01-000000070965914
회의시스템,grp-a001-01-000000070965914
화상회의시스템구축,grp-a001-01-000000070965914
화상회의플랫폼,grp-a001-01-000000070965914
수업자동녹화시스템,grp-a001-01-000000070965914
방문관리시스템,grp-a001-01-000000070965914
회의실시스템,grp-a001-01-000000070965914
화상시스템,grp-a001-01-000000070965914
CCTV시스템구축,grp-a001-01-000000070965914
원격회의시스템,grp-a001-01-000000070965914
수업녹화시스템,grp-a001-01-000000070965914
방문자관리시스템,grp-a001-01-000000070965914
실시간모니터링시스템,grp-a001-01-000000070965914
방문객관리시스템,grp-a001-01-000000070965914
내방객관리시스템,grp-a001-01-000000070965914
프랜차이즈가맹점관리론,grp-a001-01-000000070966136
프랜차이즈운영매뉴얼,grp-a001-01-000000070966136
프랜차이즈자료,grp-a001-01-000000070966136
병원고객응대매뉴얼,grp-a001-01-000000070966136
프랜차이즈보고서,grp-a001-01-000000070966136
할인의료기관금리비교,grp-a001-01-000000070966457
용인약국일반의약품자금,grp-a001-01-000000070966512
대전심리치료,grp-a001-01-000000070966578
세종심리치료,grp-a001-01-000000070966587
온라인마켓,grp-a001-01-000000070966636
온라인판매사이트,grp-a001-01-000000070966636
온라인몰관리,grp-a001-01-000000070966636
시스템개발업체,grp-a001-01-000000070966636
모바일앱디자인,grp-a001-01-000000070966636
아이디어스온라인클래스,grp-a001-01-000000070966636
여드름피부과,grp-a001-01-000000070968413
여드름한의원,grp-a001-01-000000070968413
천안여드름피부과,grp-a001-01-000000070968413
분당여드름피부과,grp-a001-01-000000070968413
여드름압출피부과,grp-a001-01-000000070968413
강남여드름피부과,grp-a001-01-000000070968413
피부과여드름흉터,grp-a001-01-000000070968413
한의원여드름,grp-a001-01-000000070968413
피부과여드름관리,grp-a001-01-000000070968413
평택여드름피부과,grp-a001-01-000000070968413
강남역여드름피부과,grp-a001-01-000000070968413
여드름피부과가격,grp-a001-01-000000070968413
잠실여드름피부과,grp-a001-01-000000070968413
구미여드름피부과,grp-a001-01-000000070968413
모공각화증한의원,grp-a001-01-000000070968413
피부과여드름치료가격,grp-a001-01-000000070968413
여드름관리피부과,grp-a001-01-000000070968413
압구정여드름피부과,grp-a001-01-000000070968413
여드름흉터한의원,grp-a001-01-000000070968413
강남피부과여드름,grp-a001-01-000000070968413
강남여드름피부과추천,grp-a001-01-000000070968413
성남여드름피부과,grp-a001-01-000000070968413
서현여드름피부과,grp-a001-01-000000070968413
강남역피부과여드름,grp-a001-01-000000070968413
용인여드름피부과,grp-a001-01-000000070968413
성인여드름한의원,grp-a001-01-000000070968413
분당피부과여드름,grp-a001-01-000000070968413
여드름흉터치료한의원,grp-a001-01-000000070968413
여드름흉터성형외과,grp-a001-01-000000070968413
여드름패인흉터한의원,grp-a001-01-000000070968413
주름개선피부과,grp-a001-01-000000070968413
순위병원권리금자금,grp-a001-01-000000070975192
광주의사마이너스론,grp-a001-01-000000070975376
발목인공관절치환술,grp-a001-01-000000070977711
인천의사마이너스론,grp-a001-01-000000070978088
실내건축공사면허,grp-a001-01-000000070978099
실내건축공사업자본금,grp-a001-01-000000070978099
도장공사면허,grp-a001-01-000000070978099
방수공사면허,grp-a001-01-000000070978099
석공사면허,grp-a001-01-000000070978099
습식공사면허,grp-a001-01-000000070978099
금속공사면허,grp-a001-01-000000070978099
플랫폼판매,grp-a001-01-000000070978468
수도권신축빌라,grp-a001-01-000000070978468
진로상담사,grp-a001-01-000000070978516
적외선치료기,grp-a001-01-000000070978519
허리디스크방석,grp-a001-01-000000070978519
탈장수술입원기간,grp-a001-01-000000070978519
전립선방석,grp-a001-01-000000070978519
락토바실러스애시도필러스,grp-a001-01-000000070978519
디지털프린팅,grp-a001-01-000000070978519
배꼽탈장수술,grp-a001-01-000000070978519
복강경탈장수술,grp-a001-01-000000070978519
탈장수술병원,grp-a001-01-000000070978519
디스크방석,grp-a001-01-000000070978519
소아탈장수술,grp-a001-01-000000070978519
탈장수술잘하는곳,grp-a001-01-000000070978519
여성의류패턴,grp-a001-01-000000070978519
티셔츠디지털프린팅,grp-a001-01-000000070978519
천안위대장내시경,grp-a001-01-000000070978519
담적한방병원,grp-a001-01-000000070978519
디지털프린트티셔츠,grp-a001-01-000000070978519
여성의류제작,grp-a001-01-000000070978519
경기광주내시경,grp-a001-01-000000070978519
부산탈장수술병원,grp-a001-01-000000070978519
부산서혜부탈장수술,grp-a001-01-000000070978519
부산의류프린팅,grp-a001-01-000000070978519
의류제작플랫폼,grp-a001-01-000000070978519
위궤양한의원,grp-a001-01-000000070978519
사실조회촉탁신청서,grp-a001-01-000000070978527
시니어직업,grp-a001-01-000000070978527
대전발기부전,grp-a001-01-000000070978559
대전전립선,grp-a001-01-000000070978559
천안전립선비대증,grp-a001-01-000000070978559
대전정관수술비용,grp-a001-01-000000070978559
천안전립선,grp-a001-01-000000070978559
문의의료기관금리비교,grp-a001-01-000000070978748
약국일반의약품자금추천,grp-a001-01-000000070978748
약국일반의약품자금후기,grp-a001-01-000000070978756
법정의무교육온라인무료,grp-a001-01-000000070978758
병원권리금자금대전,grp-a001-01-000000070978807
사물인터넷전문가,grp-a001-01-000000070978820
임베디드시스템교육,grp-a001-01-000000070978820
제조데이터분석,grp-a001-01-000000070978821
병의원전문,grp-a001-01-000000070978823
지방세납부카드,grp-a001-01-000000070978828
국세납부카드,grp-a001-01-000000070978828
지방세납부신용카드,grp-a001-01-000000070978828
24평시스템행거,grp-a001-01-000000070978829
분당피부과사마귀,grp-a001-01-000000070978830
굽네치킨모바일쿠폰,grp-a001-01-000000071014384
모바일상품권,grp-a001-01-000000071016343
롯데상품권모바일,grp-a001-01-000000071016343
스타벅스모바일상품권,grp-a001-01-000000071016343
현대모바일상품권,grp-a001-01-000000071016343
시스템루버,grp-a001-01-000000071016343
투썸모바일쿠폰,grp-a001-01-000000071016343
시스템루바,grp-a001-01-000000071016343
메가커피모바일쿠폰,grp-a001-01-000000071016343
아웃백모바일상품권,grp-a001-01-000000071016343
메가커피모바일상품권,grp-a001-01-000000071016343
커피이벤트,grp-a001-01-000000071016343
빽다방모바일상품권,grp-a001-01-000000071016343
스타벅스모바일쿠폰,grp-a001-01-000000071016343
미술심리상담사1급,grp-a001-01-000000071016343
모바일문화상품권구매,grp-a001-01-000000071016343
커피쿠폰이벤트,grp-a001-01-000000071016343
투썸모바일금액권,grp-a001-01-000000071016343
신세계백화점상품권온라인,grp-a001-01-000000071016343
신세계이마트모바일상품권,grp-a001-01-000000071016343
시스템루버창,grp-a001-01-000000071016343
홈플러스모바일상품권,grp-a001-01-000000071016343
온라인상품권구매,grp-a001-01-000000071016343
모바일백화점상품권,grp-a001-01-000000071016343
투썸플레이스모바일쿠폰,grp-a001-01-000000071016343
투썸모바일상품권,grp-a001-01-000000071016343
롯데리아모바일상품권,grp-a001-01-000000071016343
컴포즈모바일쿠폰,grp-a001-01-000000071016343
미술심리상담사취업,grp-a001-01-000000071016343
미술심리상담사2급,grp-a001-01-000000071016343
미술상담사,grp-a001-01-000000071016343
모바일커피쿠폰,grp-a001-01-000000071016343
이디야모바일쿠폰,grp-a001-01-000000071016343
롯데리아모바일쿠폰,grp-a001-01-000000071016343
다이소모바일쿠폰,grp-a001-01-000000071016343
이디야모바일,grp-a001-01-000000071016343
컴포즈커피모바일쿠폰,grp-a001-01-000000071016343
컴포즈커피모바일상품권,grp-a001-01-000000071016343
스벅모바일상품권,grp-a001-01-000000071016343
모바일문화상품권판매,grp-a001-01-000000071016343
현대백화점모바일상품권구매,grp-a001-01-000000071016343
커피모바일쿠폰,grp-a001-01-000000071016343
온라인쿠폰,grp-a001-01-000000071016343
파스쿠찌모바일상품권,grp-a001-01-000000071016343
스타벅스모바일교환권,grp-a001-01-000000071016343
스타벅스온라인쿠폰,grp-a001-01-000000071016343
커피빈모바일상품권,grp-a001-01-000000071016343
이디야모바일상품권,grp-a001-01-000000071016343
공차모바일쿠폰,grp-a001-01-000000071016343
신세계백화점모바일,grp-a001-01-000000071016343
신세계백화점모바일상품권구매,grp-a001-01-000000071016343
상품권이벤트,grp-a001-01-000000071016343
루버시스템,grp-a001-01-000000071016343
유아심리상담사,grp-a001-01-000000071016343
아동미술심리치료,grp-a001-01-000000071016343
미술심리상담사시험,grp-a001-01-000000071016343
커피모바일상품권,grp-a001-01-000000071016343
스타벅스모바일금액권,grp-a001-01-000000071016343
스타벅스모바일선물,grp-a001-01-000000071016343
스타벅스기프티콘이벤트,grp-a001-01-000000071016343
무료약국일반의약품자금,grp-a001-01-000000071016343
PVC시스템루버,grp-a001-01-000000071016343
알루미늄시스템루버,grp-a001-01-000000071016343
자동시스템루버,grp-a001-01-000000071016343
아동복지상담사,grp-a001-01-000000071016343
미술심리치료사2급,grp-a001-01-000000071016343
미술치료사1급,grp-a001-01-000000071016343
미술상담치료사,grp-a001-01-000000071016343
스타벅스모바일기프티콘,grp-a001-01-000000071016343
스타벅스아메리카노모바일쿠폰,grp-a001-01-000000071016343
스타벅스모바일쿠폰구매,grp-a001-01-000000071016343
스타벅스모바일기프트카드,grp-a001-01-000000071016343
홈플러스모바일금액권,grp-a001-01-000000071016343
홈플러스모바일교환권,grp-a001-01-000000071016343
모바일외식상품권,grp-a001-01-000000071016343
모바일문화상품권,grp-a001-01-000000071016363
모바일신세계상품권교환,grp-a001-01-000000071016363
온라인전시회,grp-a001-01-000000071016363
모바일상품권구매,grp-a001-01-000000071016363
기프티콘이벤트,grp-a001-01-000000071016363
모바일상품권판매,grp-a001-01-000000071016363
이벤트응모,grp-a001-01-000000071016363
디자이너스킨태닝로션,grp-a001-01-000000071016363
모바일스탬프투어,grp-a001-01-000000071016363
모바일기프티콘,grp-a001-01-000000071016363
모바일교환권,grp-a001-01-000000071016363
일산정신의학과,grp-a001-01-000000071016363
모바일금액권,grp-a001-01-000000071016363
IOT시스템,grp-a001-01-000000071016363
디자이너스킨슈퍼노바,grp-a001-01-000000071016363
메타버스플랫폼,grp-a001-01-000000071016363
모바일사원증,grp-a001-01-000000071016363
디지털전시,grp-a001-01-000000071016363
디지털상품권,grp-a001-01-000000071016363
온라인전시,grp-a001-01-000000071016363
컬쳐랜드모바일,grp-a001-01-000000071016363
온라인추모관,grp-a001-01-000000071016363
온라인박물관,grp-a001-01-000000071016363
출결시스템,grp-a001-01-000000071016363
모바일쿠폰판매,grp-a001-01-000000071016363
모바일상품권선물,grp-a001-01-000000071016363
모바일상품,grp-a001-01-000000071016363
전자출결시스템,grp-a001-01-000000071016363
모바일스탬프,grp-a001-01-000000071016363
모바일상품권할인,grp-a001-01-000000071016363
이벤트플랜트,grp-a001-01-000000071016363
모바일쿠폰만들기,grp-a001-01-000000071016363
모바일답례품,grp-a001-01-000000071016363
모바일컬쳐랜드,grp-a001-01-000000071016363
3D모델링제작,grp-a001-01-000000071016363
3D모델링업체,grp-a001-01-000000071016363
상품권모바일,grp-a001-01-000000071016363
모바일상품권선물하기,grp-a001-01-000000071016363
설문이벤트,grp-a001-01-000000071016363
디지털수족관,grp-a001-01-000000071016363
예지보전시스템,grp-a001-01-000000071016363
이수역정신의학과,grp-a001-01-000000071016363
모바일상품권발송,grp-a001-01-000000071016363
모바일기프트카드,grp-a001-01-000000071016363
모바일쿠폰할인,grp-a001-01-000000071016363
모바일선물,grp-a001-01-000000071016363
백화점상품권모바일,grp-a001-01-000000071016363
모바일상품권카드구매,grp-a001-01-000000071016363
문화상품권모바일구매,grp-a001-01-000000071016363
컬쳐랜드모바일결제,grp-a001-01-000000071016363
모바일쿠폰유효기간,grp-a001-01-000000071016363
소상공인어플,grp-a001-01-000000071016363
디지털키즈카페,grp-a001-01-000000071016363
모바일기프트콘,grp-a001-01-000000071016363
모바일쿠폰선물,grp-a001-01-000000071016363
모바일쿠폰구매,grp-a001-01-000000071016363
쿠폰마케팅,grp-a001-01-000000071016363
신규회원이벤트,grp-a001-01-000000071016363
디지털트윈업체,grp-a001-01-000000071016363
온라인스탬프투어,grp-a001-01-000000071016363
모바일쿠폰발송,grp-a001-01-000000071016363
모바일쿠폰보내기,grp-a001-01-000000071016363
온라인기프티콘,grp-a001-01-000000071016363
모바일기프트,grp-a001-01-000000071016363
모바일상품권대량구매,grp-a001-01-000000071016363
모바일상품권구입방법,grp-a001-01-000000071016363
모바일상품권종류,grp-a001-01-000000071016363
백화점모바일상품권구매,grp-a001-01-000000071016363
상품권온라인구매,grp-a001-01-000000071016363
모바일쿠폰발행,grp-a001-01-000000071016363
모바일상품권보내기,grp-a001-01-000000071016363
모바일교환권판매,grp-a001-01-000000071016363
문화상품권모바일결제,grp-a001-01-000000071016363
상품권모바일구매,grp-a001-01-000000071016363
디지털콘텐츠제작,grp-a001-01-000000071016363
이벤트테크,grp-a001-01-000000071016363
세미나명찰제작,grp-a001-01-000000071016363
온라인출석체크,grp-a001-01-000000071016363
명찰출력시스템,grp-a001-01-000000071016363
무인화시스템,grp-a001-01-000000071016363
모바일디자인,grp-a001-01-000000071016363
모바일UX디자인,grp-a001-01-000000071016363
모바일웹디자인,grp-a001-01-000000071016363
모바일쿠폰대량구매,grp-a001-01-000000071016363
모바일할인쿠폰,grp-a001-01-000000071016363
기프티콘구매대행,grp-a001-01-000000071016363
모바일쿠폰서비스,grp-a001-01-000000071016363
모바일쿠폰기업,grp-a001-01-000000071016363
모바일쿠폰구입,grp-a001-01-000000071016363
모바일상품권대량발송,grp-a001-01-000000071016363
모바일쿠폰샵,grp-a001-01-000000071016363
B2B모바일쿠폰,grp-a001-01-000000071016363
기업모바일상품권,grp-a001-01-000000071016363
모바일쿠폰발송업체,grp-a001-01-000000071016363
모바일쿠폰대량,grp-a001-01-000000071016363
모바일기프티콘발송,grp-a001-01-000000071016363
모바일쿠폰업체,grp-a001-01-000000071016363
모바일쿠폰사이트,grp-a001-01-000000071016363
모바일쿠폰이벤트,grp-a001-01-000000071016363
온라인백화점상품권,grp-a001-01-000000071016363
온라인상품권할인,grp-a001-01-000000071016363
백화점상품권온라인구매,grp-a001-01-000000071016363
모바일카드제작,grp-a001-01-000000071016363
모바일상품권사이트,grp-a001-01-000000071016363
온라인쿠폰제작,grp-a001-01-000000071016363
모바일문화상품권10만원,grp-a001-01-000000071016363
문화상품권5만원구매,grp-a001-01-000000071016363
온라인문화상품권판매,grp-a001-01-000000071016363
기프티콘사업자,grp-a001-01-000000071016363
온라인전시플랫폼,grp-a001-01-000000071016363
온라인쇼룸,grp-a001-01-000000071016363
VR이벤트,grp-a001-01-000000071016363
디지털쇼룸,grp-a001-01-000000071016363
VR플랫폼,grp-a001-01-000000071016363
디지털트윈솔루션,grp-a001-01-000000071016363
스마일프로,grp-a001-01-000000071016552
충북혁신도시,grp-a001-01-000000071016552
원주혁신도시,grp-a001-01-000000071016552
스마일프로가격,grp-a001-01-000000071016552
진천혁신도시,grp-a001-01-000000071016552
충북혁신도시동일하이빌,grp-a001-01-000000071016552
음성혁신도시,grp-a001-01-000000071016552
충북혁신도시쌍용예가,grp-a001-01-000000071016552
충북혁신도시원룸,grp-a001-01-000000071016552
충북혁신도시아이파크,grp-a001-01-000000071016552
충북혁신도시투룸,grp-a001-01-000000071016552
자이스스마일프로,grp-a001-01-000000071016552
중리신도시힐스테이트,grp-a001-01-000000071016552
혁신도시아이파크,grp-a001-01-000000071016552
의료기관금리비교할인,grp-a001-01-000000071018515
시스템도어,grp-a001-01-000000071018689
시스템방음문,grp-a001-01-000000071018689
독일시스템창호,grp-a001-01-000000071018689
KCC시스템창호,grp-a001-01-000000071018689
시스템창호수리,grp-a001-01-000000071018689
플랫폼이엔에스,grp-a001-01-000000071018689
시스템샷시,grp-a001-01-000000071018689
알루미늄시스템창호,grp-a001-01-000000071018689
시스템창호교체,grp-a001-01-000000071018689
LG시스템창호,grp-a001-01-000000071018689
알미늄시스템창호,grp-a001-01-000000071018689
시스템창문수리,grp-a001-01-000000071018689
시스템창문손잡이,grp-a001-01-000000071018689
독일식시스템창호,grp-a001-01-000000071018689
해강시스템창호,grp-a001-01-000000071018689
시스템창호종류,grp-a001-01-000000071018689
시스템샤시,grp-a001-01-000000071018689
알미늄시스템도어,grp-a001-01-000000071018689
KCC시스템창,grp-a001-01-000000071018689
AL시스템도어,grp-a001-01-000000071018689
시스템도어수리,grp-a001-01-000000071018689
시스템창수리,grp-a001-01-000000071018689
시스템방음도어,grp-a001-01-000000071018689
창호리모델링,grp-a001-01-000000071018689
시스템도어도면,grp-a001-01-000000071018689
베카시스템창호,grp-a001-01-000000071018689
온라인스튜디오,grp-a001-01-000000071018689
시스템창호제작,grp-a001-01-000000071018689
알루미늄시스템창,grp-a001-01-000000071018689
AL시스템창호,grp-a001-01-000000071018689
제주시스템창호,grp-a001-01-000000071018689
조인트필러,grp-a001-01-000000071018734
건식난방시스템,grp-a001-01-000000071018734
친환경건축자재,grp-a001-01-000000071018734
시스템판넬,grp-a001-01-000000071018734
시스템비계매직판넬,grp-a001-01-000000071018734
디지털부스,grp-a001-01-000000071018734
경영지도사시험일정,grp-a001-01-000000071018910
경영지도사2차,grp-a001-01-000000071018910
온라인독서모임,grp-a001-01-000000071018910
마케팅포트폴리오예시,grp-a001-01-000000071018910
경영지도사시험,grp-a001-01-000000071018910
마케팅기획전문가1급,grp-a001-01-000000071018910
경영지도사1차,grp-a001-01-000000071018910
콘텐츠마케팅부트캠프,grp-a001-01-000000071018910
리퍼럴마케팅,grp-a001-01-000000071018910
대구바이럴마케팅,grp-a001-01-000000071018910
경영지도사생산관리,grp-a001-01-000000071018910
마케팅포트폴리오템플릿,grp-a001-01-000000071018910
경영지도사교육,grp-a001-01-000000071018910
마케팅무료교육,grp-a001-01-000000071018910
생산관리직무교육,grp-a001-01-000000071018910
온라인MD교육,grp-a001-01-000000071018910
마케팅국비교육,grp-a001-01-000000071018910
데이바이데이터,grp-a001-01-000000071018910
그로스쿨마케팅러너,grp-a001-01-000000071018910
마케팅강좌,grp-a001-01-000000071018910
마케팅초보,grp-a001-01-000000071018910
마케팅입문,grp-a001-01-000000071018910
미국마케팅협회,grp-a001-01-000000071018910
GA마케팅,grp-a001-01-000000071018910
무료마케팅교육,grp-a001-01-000000071018910
온라인마케팅무료교육,grp-a001-01-000000071018910
SNS마케팅지도사,grp-a001-01-000000071018910
온라인인턴,grp-a001-01-000000071018910
온라인인턴십,grp-a001-01-000000071018910
온라인코딩교육,grp-a001-01-000000071018910
인터넷마케팅지도사,grp-a001-01-000000071018910
마케팅관련교육,grp-a001-01-000000071018910
마케팅지도사,grp-a001-01-000000071018910
데이터라벨링무료교육,grp-a001-01-000000071018910
노래마케팅,grp-a001-01-000000071018910
포항마케팅,grp-a001-01-000000071018910
SNS마케팅관리사,grp-a001-01-000000071018910
스몰마케팅랩,grp-a001-01-000000071018910
마케팅의신,grp-a001-01-000000071018910
경영지도사준비,grp-a001-01-000000071018910
마케팅포트폴리오양식,grp-a001-01-000000071018910
마케팅포트폴리오제작,grp-a001-01-000000071018910
마케팅포트폴리오만들기,grp-a001-01-000000071018910
온라인판매마케팅,grp-a001-01-000000071018910
경영정보시각화,grp-a001-01-000000071019071
눈건강보조식품,grp-a001-01-000000071019109
병원권리금자금야간,grp-a001-01-000000071019570
안과의료사고,grp-a001-01-000000071022903
레지던스,grp-a001-01-000000071023000
신기의료기주례점,grp-a001-01-000000071023491
전문병원권리금자금,grp-a001-01-000000071024424
디지털멀티미터,grp-a001-01-000000071024736
디지털테스터기,grp-a001-01-000000071024736
계측기중고매입,grp-a001-01-000000071024736
데이터로그,grp-a001-01-000000071024737
디지털측정기,grp-a001-01-000000071024737
디지털온도기록계,grp-a001-01-000000071024737
디지털멀티테스터기,grp-a001-01-000000071024737
디지털전류계,grp-a001-01-000000071024737
디지털계측기,grp-a001-01-000000071024737
디지털전기계량기,grp-a001-01-000000071024737
디지털멀티메타,grp-a001-01-000000071024737
디지털테스터,grp-a001-01-000000071024737
디지털다기능계측기,grp-a001-01-000000071024737
디지털파워미터,grp-a001-01-000000071024737
그라프텍데이터로거,grp-a001-01-000000071024737
디지털멀티미터기,grp-a001-01-000000071024737
데이터레코더,grp-a001-01-000000071024737
디지털전력계측기,grp-a001-01-000000071024737
안산심리치료,grp-a001-01-000000071025048
외국인관광객,grp-a001-01-000000071025738
종골골절수술,grp-a001-01-000000071025738
여의도MRI,grp-a001-01-000000071025738
외국인홍보,grp-a001-01-000000071025738
병원내부마케팅,grp-a001-01-000000071025738
중국관광객마케팅,grp-a001-01-000000071025738
중국온라인판매,grp-a001-01-000000071025738
글쓰기플랫폼,grp-a001-01-000000071025876
초등학교디지털교과서,grp-a001-01-000000071025876
온라인특강,grp-a001-01-000000071025876
온라인클래스사이트,grp-a001-01-000000071025876
온라인문제집,grp-a001-01-000000071025876
전문가섭외,grp-a001-01-000000071025876
온라인레슨,grp-a001-01-000000071025876
클래스플랫폼,grp-a001-01-000000071025876
취미온라인클래스,grp-a001-01-000000071025876
온라인취미클래스,grp-a001-01-000000071025876
온라인클래스추천,grp-a001-01-000000071025876
온라인직무교육사이트,grp-a001-01-000000071025876
강사컨설팅,grp-a001-01-000000071025876
온라인학습방,grp-a001-01-000000071025876
에스테틱모델링팩,grp-a001-01-000000071026945
프렌차이즈미용실,grp-a001-01-000000071026945
삼성생활비카드,grp-a001-01-000000071026948
하이엔드레지던스,grp-a001-01-000000071027360
외국인서울투어,grp-a001-01-000000071027827
외국인관광,grp-a001-01-000000071027827
외국인관광코스,grp-a001-01-000000071027827
외국인DMZ투어,grp-a001-01-000000071027827
서울외국인투어,grp-a001-01-000000071027827
외국인한국관광,grp-a001-01-000000071027827
외국인서울관광,grp-a001-01-000000071027827
서울외국인관광,grp-a001-01-000000071027827
외국인투어가이드,grp-a001-01-000000071027827
글로벌PR,grp-a001-01-000000071027827
외국인한국문화체험,grp-a001-01-000000071027827
제주도중국마케팅,grp-a001-01-000000071027827
티몰글로벌입점,grp-a001-01-000000071027827
구글데이터스튜디오,grp-a001-01-000000071028287
대구마케팅교육,grp-a001-01-000000071028287
GA4컨설팅,grp-a001-01-000000071028287
온라인직업교육,grp-a001-01-000000071028287
네이버마케팅교육,grp-a001-01-000000071028287
데이터랩스캠퍼스,grp-a001-01-000000071028287
인천병원권리금자금,grp-a001-01-000000071030120
제주의사신용등급,grp-a001-01-000000071030136
근처의사신용등급,grp-a001-01-000000071030136
무료의사신용등급,grp-a001-01-000000071030192
PC방프렌차이즈,grp-a001-01-000000071030330
진주혁신도시,grp-a001-01-000000071030343
알루미늄시스템도어,grp-a001-01-000000071030343
수도권타운하우스,grp-a001-01-000000071030346
청소년창업캠프,grp-a001-01-000000071030346
전주병원권리금자금,grp-a001-01-000000071030883
잘하는곳의사신용등급,grp-a001-01-000000071031471
순위의사신용등급,grp-a001-01-000000071031471
시흥교통사고,grp-a001-01-000000071031693
천식한약,grp-a001-01-000000071031693
알레르기성비염한의원,grp-a001-01-000000071031693
비영리ERP,grp-a001-01-000000071031693
관저동내시경,grp-a001-01-000000071031693
약국일반의약품자금광주,grp-a001-01-000000071031809
예술치료사,grp-a001-01-000000071031913
성폭력상담사교육,grp-a001-01-000000071031913
미사교통사고,grp-a001-01-000000071032045
쇼그렌증후군한의원,grp-a001-01-000000071032045
명리심리상담사,grp-a001-01-000000071032079
명리상담사,grp-a001-01-000000071032079
동물심리상담사,grp-a001-01-000000071032079
심리치료견,grp-a001-01-000000071032079
광주바이럴마케팅,grp-a001-01-000000071032079
동물심리치료사,grp-a001-01-000000071032079
인천온라인광고,grp-a001-01-000000071032079
의사신용등급전주,grp-a001-01-000000071033805
의사신용등급야간,grp-a001-01-000000071039648
어깨결림한의원,grp-a001-01-000000071039870
전북혁신도시,grp-a001-01-000000071040601
허리물리치료,grp-a001-01-000000071040601
허리견인치료기,grp-a001-01-000000071040601
목디스크목보호대,grp-a001-01-000000071040601
목디스크운동법,grp-a001-01-000000071040601
거북목치료기,grp-a001-01-000000071040601
목디스크견인치료,grp-a001-01-000000071040601
일자목디스크,grp-a001-01-000000071040601
목디스크보조기,grp-a001-01-000000071040601
견인치료기,grp-a001-01-000000071040601
목디스크기구,grp-a001-01-000000071040601
목디스크재활운동,grp-a001-01-000000071040601
목디스크안마기,grp-a001-01-000000071040601
목디스크견인,grp-a001-01-000000071040601
목디스크의료기기,grp-a001-01-000000071040601
목디스크재활,grp-a001-01-000000071040601
전주혁신도시원룸,grp-a001-01-000000071040601
목견인기의료기기,grp-a001-01-000000071040601
허리디스크견인기,grp-a001-01-000000071040601
경추견인치료기,grp-a001-01-000000071040601
목견인의료기기,grp-a001-01-000000071040601
정형외과의,grp-a001-01-000000071040601
목치료기,grp-a001-01-000000071040601
목디스크견인치료기,grp-a001-01-000000071040601
목의료기기,grp-a001-01-000000071040601
목디스크지지대,grp-a001-01-000000071040601
목디스크치료기기,grp-a001-01-000000071040601
목디스크치료기구,grp-a001-01-000000071040601
척추치료기,grp-a001-01-000000071040601
감압치료기,grp-a001-01-000000071040601
경추치료기,grp-a001-01-000000071040601
목디스크운동치료,grp-a001-01-000000071040601
고관절수술재활,grp-a001-01-000000071040601
목디스크보조기구,grp-a001-01-000000071040601
디스크견인기,grp-a001-01-000000071040601
디스크치료기,grp-a001-01-000000071040601
일자목치료기,grp-a001-01-000000071040601
목디스크의료기,grp-a001-01-000000071040601
목디스크용품,grp-a001-01-000000071040601
고관절인공관절재활,grp-a001-01-000000071040601
선문대학교원룸,grp-a001-01-000000071040601
목디스크보조,grp-a001-01-000000071040601
무릎인공관절재활치료,grp-a001-01-000000071040601
인공관절재활치료,grp-a001-01-000000071040601
전주혁신도시투룸,grp-a001-01-000000071040601
대구한의대학교원룸,grp-a001-01-000000071040601
감압견인치료기,grp-a001-01-000000071040601
전주혁신도시사무실임대,grp-a001-01-000000071040601
전주혁신도시사무실,grp-a001-01-000000071040601
동의대학교원룸,grp-a001-01-000000071040601
당근전문가모드,grp-a001-01-000000071048791
당근마켓마케팅,grp-a001-01-000000071048791
오늘의집마케팅,grp-a001-01-000000071048791
병원권리금자금성남,grp-a001-01-000000071048791
마케팅견적서양식,grp-a001-01-000000071048791
지그재그마케팅,grp-a001-01-000000071048791
구글광고마케팅,grp-a001-01-000000071048791
할인의사신용등급,grp-a001-01-000000071048791
정신병신고,grp-a001-01-000000071050930
약국일반의약품자금잘하는,grp-a001-01-000000071052075
청주의료기관금리비교,grp-a001-01-000000071052097
병원권리금자금신청,grp-a001-01-000000071054282
의사마이너스론후기,grp-a001-01-000000071057042
요크셔테리어,grp-a001-01-000000071061218
파슨러셀테리어,grp-a001-01-000000071061218
요크셔테리어가격,grp-a001-01-000000071061218
요크셔테리어새끼,grp-a001-01-000000071061218
미니요크셔테리어,grp-a001-01-000000071061218
병원권리금자금잘하는곳,grp-a001-01-000000071061267
플랫폼서비스,grp-a001-01-000000071061430
플랫폼앱,grp-a001-01-000000071061430
개발플랫폼,grp-a001-01-000000071061430
플랫폼솔루션,grp-a001-01-000000071061430
앱플랫폼,grp-a001-01-000000071061430
임베디드시스템개발,grp-a001-01-000000071061430
IT플랫폼,grp-a001-01-000000071061430
앱개발플랫폼,grp-a001-01-000000071061430
천안의사마이너스론,grp-a001-01-000000071068125
약국일반의약품자금인천,grp-a001-01-000000071071540
광선치료기,grp-a001-01-000000071077552
고주파의료기,grp-a001-01-000000071077552
피부치료기,grp-a001-01-000000071078205
의사신용등급대구,grp-a001-01-000000071078527
고양병원권리금자금,grp-a001-01-000000071079221
물리치료차트,grp-a001-01-000000071079725
한의원접수증,grp-a001-01-000000071079725
경기약국일반의약품자금,grp-a001-01-000000071080745
잘하는약국일반의약품자금,grp-a001-01-000000071080750
나주혁신도시원룸,grp-a001-01-000000071081018
남악신도시부동산,grp-a001-01-000000071081018
말티즈백내장,grp-a001-01-000000071081062
진안신도시,grp-a001-01-000000071081069
모란역상가임대,grp-a001-01-000000071081069
휴가신청서,grp-a001-01-000000071081288
온라인인성검사,grp-a001-01-000000071081288
온라인적성검사,grp-a001-01-000000071081288
온라인시험,grp-a001-01-000000071081288
온라인역량검사,grp-a001-01-000000071081288
온라인인적성,grp-a001-01-000000071081288
온라인테스트,grp-a001-01-000000071081288
비대면시험,grp-a001-01-000000071081288
온라인시험감독,grp-a001-01-000000071081288
온라인필기시험,grp-a001-01-000000071081288
온라인시험솔루션,grp-a001-01-000000071081288
온라인시험플랫폼,grp-a001-01-000000071081288
모바일퀴즈,grp-a001-01-000000071081288
근태관리시스템,grp-a001-01-000000071081290
근태관리대장,grp-a001-01-000000071081290
모바일근태관리,grp-a001-01-000000071081290
모바일출퇴근,grp-a001-01-000000071081290
모바일근태,grp-a001-01-000000071081290
모바일출퇴근기록기,grp-a001-01-000000071081290
출근시스템,grp-a001-01-000000071081290
무료근태관리시스템,grp-a001-01-000000071081290
철원토지,grp-a001-01-000000071081294
교통사고상해등급,grp-a001-01-000000071081440
교통사고상해등급표,grp-a001-01-000000071081440
삼성선물수수료,grp-a001-01-000000071081483
대전탈장수술,grp-a001-01-000000071081485
서산대장내시경,grp-a001-01-000000071081485
대구탈장수술,grp-a001-01-000000071081485
아산MRI,grp-a001-01-000000071081485
울산탈장수술,grp-a001-01-000000071081485
천안탈장수술,grp-a001-01-000000071081485
천안수면내시경,grp-a001-01-000000071081485
전주탈장수술,grp-a001-01-000000071081485
창원탈장수술,grp-a001-01-000000071081485
홍성대장내시경,grp-a001-01-000000071081485
부동산컨설팅계약서양식,grp-a001-01-000000071081488
보증금계약서양식,grp-a001-01-000000071081488
사업권양도계약서,grp-a001-01-000000071081488
마케팅제휴계약서,grp-a001-01-000000071081488
알선수수료계약서,grp-a001-01-000000071081488
공조시스템,grp-a001-01-000000071081496
시스템에어콘,grp-a001-01-000000071081496
올인원시스템,grp-a001-01-000000071081496
시스템보일러,grp-a001-01-000000071081496
시스템냉난방기설치,grp-a001-01-000000071081496
LG시스템보일러,grp-a001-01-000000071081496
삼성비대면견적,grp-a001-01-000000071081496
삼성시스템냉난방기,grp-a001-01-000000071081496
시스템냉온풍기,grp-a001-01-000000071081496
캐리어시스템냉난방기,grp-a001-01-000000071081496
냉난방공조시스템,grp-a001-01-000000071081496
냉난방시스템,grp-a001-01-000000071081496
급배기시스템,grp-a001-01-000000071081496
고주파치료기기,grp-a001-01-000000071081496
천정형시스템냉난방기,grp-a001-01-000000071081496
시스템냉난방기가격,grp-a001-01-000000071081496
시스템냉난방기설치비용,grp-a001-01-000000071081496
LG오케이시스템,grp-a001-01-000000071081496
사무실시스템냉난방기,grp-a001-01-000000071081496
이글루시스템,grp-a001-01-000000071081496
비대면가전견적,grp-a001-01-000000071081496
수원건물경매,grp-a001-01-000000071082068
수원의료기관금리비교,grp-a001-01-000000071082087
충북혁신도시답례품,grp-a001-01-000000071082089
부산지방종수술,grp-a001-01-000000071082089
강제집행정지신청서,grp-a001-01-000000071082091
구로디지털단지다이어트,grp-a001-01-000000071082091
캐디종소세신고,grp-a001-01-000000071082091
온라인MD,grp-a001-01-000000071082097
원데이클래스예약,grp-a001-01-000000071082097
원데이클래스안양,grp-a001-01-000000071082097
오프라인원데이클래스,grp-a001-01-000000071082097
빼빼로데이원데이클래스,grp-a001-01-000000071082097
동영상플랫폼,grp-a001-01-000000071082102
고양시경비교육,grp-a001-01-000000071082102
온라인경비교육,grp-a001-01-000000071082102
학습관리시스템LMS,grp-a001-01-000000071082102
경비교육온라인,grp-a001-01-000000071082102
이러닝교육시스템,grp-a001-01-000000071082102
디지털동화책,grp-a001-01-000000071082102
통합메시징시스템,grp-a001-01-000000071082102
온라인LMS,grp-a001-01-000000071082102
온라인교육콘텐츠,grp-a001-01-000000071082102
온라인교원연수,grp-a001-01-000000071082102
원격수업플랫폼,grp-a001-01-000000071082102
콘텐츠관리시스템,grp-a001-01-000000071082102
CRM플랫폼,grp-a001-01-000000071082102
경비온라인교육,grp-a001-01-000000071082102
경비원직무교육온라인,grp-a001-01-000000071082102
이벤트의사마이너스론,grp-a001-01-000000071082159
대전약국일반의약품자금,grp-a001-01-000000071082251
강남의료기관금리비교,grp-a001-01-000000071082576
외국인등록증,grp-a001-01-000000071082620
미국비자신청방법,grp-a001-01-000000071082620
미국비자수수료,grp-a001-01-000000071082620
미국간호사이민,grp-a001-01-000000071082620
법률서비스플랫폼,grp-a001-01-000000071082620
앞트임복원수술,grp-a001-01-000000071082642
서울스퀘어한의원,grp-a001-01-000000071082642
청주의사마이너스론,grp-a001-01-000000071083082
추천의료기관금리비교,grp-a001-01-000000071083082
메리츠증권수수료,grp-a001-01-000000071083476
광주심리치료,grp-a001-01-000000071083534
분당심리치료,grp-a001-01-000000071083534
의정부심리치료,grp-a001-01-000000071083534
광주발달장애,grp-a001-01-000000071083534
금속재료기사,grp-a001-01-000000071083595
광명내시경,grp-a001-01-000000071083595
광명위내시경,grp-a001-01-000000071083595
소비자전문상담사2급,grp-a001-01-000000071083595
청소전문가1급,grp-a001-01-000000071083595
청소전문가,grp-a001-01-000000071083595
응급의학,grp-a001-01-000000071083595
응급의학책,grp-a001-01-000000071083595
콘덴싱보일러정부지원금,grp-a001-01-000000071083595
의약품집,grp-a001-01-000000071083595
보일러정부지원,grp-a001-01-000000071083595
코스메틱전문가,grp-a001-01-000000071083595
의대교재,grp-a001-01-000000071083595
의학전문서적,grp-a001-01-000000071083595
병원권리금자금서울,grp-a001-01-000000071083595
응급의학서적,grp-a001-01-000000071083595
다산신도시,grp-a001-01-000000071084493
남양주왕숙신도시,grp-a001-01-000000071084493
남양주신도시,grp-a001-01-000000071084493
다산신도시빌라,grp-a001-01-000000071084493
운정신도시타운하우스,grp-a001-01-000000071084493
다산신도시원룸,grp-a001-01-000000071084493
진접동선메디컬,grp-a001-01-000000071084493
양주신도시부동산,grp-a001-01-000000071084493
광주의료기관금리비교,grp-a001-01-000000071088912
분당갑상선,grp-a001-01-000000071091007
강남역갑상선,grp-a001-01-000000071091007
분당갑상선검사,grp-a001-01-000000071091007
편도선수술병원,grp-a001-01-000000071091007
뷰티스피부과,grp-a001-01-000000071091991
구강작열감증후군한의원,grp-a001-01-000000071091991
액취증피부과,grp-a001-01-000000071091991
미래에셋생명온라인,grp-a001-01-000000071092130
다이너스티배트,grp-a001-01-000000071092636
스타벅스모바일카드,grp-a001-01-000000071092648
스타벅스모바일,grp-a001-01-000000071092648
세븐일레븐모바일상품권,grp-a001-01-000000071092648
스타벅스쿠폰이벤트,grp-a001-01-000000071092648
스타벅스모바일상품권선물,grp-a001-01-000000071092648
스타벅스모바일쿠폰등록,grp-a001-01-000000071092648
스타벅스구매,grp-a001-01-000000071092648
파리바게뜨모바일상품권,grp-a001-01-000000071092648
스타벅스모바일상품권구매,grp-a001-01-000000071092648
스타벅스모바일상품권구입,grp-a001-01-000000071092648
스타벅스온라인상품권,grp-a001-01-000000071092648
스타벅스기업용모바일쿠폰,grp-a001-01-000000071092648
스타벅스모바일쿠폰선물,grp-a001-01-000000071092648
테라리움원데이클래스,grp-a001-01-000000071092656
플랜테리어화분,grp-a001-01-000000071092656
테라리움원데이,grp-a001-01-000000071092656
대구플랜테리어,grp-a001-01-000000071092656
광주플랜테리어,grp-a001-01-000000071092656
병원화분,grp-a001-01-000000071092656
울산플랜테리어,grp-a001-01-000000071092656
수경재배시스템,grp-a001-01-000000071092656
청주플랜테리어,grp-a001-01-000000071092656
천안플랜테리어,grp-a001-01-000000071092656
양주보톡스,grp-a001-01-000000071092708
포천보톡스,grp-a001-01-000000071092708
라이브방송플랫폼,grp-a001-01-000000071093020
혁신플랫폼,grp-a001-01-000000071093020
모바일라이브,grp-a001-01-000000071093020
영상제작플랫폼,grp-a001-01-000000071093020
방송대편입,grp-a001-01-000000071093065
천안허리디스크,grp-a001-01-000000071093081
천안목디스크,grp-a001-01-000000071093081
천안디스크,grp-a001-01-000000071093081
밀양이플란트,grp-a001-01-000000071093081
구로목디스크,grp-a001-01-000000071093081
맑고고운피부과,grp-a001-01-000000071093092
신기시장피부과,grp-a001-01-000000071093092
구월동피부과여드름,grp-a001-01-000000071093092
구월동피부과점,grp-a001-01-000000071093092
충주피부과,grp-a001-01-000000071093093
동춘동피부과,grp-a001-01-000000071093093
플랜유피부과,grp-a001-01-000000071093093
부평여드름한의원,grp-a001-01-000000071093093
검단신도시점빼기,grp-a001-01-000000071093094
이벤트업체,grp-a001-01-000000071093096
예약약국일반의약품자금,grp-a001-01-000000071093359
국민연금납부방법,grp-a001-01-000000071094325
노령연금신청방법,grp-a001-01-000000071094325
기초연금수급자격재산,grp-a001-01-000000071094325
노령연금신청서류,grp-a001-01-000000071094325
기초연금대상자확인,grp-a001-01-000000071094325
국민연금대상자,grp-a001-01-000000071094325
기초연금수급자격확인,grp-a001-01-000000071094325
노령연금대상자,grp-a001-01-000000071094325
노령연금지급신청서,grp-a001-01-000000071094325
목동레지던스,grp-a001-01-000000071094328
수도권빌라,grp-a001-01-000000071094330
전주약국일반의약품자금,grp-a001-01-000000071094335
대구의사신용등급,grp-a001-01-000000071094353
전주MRI,grp-a001-01-000000071094403
전주물리치료,grp-a001-01-000000071094407
군산다이어트한의원,grp-a001-01-000000071094407
서면MRI,grp-a001-01-000000071094407
커피프렌차이즈종류,grp-a001-01-000000071094411
셀프모바일청첩장,grp-a001-01-000000071094424
모바일청첩장만들기,grp-a001-01-000000071094424
돌잔치모바일초대장,grp-a001-01-000000071094424
무료모바일청첩장,grp-a001-01-000000071094424
모바일청첩장샘플,grp-a001-01-000000071094424
사진없는모바일청첩장,grp-a001-01-000000071094424
모바일돌잔치초대장,grp-a001-01-000000071094424
모바일청첩장무료,grp-a001-01-000000071094424
모바일청첩장셀프,grp-a001-01-000000071094424
무료모바일초대장,grp-a001-01-000000071094424
돌잔치모바일초대장무료,grp-a001-01-000000071094424
모바일감사장,grp-a001-01-000000071094424
셀프모바일청첩장제작,grp-a001-01-000000071094424
모바일청첩장셀프제작,grp-a001-01-000000071094424
모바일청첩장사이트,grp-a001-01-000000071094424
모바일청첩장만드는방법,grp-a001-01-000000071094424
칠순모바일초대장,grp-a001-01-000000071094424
돌잔치모바일청첩장,grp-a001-01-000000071094424
모바일초대장무료,grp-a001-01-000000071094424
모바일청첩장보내기,grp-a001-01-000000071094424
무료모바일청첩장만들기,grp-a001-01-000000071094424
모바일돌잔치,grp-a001-01-000000071094424
돌모바일초대장,grp-a001-01-000000071094424
팔순모바일초대장,grp-a001-01-000000071094424
돌잔치초대장모바일,grp-a001-01-000000071094424
돌잔치모바일초대장만들기,grp-a001-01-000000071094424
셀프모바일초대장,grp-a001-01-000000071094424
모바일청첩장템플릿,grp-a001-01-000000071094424
고희연모바일초대장,grp-a001-01-000000071094424
모바일돌초대장,grp-a001-01-000000071094424
온라인초대장만들기,grp-a001-01-000000071094424
모바일생일초대장,grp-a001-01-000000071094424
칠순잔치모바일초대장,grp-a001-01-000000071094424
팔순잔치모바일초대장,grp-a001-01-000000071094424
무료모바일초대장만들기,grp-a001-01-000000071094424
모바일초대장무료제작,grp-a001-01-000000071094424
심플한모바일청첩장,grp-a001-01-000000071094424
모바일행사초대장,grp-a001-01-000000071094424
모바일초청장만들기,grp-a001-01-000000071094424
행사모바일초대장,grp-a001-01-000000071094424
개업식모바일초대장,grp-a001-01-000000071094424
모바일청첩장무료제작,grp-a001-01-000000071094424
모바일초대장셀프제작,grp-a001-01-000000071094424
카카오톡모바일초대장,grp-a001-01-000000071094424
모바일청접장,grp-a001-01-000000071094424
모바일칠순초대장,grp-a001-01-000000071094424
모바일개업초대장,grp-a001-01-000000071094424
무료모바일돌잔치초대장,grp-a001-01-000000071094424
세미나초대장,grp-a001-01-000000071094424
환갑모바일초대장,grp-a001-01-000000071094424
모바일초대장만드는방법,grp-a001-01-000000071094424
디지털리플렛,grp-a001-01-000000071094424
이벤트디자인,grp-a001-01-000000071094424
온라인사진첩,grp-a001-01-000000071094424
온라인팜플렛,grp-a001-01-000000071094424
온라인초청장,grp-a001-01-000000071094424
기업모바일초대장,grp-a001-01-000000071094424
모바일초대장셀프,grp-a001-01-000000071094424
모바일개업식초대장,grp-a001-01-000000071094424
무료모바일초청장,grp-a001-01-000000071094424
모바일초대장만드는법,grp-a001-01-000000071094424
무료모바일청첩장제작,grp-a001-01-000000071094424
온라인청첩장만들기,grp-a001-01-000000071094424
모바일웹진,grp-a001-01-000000071094424
기업행사모바일초대장,grp-a001-01-000000071094424
송년회모바일초대장,grp-a001-01-000000071094424
전시회모바일초대장,grp-a001-01-000000071094424
개업모바일초대장,grp-a001-01-000000071094424
모바일포스터,grp-a001-01-000000071094424
커스텀모바일청첩장,grp-a001-01-000000071094424
모바일뉴스레터,grp-a001-01-000000071094424
디지털리플릿,grp-a001-01-000000071094424
디지털책자,grp-a001-01-000000071094424
온라인리플릿,grp-a001-01-000000071094424
온라인뉴스레터,grp-a001-01-000000071094424
달팽모바일,grp-a001-01-000000071094424
모바일사이트제작,grp-a001-01-000000071094424
모바일청첩장,grp-a001-01-000000071094437
모바일청첩장문구,grp-a001-01-000000071094437
모바일청첩장사진,grp-a001-01-000000071094437
보자기카드모바일청첩장,grp-a001-01-000000071094437
모바일청첩장제작,grp-a001-01-000000071094437
모바일청첩장업체,grp-a001-01-000000071094437
모바일청첩장추천,grp-a001-01-000000071094437
모바일청첩장계좌번호,grp-a001-01-000000071094437
모바일청첩장인사말,grp-a001-01-000000071094437
모바일청첩장가격,grp-a001-01-000000071094437
모바일청첩장비용,grp-a001-01-000000071094437
결혼식모바일청첩장,grp-a001-01-000000071094437
청첩장모바일,grp-a001-01-000000071094437
모바일청첩장영상,grp-a001-01-000000071094437
모바일청첩장제작기간,grp-a001-01-000000071094437
모바일청첩장만드는법,grp-a001-01-000000071094437
모바일청첩장제작업체,grp-a001-01-000000071094437
모바일청첩장문자,grp-a001-01-000000071094437
카카오톡모바일청첩장,grp-a001-01-000000071094437
모바일청첩장디자인,grp-a001-01-000000071094437
모바일초대장사이즈,grp-a001-01-000000071094437
모바일청첩장보낼때,grp-a001-01-000000071094437
모바일청첩장금액,grp-a001-01-000000071094437
영상모바일청첩장,grp-a001-01-000000071094437
모바일청첩장RSVP,grp-a001-01-000000071094437
결혼모바일청첩장,grp-a001-01-000000071094437
고급모바일청첩장,grp-a001-01-000000071094437
특별한모바일청첩장,grp-a001-01-000000071094437
혼주모바일청첩장,grp-a001-01-000000071094437
스몰웨딩모바일청첩장,grp-a001-01-000000071094437
부모님용모바일청첩장,grp-a001-01-000000071094437
모바일무료청첩장,grp-a001-01-000000071094437
웨딩모바일청첩장,grp-a001-01-000000071094437
셀프모바일초대장만들기,grp-a001-01-000000071094437
귀여운모바일청첩장,grp-a001-01-000000071094437
모바일초대장디자인,grp-a001-01-000000071094437
약국일반의약품자금강남,grp-a001-01-000000071094690
외국인계절근로자,grp-a001-01-000000071094886
외국인비자종류,grp-a001-01-000000071094886
외국인거소증,grp-a001-01-000000071094886
외국인비자,grp-a001-01-000000071094886
외국인한국비자,grp-a001-01-000000071094886
외국인취업비자,grp-a001-01-000000071094886
외국인유학생,grp-a001-01-000000071094886
외국인취업신고,grp-a001-01-000000071094886
외국인취업,grp-a001-01-000000071094886
외국인비자연장,grp-a001-01-000000071094886
외국인인력,grp-a001-01-000000071094886
외국인결혼비자,grp-a001-01-000000071094886
사증발급신청서,grp-a001-01-000000071094886
외국인노동자비자,grp-a001-01-000000071094886
외국인결혼,grp-a001-01-000000071094886
외국인귀화,grp-a001-01-000000071094886
영주권신청서류,grp-a001-01-000000071094886
외국인초청장서류,grp-a001-01-000000071094886
귀화신청서류,grp-a001-01-000000071094886
외국인사범심사,grp-a001-01-000000071094886
외국인비자발급,grp-a001-01-000000071094886
외국인력,grp-a001-01-000000071094886
외국인비자상담,grp-a001-01-000000071094886
외국인초청비자,grp-a001-01-000000071094886
외국인취업알선,grp-a001-01-000000071094886
외국인간호사,grp-a001-01-000000071094886
외국인비자변경,grp-a001-01-000000071094886
외국인과혼인신고,grp-a001-01-000000071094886
태국출장비자,grp-a001-01-000000071094886
외국인E7비자,grp-a001-01-000000071094886
외국인초청서류,grp-a001-01-000000071094886
국적신청서류,grp-a001-01-000000071094886
서류대행업체,grp-a001-01-000000071094886
외국인초청서,grp-a001-01-000000071094886
외국인초청사유서,grp-a001-01-000000071094886
외국인단기취업비자,grp-a001-01-000000071094886
외국인직원비자,grp-a001-01-000000071094886
외국인배우자초청,grp-a001-01-000000071094886
외국인D8비자,grp-a001-01-000000071094886
외국인영주권신청,grp-a001-01-000000071094886
필리핀국제결혼서류대행,grp-a001-01-000000071094886
화이트테리어,grp-a001-01-000000071094888
잭러셀테리어,grp-a001-01-000000071094888
노리치테리어,grp-a001-01-000000071094888
불테리어,grp-a001-01-000000071094888
핏불테리어,grp-a001-01-000000071094888
보스턴테리어,grp-a001-01-000000071094888
실키테리어,grp-a001-01-000000071094888
케언테리어,grp-a001-01-000000071094888
노퍽테리어,grp-a001-01-000000071094888
보더테리어,grp-a001-01-000000071094888
요크셔테리어입양,grp-a001-01-000000071094888
미니어처불테리어,grp-a001-01-000000071094888
요크셔테리어유기견,grp-a001-01-000000071094888
노리치테리어미용,grp-a001-01-000000071094888
비바테리어,grp-a001-01-000000071094889
와이어폭스테리어,grp-a001-01-000000071094889
베를링턴테리어,grp-a001-01-000000071094889
스코티쉬테리어,grp-a001-01-000000071094889
배들링턴테리어,grp-a001-01-000000071094889
스코티시테리어,grp-a001-01-000000071094889
아메리칸핏불테리어,grp-a001-01-000000071094889
웨스트하이랜드화이트테리어,grp-a001-01-000000071094889
에어데일테리어,grp-a001-01-000000071094889
테리어강아지,grp-a001-01-000000071094889
레이크랜드테리어,grp-a001-01-000000071094889
화이트테리어입양,grp-a001-01-000000071094889
베들링턴테리어가격,grp-a001-01-000000071094889
아메리칸헤어리스테리어,grp-a001-01-000000071094889
웨스트하일랜드화이트테리어,grp-a001-01-000000071094889
화이트테리어켄넬,grp-a001-01-000000071094889
아이리쉬소프트코티드휘튼테리어,grp-a001-01-000000071094889
체스키테리어,grp-a001-01-000000071094889
보스톤테리어,grp-a001-01-000000071094889
폭스테리어,grp-a001-01-000000071094893
웨스트화이트테리어,grp-a001-01-000000071094893
텔레마케팅관리사,grp-a001-01-000000071094901
텔레마케팅관리사필기,grp-a001-01-000000071094901
텔레마케팅실기,grp-a001-01-000000071094901
텔레마케팅관리사책,grp-a001-01-000000071094901
CTI시스템,grp-a001-01-000000071094901
ACS시스템,grp-a001-01-000000071094901
텔레마케팅업체,grp-a001-01-000000071094901
콜센터시스템,grp-a001-01-000000071094901
ARS이벤트,grp-a001-01-000000071094901
콜시스템,grp-a001-01-000000071094901
아웃바운드텔레마케팅,grp-a001-01-000000071094901
CS시스템,grp-a001-01-000000071094901
IVR시스템,grp-a001-01-000000071094901
자동응답시스템,grp-a001-01-000000071094901
ARS시스템,grp-a001-01-000000071094901
모바일인터넷전화,grp-a001-01-000000071094901
텔레마케팅영업,grp-a001-01-000000071094901
콜센터컨설팅,grp-a001-01-000000071094901
콜센터시스템구축,grp-a001-01-000000071094901
PDS시스템,grp-a001-01-000000071094901
CS플랫폼,grp-a001-01-000000071094901
자동전화시스템,grp-a001-01-000000071094901
전화시스템,grp-a001-01-000000071094901
모바일콜센터,grp-a001-01-000000071094901
텔레마케팅관리사1차필기,grp-a001-01-000000071094901
온라인설문조사비용,grp-a001-01-000000071094901
텔레마케팅솔루션,grp-a001-01-000000071094901
마케팅직원채용,grp-a001-01-000000071094901
고객지원시스템,grp-a001-01-000000071094901
음성회의시스템,grp-a001-01-000000071094901
고객관리시스템,grp-a001-01-000000071094904
영업지원시스템,grp-a001-01-000000071094904
전자결재시스템추천,grp-a001-01-000000071094904
자동화마케팅,grp-a001-01-000000071094904
영업플랫폼,grp-a001-01-000000071094904
고객데이터플랫폼,grp-a001-01-000000071094904
가산디지털단지역법무사,grp-a001-01-000000071094906
경매컨설팅계약서,grp-a001-01-000000071094934
근저당권양도계약서,grp-a001-01-000000071094934
건설기계조종사안전교육온라인,grp-a001-01-000000071094962
건설기계조종사면허안전교육,grp-a001-01-000000071094962
지게차안전교육온라인,grp-a001-01-000000071094962
요리학과대학교,grp-a001-01-000000071094962
요리전문대학교,grp-a001-01-000000071094962
코엔아이성형외과,grp-a001-01-000000071094962
디지털ARS,grp-a001-01-000000071096229
사업자전화번호만들기,grp-a001-01-000000071096229
사업자안심번호,grp-a001-01-000000071096229
병원전화안내멘트,grp-a001-01-000000071096229
ARS마케팅,grp-a001-01-000000071096229
전화이벤트,grp-a001-01-000000071096229
이벤트솔루션,grp-a001-01-000000071096229
인공지능컨택센터,grp-a001-01-000000071096229
IPCC시스템,grp-a001-01-000000071096229
사업자용전화번호,grp-a001-01-000000071096229
사업자전화번호신청,grp-a001-01-000000071096229
전화녹취시스템,grp-a001-01-000000071096229
사내방송시스템,grp-a001-01-000000071096229
외국인임대,grp-a001-01-000000071096831
공유숙박플랫폼,grp-a001-01-000000071096831
에어비앤비컨설팅,grp-a001-01-000000071096831
취사가능레지던스,grp-a001-01-000000071096856
대전갑상선병원,grp-a001-01-000000071096856
대구갑상선,grp-a001-01-000000071096856
광주갑상선,grp-a001-01-000000071096856
레지던스숙소,grp-a001-01-000000071096856
대전갑상선검사,grp-a001-01-000000071096856
외국인쉐어하우스,grp-a001-01-000000071096856
강남갑상선,grp-a001-01-000000071096856
단기레지던스,grp-a001-01-000000071096856
세종시갑상선검사,grp-a001-01-000000071096856
잠실갑상선,grp-a001-01-000000071096856
대전갑상선암수술,grp-a001-01-000000071096856
서울한달살기레지던스,grp-a001-01-000000071096856
대전갑상선수술,grp-a001-01-000000071096856
한옥시스템창호,grp-a001-01-000000071096856
한식시스템창호,grp-a001-01-000000071096856
송파갑상선,grp-a001-01-000000071096856
선릉역레지던스,grp-a001-01-000000071096856
프리미엄레지던스,grp-a001-01-000000071096856
장기레지던스,grp-a001-01-000000071096856
고양시레지던스,grp-a001-01-000000071096856
쉐어하우스플랫폼,grp-a001-01-000000071096856
레지던스한달,grp-a001-01-000000071096856
수원건축사,grp-a001-01-000000071096856
송파갑상선검사,grp-a001-01-000000071096856
레지던스한달살기,grp-a001-01-000000071096856
가산레지던스2040,grp-a001-01-000000071096856
레지던스단기,grp-a001-01-000000071096856
세종시갑상선병원,grp-a001-01-000000071096856
포항치질수술,grp-a001-01-000000071096867
시스템거실등,grp-a001-01-000000071096867
대구치질수술병원,grp-a001-01-000000071096867
LED시스템등,grp-a001-01-000000071096867
위생사시험일정,grp-a001-01-000000071096880
위생사시험,grp-a001-01-000000071096880
위생사책,grp-a001-01-000000071096880
위생사합격률,grp-a001-01-000000071096880
위생사기출문제,grp-a001-01-000000071096880
위생사문제집,grp-a001-01-000000071096880
위생사실기,grp-a001-01-000000071096880
위생사접수,grp-a001-01-000000071096880
위생사교재,grp-a001-01-000000071096880
위생사독학,grp-a001-01-000000071096880
문운당위생사,grp-a001-01-000000071096880
위생사공부,grp-a001-01-000000071096880
위생사후기,grp-a001-01-000000071096880
크라운위생사,grp-a001-01-000000071096880
위생사모의고사,grp-a001-01-000000071096880
시대고시위생사,grp-a001-01-000000071096880
위생사합격수기,grp-a001-01-000000071096880
위생사자격조건,grp-a001-01-000000071096880
위생사크라운,grp-a001-01-000000071096880
위생사교육,grp-a001-01-000000071096880
덴트웹세미나,grp-a001-01-000000071096880
2024년위생사시험,grp-a001-01-000000071096880
위생사환경위생학,grp-a001-01-000000071096880
치과매뉴얼,grp-a001-01-000000071096880
SMT비용,grp-a001-01-000000071096926
신용카드골프,grp-a001-01-000000071096926
신세계모바일상품권,grp-a001-01-000000071096940
신세계상품권모바일,grp-a001-01-000000071096940
신세계모바일상품권교환,grp-a001-01-000000071096940
이마트모바일금액권,grp-a001-01-000000071096940
올리브영모바일상품권,grp-a001-01-000000071096940
신세계모바일상품권사용처,grp-a001-01-000000071096940
이마트모바일상품권,grp-a001-01-000000071096940
이마트모바일상품권교환,grp-a001-01-000000071096940
모바일신세계상품권,grp-a001-01-000000071096940
신세계상품권모바일교환권,grp-a001-01-000000071096940
신세계모바일교환권,grp-a001-01-000000071096940
현대백화점모바일상품권,grp-a001-01-000000071096940
신세계백화점모바일상품권,grp-a001-01-000000071096940
신세계상품권온라인,grp-a001-01-000000071096940
롯데마트모바일상품권,grp-a001-01-000000071096940
비영리민간단체,grp-a001-01-000000071096940
신세계백화점상품권모바일,grp-a001-01-000000071096940
신세계이마트상품권모바일,grp-a001-01-000000071096940
이마트모바일교환권,grp-a001-01-000000071096940
신세계모바일상품권구매,grp-a001-01-000000071096940
신세계상품권온라인구매,grp-a001-01-000000071096940
모바일이마트상품권,grp-a001-01-000000071096940
신세계상품권모바일구매,grp-a001-01-000000071096940
CJ모바일상품권,grp-a001-01-000000071096940
신세계모바일상품권현금,grp-a001-01-000000071096940
이마트모바일금액권온라인,grp-a001-01-000000071096940
비영리단체등록,grp-a001-01-000000071096940
신세계모바일상품권이마트,grp-a001-01-000000071096940
이마트상품권모바일,grp-a001-01-000000071096940
신세계백화점모바일교환권,grp-a001-01-000000071096940
모바일신세계상품권구매,grp-a001-01-000000071096940
성남위내시경,grp-a001-01-000000071096940
이마트모바일쿠폰,grp-a001-01-000000071096940
모바일신세계상품권판매,grp-a001-01-000000071096940
신세계백화점온라인상품권,grp-a001-01-000000071096940
신세계상품권모바일선물,grp-a001-01-000000071096940
신세계온라인상품권,grp-a001-01-000000071096940
신세계상품권모바일상품권,grp-a001-01-000000071096940
모바일신세계백화점상품권,grp-a001-01-000000071096940
올리브영모바일쿠폰,grp-a001-01-000000071096940
성남치질수술,grp-a001-01-000000071096940
신세계모바일상품권구매방법,grp-a001-01-000000071096940
신세계백화점상품권온라인구매,grp-a001-01-000000071096940
신세계모바일상품권10만원,grp-a001-01-000000071096940
신세계모바일상품권선물,grp-a001-01-000000071096940
이마트모바일상품권구매,grp-a001-01-000000071096940
CU모바일상품권구매,grp-a001-01-000000071096940
신세계모바일상품권할인,grp-a001-01-000000071096940
신세계상품권모바일쿠폰,grp-a001-01-000000071096940
신세계모바일상품권선물하기,grp-a001-01-000000071096940
신세계모바일쿠폰,grp-a001-01-000000071096940
신세계상품권모바일교환권구매,grp-a001-01-000000071096940
신세계온라인상품권구매,grp-a001-01-000000071096940
이마트상품권온라인구매,grp-a001-01-000000071096940
이마트전용모바일금액권,grp-a001-01-000000071096940
신세계모바일상품권5만원,grp-a001-01-000000071096940
신세계상품권모바일교환권구입,grp-a001-01-000000071096940
신세계모바일상품권3만원,grp-a001-01-000000071096940
이마트모바일상품권구입,grp-a001-01-000000071096940
모바일신세계상품권선물,grp-a001-01-000000071096940
신세계백화점상품권모바일교환권,grp-a001-01-000000071096940
신세계상품권모바일구입,grp-a001-01-000000071096940
이마트24디지털상품권,grp-a001-01-000000071096940
구매대행비상주사무실,grp-a001-01-000000071096940
전립선운동,grp-a001-01-000000071097303
치질수술후방석,grp-a001-01-000000071097303
전립선보호방석,grp-a001-01-000000071097303
찾기의사신용등급,grp-a001-01-000000071098273
피시방이벤트,grp-a001-01-000000071100035
의료기관금리비교순위,grp-a001-01-000000071100696
예약의사신용등급,grp-a001-01-000000071102373
병원권리금자금광주,grp-a001-01-000000071107640
병원권리금자금이벤트,grp-a001-01-000000071109108
의사마이너스론잘하는,grp-a001-01-000000071109389
의사마이너스론강남,grp-a001-01-000000071111944
의사신용등급울산,grp-a001-01-000000071112697
대구의사마이너스론,grp-a001-01-000000071113275
3D모델링사이트,grp-a001-01-000000071114673
디지털트윈기술,grp-a001-01-000000071114673
디지털지도,grp-a001-01-000000071114673
디지털아트,grp-a001-01-000000071114673
무료3D모델링,grp-a001-01-000000071114673
3D프린터모델링,grp-a001-01-000000071114673
공간정보시스템,grp-a001-01-000000071114673
아이패드3D모델링,grp-a001-01-000000071114673
디지털기술,grp-a001-01-000000071114673
3D모델링어플,grp-a001-01-000000071114673
3D배경모델링,grp-a001-01-000000071114673
3D모델링의뢰,grp-a001-01-000000071114673
라이노모델링,grp-a001-01-000000071114673
3DMAX모델링,grp-a001-01-000000071114673
3D캐릭터모델링,grp-a001-01-000000071114673
3D모델링취업,grp-a001-01-000000071114673
모델링파일,grp-a001-01-000000071114673
제품3D모델링,grp-a001-01-000000071114673
AR시스템,grp-a001-01-000000071114673
IOT플랫폼,grp-a001-01-000000071114673
제품모델링,grp-a001-01-000000071114673
실시간데이터,grp-a001-01-000000071114673
경보시스템,grp-a001-01-000000071114673
NMS시스템,grp-a001-01-000000071114673
3D모델링다운로드,grp-a001-01-000000071114673
3D모델링판매,grp-a001-01-000000071114673
스케치업3D모델링,grp-a001-01-000000071114673
EES시스템,grp-a001-01-000000071114673
솔리드웍스모델링,grp-a001-01-000000071114673
모델링알바,grp-a001-01-000000071114673
3D모델링디자인,grp-a001-01-000000071114673
건물3D모델링,grp-a001-01-000000071114673
피규어모델링,grp-a001-01-000000071114673
캐릭터3D모델링,grp-a001-01-000000071114673
약국일반의약품자금근처,grp-a001-01-000000071114673
디지털트윈3D,grp-a001-01-000000071114673
디지털트윈개발및클라우드배포,grp-a001-01-000000071114673
DT컨설팅,grp-a001-01-000000071114673
디지털트윈구축,grp-a001-01-000000071114673
BIM컨설팅,grp-a001-01-000000071114673
BIM플랫폼,grp-a001-01-000000071114673
AR마케팅,grp-a001-01-000000071114673
3D모델링영상,grp-a001-01-000000071114673
모바일앱분석,grp-a001-01-000000071114673
AR이벤트,grp-a001-01-000000071114673
데이터시각화대시보드,grp-a001-01-000000071114673
3D데이터,grp-a001-01-000000071114673
3D모델링작업,grp-a001-01-000000071114673
3D제품모델링,grp-a001-01-000000071114673
모델링작업,grp-a001-01-000000071114673
모델링제작,grp-a001-01-000000071114673
모델링포트폴리오,grp-a001-01-000000071114673
카티아모델링,grp-a001-01-000000071114673
크레인충돌방지시스템,grp-a001-01-000000071114673
계장제어시스템,grp-a001-01-000000071114673
3D모델링가격,grp-a001-01-000000071114673
3D모델링구인,grp-a001-01-000000071114673
3D모델링채용,grp-a001-01-000000071114673
3D모델링구매,grp-a001-01-000000071114673
3D모델링비용,grp-a001-01-000000071114673
모델링업체,grp-a001-01-000000071114673
배경모델링,grp-a001-01-000000071114673
지브러쉬모델링,grp-a001-01-000000071114673
익스테리어,grp-a001-01-000000071114697
3D모델링무료,grp-a001-01-000000071114697
제이디디지털스튜디오,grp-a001-01-000000071114697
무료3D모델링사이트,grp-a001-01-000000071114697
건축3D모델링,grp-a001-01-000000071114697
스케치업모델링소스,grp-a001-01-000000071114697
모델링렌더링,grp-a001-01-000000071114697
제이디디지털,grp-a001-01-000000071114697
무료모델링,grp-a001-01-000000071114697
이벤트병원권리금자금,grp-a001-01-000000071114697
건물익스테리어,grp-a001-01-000000071114697
JD디지털스튜디오,grp-a001-01-000000071114697
모델링판매,grp-a001-01-000000071114697
3D모델링소스,grp-a001-01-000000071114697
준공서류대행,grp-a001-01-000000071114697
모델링소스,grp-a001-01-000000071114697
광주가사전문변호사,grp-a001-01-000000071114834
의사신용등급당일,grp-a001-01-000000071126215
의료기관금리비교찾기,grp-a001-01-000000071162142
법무시스템,grp-a001-01-000000071162436
온라인법률자문,grp-a001-01-000000071162436
의사마이너스론청주,grp-a001-01-000000071162559
피부과포스터,grp-a001-01-000000071162847
돌잔치모바일,grp-a001-01-000000071162921
고시원운영,grp-a001-01-000000071163100
레지던스월세,grp-a001-01-000000071163100
고시원건물,grp-a001-01-000000071163100
고시원건축,grp-a001-01-000000071163100
경기의사마이너스론,grp-a001-01-000000071167398
약국일반의약품자금문의,grp-a001-01-000000071167642
김해탈모치료,grp-a001-01-000000071167893
BIM모델링,grp-a001-01-000000071167895
영천이플란트,grp-a001-01-000000071167896
부산정신병동,grp-a001-01-000000071167900
일본온라인,grp-a001-01-000000071167902
디지털포스터광고,grp-a001-01-000000071167902
라인마케팅,grp-a001-01-000000071167902
이벤트팝업,grp-a001-01-000000071167902
글로벌대행사,grp-a001-01-000000071167902
인터넷방송플랫폼,grp-a001-01-000000071167903
DAS시스템,grp-a001-01-000000071167903
외국인일본비자,grp-a001-01-000000071167903
큐알코드마케팅,grp-a001-01-000000071167903
아마존미국입점,grp-a001-01-000000071167903
3PL시스템,grp-a001-01-000000071167903
풀필먼트시스템,grp-a001-01-000000071167903
식품이력관리시스템,grp-a001-01-000000071167904
데이터무결성,grp-a001-01-000000071167904
APS시스템,grp-a001-01-000000071167904
PMS시스템,grp-a001-01-000000071167904
품질관리시스템,grp-a001-01-000000071167904
MRP시스템,grp-a001-01-000000071167904
제어시스템,grp-a001-01-000000071167904
이력관리시스템,grp-a001-01-000000071167904
온라인영수증,grp-a001-01-000000071167904
POP시스템,grp-a001-01-000000071167904
MES시스템구축,grp-a001-01-000000071167904
공정관리시스템,grp-a001-01-000000071167904
ERP시스템구축,grp-a001-01-000000071167904
공정제어시스템,grp-a001-01-000000071167904
원가관리시스템,grp-a001-01-000000071167904
PDA시스템,grp-a001-01-000000071167904
바코드시스템구축,grp-a001-01-000000071167904
양액시스템,grp-a001-01-000000071167904
챗봇시스템,grp-a001-01-000000071167904
대구시스템창호,grp-a001-01-000000071264547
의료기관금리비교인천,grp-a001-01-000000071273702
일광신도시노르웨이숲,grp-a001-01-000000071275065
산후조리사,grp-a001-01-000000071275273
산후조리사신청,grp-a001-01-000000071275273
산후조리음식,grp-a001-01-000000071275273
집에서산후조리,grp-a001-01-000000071275273
산후조리교육,grp-a001-01-000000071275273
산후조리비용,grp-a001-01-000000071275273
출장산후조리,grp-a001-01-000000071275273
조리원추천,grp-a001-01-000000071275273
집산후조리,grp-a001-01-000000071275273
가정산후조리,grp-a001-01-000000071275273
방문산후조리,grp-a001-01-000000071275273
산후조리업체,grp-a001-01-000000071275273
대전동구산후도우미,grp-a001-01-000000071275273
건원건축,grp-a001-01-000000071275970
수자원공사NCS,grp-a001-01-000000071275970
한국수자원공사NCS,grp-a001-01-000000071275970
수자원공사시험,grp-a001-01-000000071275970
NCS온라인교육,grp-a001-01-000000071275970
전문가찾기,grp-a001-01-000000071278173
재능플랫폼,grp-a001-01-000000071278173
전문가플랫폼,grp-a001-01-000000071278173
전문가연결플랫폼,grp-a001-01-000000071278173
디지털문방구,grp-a001-01-000000071278173
데이터라벨러교육,grp-a001-01-000000071278173
토퍼원데이클래스,grp-a001-01-000000071278173
긱워커플랫폼,grp-a001-01-000000071278173
재능거래플랫폼,grp-a001-01-000000071278173
전문가연결,grp-a001-01-000000071278173
재능공유플랫폼,grp-a001-01-000000071278173
전문가매칭,grp-a001-01-000000071278173
전문가서비스,grp-a001-01-000000071278173
방카르트수술,grp-a001-01-000000071280032
무릎관절수술병원,grp-a001-01-000000071280032
컴퓨터이벤트,grp-a001-01-000000071280717
피씨이벤트,grp-a001-01-000000071280717
PC이벤트,grp-a001-01-000000071280717
울산의료기관금리비교,grp-a001-01-000000071286181
성남의료기관금리비교,grp-a001-01-000000071299187
의사신용등급용인,grp-a001-01-000000071303252
어린이의사가운,grp-a001-01-000000071303609
여름의사가운,grp-a001-01-000000071303609
의사가운이름,grp-a001-01-000000071303609
사이트플랫폼,grp-a001-01-000000071303609
간호사겨울가디건,grp-a001-01-000000071303609
조리원가운,grp-a001-01-000000071303609
온라인마케팅채용,grp-a001-01-000000071303609
모바일앱개발업체,grp-a001-01-000000071303609
의료진가운,grp-a001-01-000000071303609
멀티미디어콘텐츠제작전문가실기,grp-a001-01-000000071304771
솔리드웍스구매,grp-a001-01-000000071304771
3D프린팅모델링,grp-a001-01-000000071304771
3D모델링앱,grp-a001-01-000000071304771
3D프린팅전문가,grp-a001-01-000000071304771
3D모델링출력,grp-a001-01-000000071304771
3D프린트모델링,grp-a001-01-000000071304771
3D프린팅비용,grp-a001-01-000000071304771
3D프린터소모품,grp-a001-01-000000071304771
무료디자인플랫폼,grp-a001-01-000000071304771
CAD온라인,grp-a001-01-000000071304771
모델링수업,grp-a001-01-000000071304771
모델링다운로드,grp-a001-01-000000071304771
인벤터모델링,grp-a001-01-000000071304771
의약품디자인,grp-a001-01-000000071304771
3D모델링소프트웨어,grp-a001-01-000000071304771
마야모델링,grp-a001-01-000000071304771
어도비인공지능,grp-a001-01-000000071304771
포토샵인공지능,grp-a001-01-000000071304771
홈페이지제작국비지원,grp-a001-01-000000071304771
모션캡쳐시스템,grp-a001-01-000000071304771
용인플랫폼시티,grp-a001-01-000000071304819
운정신도시아이파크,grp-a001-01-000000071304819
동탄2신도시,grp-a001-01-000000071304819
화성진안신도시,grp-a001-01-000000071304819
구성역플랫폼시티,grp-a001-01-000000071304819
동탄신도시금강펜테리움6차센트럴파크,grp-a001-01-000000071304819
디지털서비스몰,grp-a001-01-000000071304819
파주운정신도시,grp-a001-01-000000071304819
구성플랫폼시티,grp-a001-01-000000071304819
구성역플랫폼시티45,grp-a001-01-000000071304819
E편한세상용인역플랫폼시티,grp-a001-01-000000071304819
구성플랫폼시티45,grp-a001-01-000000071304819
동탄힐스테이트포레임대료,grp-a001-01-000000071304819
평택가곡신도시,grp-a001-01-000000071304819
가곡신도시,grp-a001-01-000000071304819
옥정신도시엘리프,grp-a001-01-000000071304819
경도글로벌,grp-a001-01-000000071304819
용인플랫폼시티45,grp-a001-01-000000071304819
온라인논술,grp-a001-01-000000071305200
6등급물리치료학과,grp-a001-01-000000071305200
온라인학습코칭,grp-a001-01-000000071305200
대전커피원데이클래스,grp-a001-01-000000071305200
수시지원대학,grp-a001-01-000000071305200
주말의료기관금리비교,grp-a001-01-000000071305316
다마스구매,grp-a001-01-000000071305374
한의원찜질팩,grp-a001-01-000000071305401
자외선치료기,grp-a001-01-000000071305401
피부과LED,grp-a001-01-000000071305401
손목의료기기,grp-a001-01-000000071305401
특이한모바일청첩장,grp-a001-01-000000071305811
병원권리금자금부산,grp-a001-01-000000071315866
병원권리금자금수원,grp-a001-01-000000071315872
야간의료기관금리비교,grp-a001-01-000000071315875
여수보톡스,grp-a001-01-000000071315907
여수필러,grp-a001-01-000000071315907
여수턱보톡스,grp-a001-01-000000071315907
여수입술필러,grp-a001-01-000000071315907
여수스킨보톡스,grp-a001-01-000000071315907
미사지구피부과,grp-a001-01-000000071315907
병원권리금자금당일,grp-a001-01-000000071316204
약국일반의약품자금당일,grp-a001-01-000000071316204
이벤트복권,grp-a001-01-000000071316673
스크래치이벤트,grp-a001-01-000000071316673
첫구매이벤트,grp-a001-01-000000071316673
울산발기부전,grp-a001-01-000000071316673
100원이벤트,grp-a001-01-000000071316673
빼빼로데이이벤트,grp-a001-01-000000071316673
이벤트정보,grp-a001-01-000000071316673
기사대절,grp-a001-01-000000071316673
전문의료기관금리비교,grp-a001-01-000000071317102
디지털인쇄,grp-a001-01-000000071317114
온라인명함,grp-a001-01-000000071317114
온라인출력,grp-a001-01-000000071317114
병원전화번호,grp-a001-01-000000071317114
비비드마케팅,grp-a001-01-000000071317114
용인남사신도시,grp-a001-01-000000071317276
잘하는의료기관금리비교,grp-a001-01-000000071317784
아동의사가운,grp-a001-01-000000071318078
군포다이어트한의원,grp-a001-01-000000071318117
산본교통사고,grp-a001-01-000000071318117
산본다이어트한의원,grp-a001-01-000000071318117
외국인가사도우미,grp-a001-01-000000071318141
외국인도우미,grp-a001-01-000000071318141
모바일상품권핸드폰결제,grp-a001-01-000000071318180
상품권모바일결제,grp-a001-01-000000071318180
찾기의사마이너스론,grp-a001-01-000000071319202
병원권리금자금주말,grp-a001-01-000000071319733
서울의사마이너스론,grp-a001-01-000000071322557
대전의료기관금리비교,grp-a001-01-000000071323770
약국일반의약품자금찾기,grp-a001-01-000000071331088
서충주신도시,grp-a001-01-000000071336682
김포시건강검진,grp-a001-01-000000071336855
당일의료기관금리비교,grp-a001-01-000000071341751
의사마이너스론부산,grp-a001-01-000000071342398
연차관리대장,grp-a001-01-000000071343420
연차관리대장엑셀,grp-a001-01-000000071343420
연차휴가신청서,grp-a001-01-000000071343420
연차휴가관리대장,grp-a001-01-000000071343420
연차시스템,grp-a001-01-000000071343420
직원휴가관리대장,grp-a001-01-000000071343420
연차휴가관리대장엑셀,grp-a001-01-000000071343420
육아휴직신청서,grp-a001-01-000000071343430
출산휴가신청서,grp-a001-01-000000071343430
배우자출산휴가신청서,grp-a001-01-000000071343430
무급휴가신청서,grp-a001-01-000000071343430
연차관리대장엑셀무료,grp-a001-01-000000071343430
모바일출입증,grp-a001-01-000000071343430
경조휴가신청서,grp-a001-01-000000071343430
모바일출퇴근관리,grp-a001-01-000000071343430
년차휴가신청서,grp-a001-01-000000071343430
월차휴가신청서,grp-a001-01-000000071343430
유급휴가신청서,grp-a001-01-000000071343430
출석관리시스템,grp-a001-01-000000071343430
연차관리대장무료,grp-a001-01-000000071343430
휴가관리시스템,grp-a001-01-000000071343430
PCOFF시스템,grp-a001-01-000000071343430
모바일웹사이트,grp-a001-01-000000071343443
유튜브영상편집국비지원,grp-a001-01-000000071343443
디지털드로잉온라인,grp-a001-01-000000071343443
국비지원UXUI,grp-a001-01-000000071343443
UXUI디자인국비지원,grp-a001-01-000000071343443
웹디자인기능사국비지원,grp-a001-01-000000071343443
웹디자인온라인,grp-a001-01-000000071343443
국비지원프리미어,grp-a001-01-000000071343443
국비지원실내건축,grp-a001-01-000000071343443
모바일웹제작,grp-a001-01-000000071343443
모바일개발,grp-a001-01-000000071343443
모바일웹개발,grp-a001-01-000000071343443
모바일웹만들기,grp-a001-01-000000071343443
모바일템플릿,grp-a001-01-000000071343443
경북도청신도시,grp-a001-01-000000071343654
경북신도시,grp-a001-01-000000071343654
경북도청신도시원룸,grp-a001-01-000000071343654
국비지원주얼리,grp-a001-01-000000071343654
주얼리국비지원,grp-a001-01-000000071343654
수원디지털드로잉,grp-a001-01-000000071343654
경북도청신도시상가,grp-a001-01-000000071343654
수원전문학교,grp-a001-01-000000071343654
수원전산세무1급,grp-a001-01-000000071343654
평택국비지원무료교육,grp-a001-01-000000071343654
병점국비지원,grp-a001-01-000000071343654
전기사용계약변경신청서,grp-a001-01-000000071348392
생산관리업무,grp-a001-01-000000071348392
동산경매신청서,grp-a001-01-000000071348392
확정일자신청서,grp-a001-01-000000071348392
등기신청서양식,grp-a001-01-000000071348392
경영세미나,grp-a001-01-000000071348392
급여지급신청서,grp-a001-01-000000071348392
법인인감신청서,grp-a001-01-000000071348392
병원MOU,grp-a001-01-000000071348392
조합원가입신청서,grp-a001-01-000000071348392
지급명령신청서식,grp-a001-01-000000071348392
경매연기신청서,grp-a001-01-000000071348392
멤버십회원가입신청서,grp-a001-01-000000071348392
부동산경매신청서,grp-a001-01-000000071348392
선지급신청서,grp-a001-01-000000071348392
외국인근로자명부,grp-a001-01-000000071348392
임대료감면신청서,grp-a001-01-000000071348392
잔금신청서,grp-a001-01-000000071348392
컨설팅계획서,grp-a001-01-000000071348392
컨설팅보고서양식,grp-a001-01-000000071348392
퇴점신청서,grp-a001-01-000000071348392
항소신청서,grp-a001-01-000000071348392
의료기관금리비교추천,grp-a001-01-000000071357683
아웃소싱수수료,grp-a001-01-000000071367173
통합시스템,grp-a001-01-000000071367173
디지털디자인,grp-a001-01-000000071367173
전문가어플,grp-a001-01-000000071367173
데이터개발자,grp-a001-01-000000071367173
파이썬전문가,grp-a001-01-000000071367173
UIUX컨설팅,grp-a001-01-000000071367173
전문가사이트,grp-a001-01-000000071367173
서류대필,grp-a001-01-000000071367173
온라인사무보조,grp-a001-01-000000071367173
전문가검색,grp-a001-01-000000071367173
온라인평판관리원,grp-a001-01-000000071367173
시스템업체,grp-a001-01-000000071367173
직업플랫폼,grp-a001-01-000000071367173
글로벌헤드헌터,grp-a001-01-000000071367173
NH카드이벤트,grp-a001-01-000000071367232
NH카드발급이벤트,grp-a001-01-000000071367232
농협신용카드설계사,grp-a001-01-000000071367232
디지털압력게이지,grp-a001-01-000000071368139
디지털압력계,grp-a001-01-000000071368139
디지털게이지,grp-a001-01-000000071368139
디지털진공게이지,grp-a001-01-000000071368139
솔라시스템,grp-a001-01-000000071368139
디지털풍속계,grp-a001-01-000000071368139
디지털차압계,grp-a001-01-000000071368139
디지털매니폴드게이지,grp-a001-01-000000071368139
디지털메타,grp-a001-01-000000071368139
디지털압력센서,grp-a001-01-000000071368139
디지털압력스위치,grp-a001-01-000000071368139
디지털온도측정기,grp-a001-01-000000071368139
디지털냉매게이지,grp-a001-01-000000071368139
센서시스템,grp-a001-01-000000071368139
압력데이터로거,grp-a001-01-000000071368139
디지털마노미터,grp-a001-01-000000071368139
디지털수압계,grp-a001-01-000000071368139
디지털마노메타,grp-a001-01-000000071368139
디지털풍향계,grp-a001-01-000000071368139
디지털스코프,grp-a001-01-000000071368139
디지털압력기록계,grp-a001-01-000000071368139
디지털유압게이지,grp-a001-01-000000071368139
디지털진공계,grp-a001-01-000000071368139
측정기중고,grp-a001-01-000000071368139
온도관리시스템,grp-a001-01-000000071368139
디지털기압계,grp-a001-01-000000071368139
디지털미압계,grp-a001-01-000000071368139
디지털압력측정기,grp-a001-01-000000071368139
디지털유압계,grp-a001-01-000000071368139
디지털매니폴더게이지,grp-a001-01-000000071368139
디지털차압센서,grp-a001-01-000000071368139
디지털압력,grp-a001-01-000000071368139
멸균데이터로거,grp-a001-01-000000071368139
디지털풍량계,grp-a001-01-000000071368139
결혼식이벤트,grp-a001-01-000000071369087
축가이벤트,grp-a001-01-000000071369087
결혼이벤트,grp-a001-01-000000071369087
결혼식이벤트업체,grp-a001-01-000000071369087
뮤지컬이벤트,grp-a001-01-000000071369087
결혼식축가이벤트,grp-a001-01-000000071369087
서울세미나대관,grp-a001-01-000000071369087
결혼식장이벤트,grp-a001-01-000000071369087
연산동더원피부과,grp-a001-01-000000071369276
부산피부질환피부과,grp-a001-01-000000071369276
부산더원피부과,grp-a001-01-000000071369276
연산더원피부과,grp-a001-01-000000071369276
부산편평사마귀피부과,grp-a001-01-000000071369276
구서동보톡스,grp-a001-01-000000071369276
금정구성형외과,grp-a001-01-000000071369276
부산한포진피부과,grp-a001-01-000000071369276
금정구보톡스,grp-a001-01-000000071369276
덴서티이벤트,grp-a001-01-000000071369368
분당피부과제모,grp-a001-01-000000071369368
노원흑자피부과,grp-a001-01-000000071369368
서울월세보증금,grp-a001-01-000000071369502
서울대병원단기임대,grp-a001-01-000000071369502
종로구레지던스,grp-a001-01-000000071369502
서울보증금500,grp-a001-01-000000071369502
디지털도어락,grp-a001-01-000000071369954
디지털키,grp-a001-01-000000071369954
디지털도어록,grp-a001-01-000000071369954
출입통제시스템,grp-a001-01-000000071369954
H2O호스피탈리티,grp-a001-01-000000071369954
현관디지털도어락,grp-a001-01-000000071369954
무인경비시스템,grp-a001-01-000000071369954
무인출입시스템,grp-a001-01-000000071369954
국가배상신청서,grp-a001-01-000000071369954
안면인식시스템,grp-a001-01-000000071369954
보안시스템,grp-a001-01-000000071369954
침입방지시스템,grp-a001-01-000000071369954
원패스시스템,grp-a001-01-000000071369954
모바일회원증,grp-a001-01-000000071369954
환불신청서,grp-a001-01-000000071369954
지문인식출입통제시스템,grp-a001-01-000000071369954
모바일원격,grp-a001-01-000000071369954
비대면체크인,grp-a001-01-000000071369954
모바일출퇴근기록,grp-a001-01-000000071369954
차량출입통제시스템,grp-a001-01-000000071369954
입출입시스템,grp-a001-01-000000071369954
어린이집출결시스템,grp-a001-01-000000071369954
출입인증시스템,grp-a001-01-000000071369954
사무실출입통제시스템,grp-a001-01-000000071369954
출입통제시스템설치,grp-a001-01-000000071369954
캡스모바일출입카드,grp-a001-01-000000071369954
원격제어시스템,grp-a001-01-000000071369954
사무실디지털도어락,grp-a001-01-000000071369954
무인관제시스템,grp-a001-01-000000071369954
근무관리시스템,grp-a001-01-000000071369954
출입문통제시스템,grp-a001-01-000000071369954
출입보안시스템,grp-a001-01-000000071369954
출결관리시스템,grp-a001-01-000000071369954
어린이집전자출결시스템,grp-a001-01-000000071369954
휴무신청서,grp-a001-01-000000071369954
얼굴인식시스템,grp-a001-01-000000071369954
지문인식시스템,grp-a001-01-000000071369954
안면인식출입시스템,grp-a001-01-000000071369954
지문인식출입시스템,grp-a001-01-000000071369954
에스원출입통제시스템,grp-a001-01-000000071369954
차량출입시스템,grp-a001-01-000000071369954
출입문시스템,grp-a001-01-000000071369954
모바일출입카드,grp-a001-01-000000071369954
원격근무시스템,grp-a001-01-000000071369954
개명신청서서식,grp-a001-01-000000071369954
차량출입증신청서,grp-a001-01-000000071369954
휴무변경신청서,grp-a001-01-000000071369954
계좌이체신청서,grp-a001-01-000000071369954
반품신청서양식,grp-a001-01-000000071369954
엘리베이터출입통제시스템,grp-a001-01-000000071369954
헬스장출입통제시스템,grp-a001-01-000000071369954
무인출입통제시스템,grp-a001-01-000000071369954
병원출입통제,grp-a001-01-000000071369954
모바일출입,grp-a001-01-000000071369954
키리스시스템,grp-a001-01-000000071369954
출입통제카드,grp-a001-01-000000071369954
지문인식근태관리시스템,grp-a001-01-000000071369954
모바일출입통제,grp-a001-01-000000071369954
출입통제카드리더기,grp-a001-01-000000071369954
성인인증시스템,grp-a001-01-000000071369954
모바일도어락,grp-a001-01-000000071369954
무인점포시스템,grp-a001-01-000000071369954
생체인식시스템,grp-a001-01-000000071369954
비대면운동,grp-a001-01-000000071369954
학교출입관리시스템,grp-a001-01-000000071369954
내방객시스템,grp-a001-01-000000071369954
영상분석시스템,grp-a001-01-000000071369954
무인방문시스템,grp-a001-01-000000071369954
모바일보안솔루션,grp-a001-01-000000071369954
호적정정신청서,grp-a001-01-000000071370127
의료기관금리비교성남,grp-a001-01-000000071389980
의료기관금리비교서울,grp-a001-01-000000071390421
블로그이벤트,grp-a001-01-000000071392070
공구플랫폼,grp-a001-01-000000071392070
숏폼플랫폼,grp-a001-01-000000071392070
유튜브이벤트,grp-a001-01-000000071392070
온라인영상편집,grp-a001-01-000000071392070
네이버블로그마케팅업체,grp-a001-01-000000071392070
영상편집전문가,grp-a001-01-000000071392070
블로그광고홍보새결마케팅,grp-a001-01-000000071392070
블로그마케팅새결마케팅,grp-a001-01-000000071392070
반영구마케팅,grp-a001-01-000000071392070
블로그전문가,grp-a001-01-000000071392070
스마트블록마케팅,grp-a001-01-000000071392070
컨설팅블로그,grp-a001-01-000000071392070
국비지원블로그,grp-a001-01-000000071392070
온라인교육영상제작,grp-a001-01-000000071392070
헤어샵마케팅,grp-a001-01-000000071392070
홍보마케팅방법,grp-a001-01-000000071392070
유튜브관리대행,grp-a001-01-000000071392070
병원권리금자금예약,grp-a001-01-000000071395971
대구여드름한의원,grp-a001-01-000000071396081
대구해율한의원,grp-a001-01-000000071396081
해율한의원대구,grp-a001-01-000000071396081
대구여드름흉터한의원,grp-a001-01-000000071396081
부산흑자제거피부과,grp-a001-01-000000071396389
원데이렌즈,grp-a001-01-000000071396541
원데이렌즈가격,grp-a001-01-000000071396541
아큐브원데이렌즈가격,grp-a001-01-000000071396541
원데이렌즈추천,grp-a001-01-000000071396541
렌즈온라인구매,grp-a001-01-000000071396541
바슈롬울트라원데이,grp-a001-01-000000071396541
원데이아큐브디파인,grp-a001-01-000000071396541
컬러렌즈원데이,grp-a001-01-000000071396541
알콘토탈원원데이,grp-a001-01-000000071396541
바슈롬원데이,grp-a001-01-000000071396541
알콘원데이렌즈,grp-a001-01-000000071396541
원데이컬러렌즈,grp-a001-01-000000071396541
클래리티원데이,grp-a001-01-000000071396541
토탈원원데이,grp-a001-01-000000071396541
원데이써클렌즈,grp-a001-01-000000071396541
원데이아큐브가격,grp-a001-01-000000071396541
쿠퍼비전원데이,grp-a001-01-000000071396541
클라렌원데이렌즈,grp-a001-01-000000071396541
원데이투명렌즈,grp-a001-01-000000071396541
바슈롬원데이렌즈,grp-a001-01-000000071396541
원데이렌즈종류,grp-a001-01-000000071396541
아큐브원데이디파인,grp-a001-01-000000071396541
클리어원데이,grp-a001-01-000000071396541
콘택트렌즈온라인구매,grp-a001-01-000000071396541
쿠퍼비전클래리티원데이,grp-a001-01-000000071396541
아큐브오아시스원데이난시,grp-a001-01-000000071396541
렌아원데이,grp-a001-01-000000071396541
바슈롬울트라원데이가격,grp-a001-01-000000071396541
오아시스원데이,grp-a001-01-000000071396541
온라인렌즈,grp-a001-01-000000071396541
아큐브디파인원데이,grp-a001-01-000000071396541
울트라원데이,grp-a001-01-000000071396541
원데이렌즈할인,grp-a001-01-000000071396541
프로클리어원데이,grp-a001-01-000000071396541
컬러렌즈온라인구매,grp-a001-01-000000071396541
오투오투원데이,grp-a001-01-000000071396541
클리어원데이렌즈,grp-a001-01-000000071396541
원데이렌즈무료체험,grp-a001-01-000000071396541
원데이콘택트렌즈,grp-a001-01-000000071396541
클리어칼라원데이,grp-a001-01-000000071396541
원데이난시렌즈,grp-a001-01-000000071396541
알콘이벤트,grp-a001-01-000000071396541
콘택트렌즈온라인,grp-a001-01-000000071396541
아큐브이벤트,grp-a001-01-000000071396541
원데이아큐브디파인비비드,grp-a001-01-000000071396541
아큐브오아시스원데이난시용,grp-a001-01-000000071396541
콘텍트렌즈온라인구매,grp-a001-01-000000071396541
미광원데이,grp-a001-01-000000071396541
클라렌원데이가격,grp-a001-01-000000071396541
클래리티원데이토릭,grp-a001-01-000000071396541
원데이서클렌즈,grp-a001-01-000000071396541
원데이소프트렌즈,grp-a001-01-000000071396541
쿠퍼비전원데이렌즈,grp-a001-01-000000071396541
원데이아큐브비비드,grp-a001-01-000000071396541
모이스트원데이,grp-a001-01-000000071396541
바슈롬울트라원데이렌즈,grp-a001-01-000000071396541
렌즈타운원데이,grp-a001-01-000000071396541
쿠퍼비전프로클리어원데이,grp-a001-01-000000071396541
원데이렌즈시력,grp-a001-01-000000071396541
아큐브온라인,grp-a001-01-000000071396541
오아시스원데이난시,grp-a001-01-000000071396541
클라리티원데이,grp-a001-01-000000071396541
바슈롬이벤트,grp-a001-01-000000071396541
오아시스원데이대용량,grp-a001-01-000000071396541
일회용렌즈온라인,grp-a001-01-000000071396541
원데이모이스트,grp-a001-01-000000071396541
렌즈온라인판매,grp-a001-01-000000071396541
개발대행사,grp-a001-01-000000071396541
스카이패스마일리지,grp-a001-01-000000071396592
라운지이용카드,grp-a001-01-000000071396592
대한항공이벤트,grp-a001-01-000000071396592
공항라운지이용카드,grp-a001-01-000000071396592
인천공항라운지이용카드,grp-a001-01-000000071396592
대한항공라운지이용카드,grp-a001-01-000000071396592
해외수수료면제카드,grp-a001-01-000000071396592
하나카드대한항공마일리지,grp-a001-01-000000071396592
인천공항라운지무료이용카드,grp-a001-01-000000071396592
해외라운지이용카드,grp-a001-01-000000071396592
공항라운지무료이용카드,grp-a001-01-000000071396592
라운지무료이용카드,grp-a001-01-000000071396592
율하보톡스,grp-a001-01-000000071396592
김해공항라운지이용카드,grp-a001-01-000000071396592
마일리지카드이벤트,grp-a001-01-000000071396592
글로벌카드,grp-a001-01-000000071396592
마일리지이벤트,grp-a001-01-000000071396592
외국사용카드,grp-a001-01-000000071396592
스카이허브라운지이용카드,grp-a001-01-000000071396592
해외수수료카드,grp-a001-01-000000071396592
해외수수료면제,grp-a001-01-000000071396592
스카이패스마일리지적립카드,grp-a001-01-000000071396592
해외구매대행카드,grp-a001-01-000000071396592
인천공항마티나라운지이용카드,grp-a001-01-000000071396592
해외용신용카드,grp-a001-01-000000071396592
구매대행카드추천,grp-a001-01-000000071396592
아멕스이벤트,grp-a001-01-000000071396592
공항라운지사용카드,grp-a001-01-000000071396592
신용카드항공,grp-a001-01-000000071396592
해외무이자할부카드,grp-a001-01-000000071396592
해외전용신용카드,grp-a001-01-000000071396592
해외쇼핑신용카드,grp-a001-01-000000071396592
해외결제카드만들기,grp-a001-01-000000071396592
포인트적립시스템,grp-a001-01-000000071396592
적립시스템,grp-a001-01-000000071396592
이천성형외과,grp-a001-01-000000071396658
원주여드름피부과,grp-a001-01-000000071396658
춘천여드름피부과,grp-a001-01-000000071396658
동해성형외과,grp-a001-01-000000071396658
원주피부과여드름,grp-a001-01-000000071396658
이천시성형외과,grp-a001-01-000000071396658
춘천피부과여드름,grp-a001-01-000000071396658
강원도원주피부과,grp-a001-01-000000071396658
원주시성형외과,grp-a001-01-000000071396658
춘천디스크,grp-a001-01-000000071396658
라이브플랫폼,grp-a001-01-000000071400072
외국인벌금,grp-a001-01-000000071400072
외국인아이돌봄,grp-a001-01-000000071400072
음식온라인판매,grp-a001-01-000000071400072
외국인보호일시해제,grp-a001-01-000000071403156
외국인임금체불,grp-a001-01-000000071403156
외국인입양,grp-a001-01-000000071403156
외국인자녀입양,grp-a001-01-000000071403156
베트남국제결혼서류대행,grp-a001-01-000000071403156
베트남서류대행,grp-a001-01-000000071403156
베트남결혼서류대행,grp-a001-01-000000071403156
외국인배우자자녀입양,grp-a001-01-000000071403156
강남여드름흉터피부과,grp-a001-01-000000071403200
디지털아카이브,grp-a001-01-000000071403203
국비지원미용,grp-a001-01-000000071403203
네일국비지원,grp-a001-01-000000071403203
디지털역량,grp-a001-01-000000071403203
국비지원메이크업,grp-a001-01-000000071403203
케이디지털트레이닝,grp-a001-01-000000071403203
K-디지털,grp-a001-01-000000071403203
케이디지털,grp-a001-01-000000071403203
피부미용국비지원,grp-a001-01-000000071403203
정부지원무료교육,grp-a001-01-000000071403203
디지털기초역량,grp-a001-01-000000071403203
메타버스전문가,grp-a001-01-000000071403203
스케치업온라인교육,grp-a001-01-000000071403203
정부지원직업교육,grp-a001-01-000000071403203
내시경이마거상,grp-a001-01-000000071403209
위버스성형외과,grp-a001-01-000000071403209
내시경이마거상술,grp-a001-01-000000071403209
동안성형외과,grp-a001-01-000000071403209
가미성형외과,grp-a001-01-000000071403209
안면거상성형외과,grp-a001-01-000000071403209
팔자주름성형외과,grp-a001-01-000000071403209
이마거상성형외과,grp-a001-01-000000071403209
안면거상술성형외과,grp-a001-01-000000071403209
시스템퍼니처,grp-a001-01-000000071403209
내시경이마거상술가격,grp-a001-01-000000071403209
사회대제작,grp-a001-01-000000071403209
여유증병원추천,grp-a001-01-000000071403267
부유방흡입,grp-a001-01-000000071403285
부산양방향척추내시경,grp-a001-01-000000071403285
연부연납신청서,grp-a001-01-000000071403770
디지털아카이빙,grp-a001-01-000000071403788
온라인소설,grp-a001-01-000000071403788
스루가야구매대행,grp-a001-01-000000071403788
디지털사진앨범,grp-a001-01-000000071403788
디지털역사관,grp-a001-01-000000071403788
멜론북스구매대행,grp-a001-01-000000071403788
학교디지털역사관,grp-a001-01-000000071403788
ESL시스템,grp-a001-01-000000071403788
아카이브시스템,grp-a001-01-000000071403788
지상직국비지원,grp-a001-01-000000071403788
대구온라인광고대행사,grp-a001-01-000000071403788
모바일소설,grp-a001-01-000000071403788
메디컬로맨스,grp-a001-01-000000071403788
디지털아카이브구축,grp-a001-01-000000071403788
디지털명찰,grp-a001-01-000000071403788
디지털아카이브시스템,grp-a001-01-000000071403788
파일관리시스템,grp-a001-01-000000071403788
디지털액자,grp-a001-01-000000071403818
디지털디스플레이,grp-a001-01-000000071403818
디지털메뉴판,grp-a001-01-000000071403818
안돈시스템,grp-a001-01-000000071403818
디지털게시판,grp-a001-01-000000071403818
자동제어시스템,grp-a001-01-000000071403818
디지털액자추천,grp-a001-01-000000071403818
디지털메뉴보드,grp-a001-01-000000071403818
삼성디지털사이니지,grp-a001-01-000000071403818
디지털전광판,grp-a001-01-000000071403818
디지털보드,grp-a001-01-000000071403818
디지털현수막,grp-a001-01-000000071403818
디지털POP,grp-a001-01-000000071403818
카페디지털메뉴판,grp-a001-01-000000071403818
간호사호출벨,grp-a001-01-000000071403818
디지털안내판,grp-a001-01-000000071403818
디지털현황판,grp-a001-01-000000071403818
디지털월,grp-a001-01-000000071403818
카멜디지털사이니지,grp-a001-01-000000071403818
무선디지털액자,grp-a001-01-000000071403818
디지털모니터,grp-a001-01-000000071403818
병원비상벨,grp-a001-01-000000071403818
간호사호출기,grp-a001-01-000000071403818
무인안내시스템,grp-a001-01-000000071403818
디지털사이니지가격,grp-a001-01-000000071403818
무선호출시스템,grp-a001-01-000000071403818
요양원벨,grp-a001-01-000000071403818
너스콜시스템,grp-a001-01-000000071403818
요양원호출벨,grp-a001-01-000000071403818
병원무선호출벨,grp-a001-01-000000071403818
요양원비상벨,grp-a001-01-000000071403818
간호사콜벨,grp-a001-01-000000071403818
DID호출시스템,grp-a001-01-000000071403818
번호표시스템,grp-a001-01-000000071403818
디지털웰컴보드,grp-a001-01-000000071403818
디지털사이니지솔루션,grp-a001-01-000000071403818
디지털사이니즈,grp-a001-01-000000071403818
디지털사이니지업체,grp-a001-01-000000071403818
전자게시판시스템,grp-a001-01-000000071403818
환자호출시스템,grp-a001-01-000000071403818
디지털샤이니지,grp-a001-01-000000071403818
LED디지털사이니지,grp-a001-01-000000071403818
LG전자디지털사이니지,grp-a001-01-000000071403818
대형디지털사이니지,grp-a001-01-000000071403818
삼성전자디지털사이니지,grp-a001-01-000000071403818
디지털사이니지콘텐츠,grp-a001-01-000000071403818
DID순번대기시스템,grp-a001-01-000000071403818
디지털사이니지제작,grp-a001-01-000000071403818
디지털정보디스플레이,grp-a001-01-000000071403818
디지털무재해기록판,grp-a001-01-000000071403818
디지털무재해현황판,grp-a001-01-000000071403818
내포신도시치과,grp-a001-01-000000071403835
청주유플란트,grp-a001-01-000000071403843
병원프린터,grp-a001-01-000000071403858
프린터임대료,grp-a001-01-000000071403858
LIMS시스템,grp-a001-01-000000071403863
캐스퍼이벤트,grp-a001-01-000000071403863
컴퓨터시스템밸리데이션,grp-a001-01-000000071403863
잘하는곳의사마이너스론,grp-a001-01-000000071404108
의사마이너스론수원,grp-a001-01-000000071404185
근처의료기관금리비교,grp-a001-01-000000071404185
방사선비파괴검사기사,grp-a001-01-000000071404241
온라인신문,grp-a001-01-000000071404241
미디어플랫폼,grp-a001-01-000000071404241
인터넷신문사창업,grp-a001-01-000000071404241
카드대리,grp-a001-01-000000071404241
온라인신문사,grp-a001-01-000000071404241
온라인기사,grp-a001-01-000000071404241
기사대행,grp-a001-01-000000071404241
기사대필,grp-a001-01-000000071404241
온라인기사송출,grp-a001-01-000000071404241
온라인모니터링,grp-a001-01-000000071404241
온라인뉴스광고,grp-a001-01-000000071404241
스튜디오시스템,grp-a001-01-000000071404243
오피스시스템,grp-a001-01-000000071404246
사용인감관리대장,grp-a001-01-000000071404248
사증발급신청서양식,grp-a001-01-000000071404248
생산관리대장,grp-a001-01-000000071404248
비대면주문,grp-a001-01-000000071404248
사회복지사신청서,grp-a001-01-000000071404248
안산내시경,grp-a001-01-000000071404254
화성건강검진병원,grp-a001-01-000000071404254
남양읍건강검진,grp-a001-01-000000071404254
화성종합건강검진,grp-a001-01-000000071404254
병원권리금자금잘하는,grp-a001-01-000000071404263
의사마이너스론광주,grp-a001-01-000000071404267
디지털앨범,grp-a001-01-000000071404383
디지털사진첩,grp-a001-01-000000071404383
디지털잡지,grp-a001-01-000000071404383
신차플랫폼,grp-a001-01-000000071404392
실험실컨설팅,grp-a001-01-000000071405015
랩컨설팅,grp-a001-01-000000071405015
멀티미디어콘텐츠제작전문가,grp-a001-01-000000071405017
노코드플랫폼,grp-a001-01-000000071405017
크로스플랫폼,grp-a001-01-000000071405017
리눅스데이타시스템,grp-a001-01-000000071405017
디지털엑스,grp-a001-01-000000071405017
시스템구축,grp-a001-01-000000071405017
모바일앱제작비용,grp-a001-01-000000071405017
크로스플랫폼앱개발,grp-a001-01-000000071405017
모바일앱제작,grp-a001-01-000000071405017
모바일APP,grp-a001-01-000000071405017
야간의사마이너스론,grp-a001-01-000000071405316
온라인철물점,grp-a001-01-000000071405373
목수인건비,grp-a001-01-000000071405373
부산건축자재,grp-a001-01-000000071405373
광주건축자재,grp-a001-01-000000071405373
광주건축자재백화점,grp-a001-01-000000071405373
김해건축자재,grp-a001-01-000000071405373
구미건축자재,grp-a001-01-000000071405373
김포건축자재,grp-a001-01-000000071405373
진주건축자재,grp-a001-01-000000071405373
김해건축자재백화점,grp-a001-01-000000071405373
수원건축자재,grp-a001-01-000000071405373
마산건축자재,grp-a001-01-000000071405373
대전건축자재백화점,grp-a001-01-000000071405373
남양주건축자재,grp-a001-01-000000071405373
하남건축자재,grp-a001-01-000000071405373
상주건축자재,grp-a001-01-000000071405373
김천건축자재,grp-a001-01-000000071405373
광양건축자재,grp-a001-01-000000071405373
오산건축자재,grp-a001-01-000000071405373
여수건축자재,grp-a001-01-000000071405373
당진건축자재,grp-a001-01-000000071405373
안양건축자재,grp-a001-01-000000071405373
시흥건축자재,grp-a001-01-000000071405373
통영건축자재,grp-a001-01-000000071405373
종합건축자재,grp-a001-01-000000071405373
논산건축자재,grp-a001-01-000000071405373
건축자재업체,grp-a001-01-000000071405373
화성건축자재,grp-a001-01-000000071405373
나주건축자재,grp-a001-01-000000071405373
디스크페퍼,grp-a001-01-000000071405373
금산건축자재,grp-a001-01-000000071405373
부여건축자재,grp-a001-01-000000071405373
거제건축자재,grp-a001-01-000000071405373
보령건축자재,grp-a001-01-000000071405373
서산건축자재,grp-a001-01-000000071405373
경기도광주건축자재,grp-a001-01-000000071405373
건축자재정보,grp-a001-01-000000071405373
손스온라인,grp-a001-01-000000071405373
광명건축자재,grp-a001-01-000000071405373
진천건축자재,grp-a001-01-000000071405373
대구건설자재,grp-a001-01-000000071405373
전북건축자재,grp-a001-01-000000071405373
진주시건축자재,grp-a001-01-000000071405373
네이버원리금계산기,grp-a001-01-000000071405414
동탄갑상선초음파,grp-a001-01-000000071405414
동탄갑상선,grp-a001-01-000000071405414
강남갑상선검사,grp-a001-01-000000071405414
청주여드름피부과,grp-a001-01-000000071406201
이천여드름피부과,grp-a001-01-000000071406201
평택피부과여드름,grp-a001-01-000000071406201
수원피지낭종수술,grp-a001-01-000000071406207
닥터스피부과잠실송파점,grp-a001-01-000000071406207
점제거이벤트,grp-a001-01-000000071406215
왕십리성형외과,grp-a001-01-000000071406215
광주여드름한의원,grp-a001-01-000000071406215
가죽공예원데이,grp-a001-01-000000071406215
한양대성형외과,grp-a001-01-000000071406215
천호여드름피부과,grp-a001-01-000000071406215
강동역성형외과,grp-a001-01-000000071406215
브릴린피부과,grp-a001-01-000000071406215
성동구성형외과,grp-a001-01-000000071406215
가죽공예온라인,grp-a001-01-000000071406215
부정클릭방지시스템,grp-a001-01-000000071406215
데이터암호화,grp-a001-01-000000071406236
데이터소싱,grp-a001-01-000000071406236
이벤트꽃다발,grp-a001-01-000000071406262
에이즈상담센터,grp-a001-01-000000071406290
플랜테리어액자,grp-a001-01-000000071406313
이끼플랜테리어,grp-a001-01-000000071406313
그리에이트디지털기,grp-a001-01-000000071406352
허리디스크토퍼,grp-a001-01-000000071407719
병원토퍼,grp-a001-01-000000071407753
디스크토퍼,grp-a001-01-000000071407753
코웨이닥터,grp-a001-01-000000071407753
허리디스크메모리폼,grp-a001-01-000000071407753
춘천병원청소,grp-a001-01-000000071407753
구로디지털단지역원룸,grp-a001-01-000000071407806
대학자취방,grp-a001-01-000000071407806
의사신용등급할인,grp-a001-01-000000071408115
제주약국일반의약품자금,grp-a001-01-000000071415287
라이카지오시스템즈,grp-a001-01-000000071438933
캐릭터모델링,grp-a001-01-000000071438933
라이카지오시스템,grp-a001-01-000000071438933
3D모델링배우기,grp-a001-01-000000071438933
3D모델링수업,grp-a001-01-000000071438933
3D모델링포트폴리오,grp-a001-01-000000071438933
모델링교육,grp-a001-01-000000071438933
메디컬애니메이션,grp-a001-01-000000071438933
3D시스템,grp-a001-01-000000071438933
언리얼국비지원,grp-a001-01-000000071438933
캐스퍼온라인구매,grp-a001-01-000000071440055
당근마켓전문가모드,grp-a001-01-000000071440340
카카오채널마케팅,grp-a001-01-000000071440340
원데이클래스요리,grp-a001-01-000000071440593
협상전문가,grp-a001-01-000000071440593
잠실MRI,grp-a001-01-000000071440593
송파구대장내시경,grp-a001-01-000000071440593
잠실건강검진병원,grp-a001-01-000000071440593
잠실종합건강검진,grp-a001-01-000000071440593
강동대장내시경,grp-a001-01-000000071440593
세일즈컨설팅,grp-a001-01-000000071440593
수서건강검진,grp-a001-01-000000071441356
문정동MRI,grp-a001-01-000000071441356
직업상담사2급필기,grp-a001-01-000000071441992
직업상담사2급난이도,grp-a001-01-000000071441992
직업상담사실기,grp-a001-01-000000071441992
직업상담사2급취업,grp-a001-01-000000071441992
직업상담사2급기출문제,grp-a001-01-000000071441992
직업상담사취업,grp-a001-01-000000071441992
직업상담사2급합격률,grp-a001-01-000000071441992
직업상담사2급응시자격,grp-a001-01-000000071441992
직업상담사2급과목,grp-a001-01-000000071441992
직업상담사원서접수,grp-a001-01-000000071441992
직업상담사2급기출,grp-a001-01-000000071441992
직업상담사CBT,grp-a001-01-000000071441992
취업상담사,grp-a001-01-000000071441992
직업상담사2급일정,grp-a001-01-000000071441992
에듀윌직업상담사,grp-a001-01-000000071441992
직업상담사2급과정평가형,grp-a001-01-000000071441992
직업상담사2급책,grp-a001-01-000000071441992
큐넷직업상담사,grp-a001-01-000000071441992
직업상담사일정,grp-a001-01-000000071441992
직업상담사응시자격,grp-a001-01-000000071441992
직업상담사과목,grp-a001-01-000000071441992
직업상담사2급실기교재,grp-a001-01-000000071441992
직업상담사2급기출문제집,grp-a001-01-000000071441992
직업상담사양성과정,grp-a001-01-000000071441992
직업상담사2급문제집,grp-a001-01-000000071441992
직업상담사2급공부기간,grp-a001-01-000000071441992
직업상담사2급국비,grp-a001-01-000000071441992
직업상담사2급필기기출문제집,grp-a001-01-000000071441992
직업상담사책,grp-a001-01-000000071441992
시대에듀직업상담사,grp-a001-01-000000071441992
진로상담사2급,grp-a001-01-000000071441992
직업상담사2,grp-a001-01-000000071441992
직업상담사진로,grp-a001-01-000000071441992
직업상담사2급책추천,grp-a001-01-000000071441992
울산직업상담사,grp-a001-01-000000071441992
직업상담사2급합격,grp-a001-01-000000071441992
직업상담사문제집,grp-a001-01-000000071441992
직업상담사2급시대에듀,grp-a001-01-000000071441992
원주직업상담사,grp-a001-01-000000071441992
직업상담사공부,grp-a001-01-000000071441992
직업상담사2급준비,grp-a001-01-000000071441992
직업상담사2급합격수기,grp-a001-01-000000071441992
직업상담사2급공부,grp-a001-01-000000071441992
시대고시직업상담사,grp-a001-01-000000071441992
직업상담사필기,grp-a001-01-000000071441992
직업상담사에듀윌,grp-a001-01-000000071441992
성안당직업상담사,grp-a001-01-000000071441992
천안직업상담사,grp-a001-01-000000071441992
한옥모델링,grp-a001-01-000000071441992
직업상담사시대고시,grp-a001-01-000000071441992
직업상담사2급무료,grp-a001-01-000000071441992
직업상담사2급취득,grp-a001-01-000000071441992
직업상담사2급교육,grp-a001-01-000000071441992
국비직업상담사,grp-a001-01-000000071441992
직업상담사준비,grp-a001-01-000000071441992
직업상담사취득,grp-a001-01-000000071441992
직업상담사2급한권으로끝내기,grp-a001-01-000000071441992
시대고시직업상담사2급,grp-a001-01-000000071441992
국비지원전기산업기사,grp-a001-01-000000071441992
모바일모니터링,grp-a001-01-000000071442343
온라인조사,grp-a001-01-000000071442343
온라인좌담회,grp-a001-01-000000071442343
설문플랫폼,grp-a001-01-000000071442343
설문조사시스템,grp-a001-01-000000071442343
인공지능심리상담,grp-a001-01-000000071442343
모바일서베이,grp-a001-01-000000071442343
모바일여론조사,grp-a001-01-000000071442343
온라인설문조사알바,grp-a001-01-000000071442343
인력플랫폼,grp-a001-01-000000071442343
온라인설문업체,grp-a001-01-000000071442343
마케팅설문조사,grp-a001-01-000000071442343
엘지시스템창호,grp-a001-01-000000071444626
외국인요양보호사,grp-a001-01-000000071444733
외국인베이비시터,grp-a001-01-000000071444733
청소플랫폼,grp-a001-01-000000071444733
스마일파출부,grp-a001-01-000000071444733
외국인가정부,grp-a001-01-000000071444733
아동돌봄전문가,grp-a001-01-000000071444733
외국인근로자취업,grp-a001-01-000000071444733
홈케어전문가,grp-a001-01-000000071444733
분식프렌차이즈,grp-a001-01-000000071453161
부산의사마이너스론,grp-a001-01-000000071454326
경기의료기관금리비교,grp-a001-01-000000071454693
전기차충전시스템,grp-a001-01-000000071454693
계좌이체대행,grp-a001-01-000000071454780
비대면결재,grp-a001-01-000000071454780
카드대행업체,grp-a001-01-000000071454780
신용카드수기거래,grp-a001-01-000000071454780
카드결재시스템,grp-a001-01-000000071454780
온라인결재,grp-a001-01-000000071454780
모바일결재,grp-a001-01-000000071454780
가상계좌시스템,grp-a001-01-000000071454780
키스모바일,grp-a001-01-000000071454977
모바일카드리더기,grp-a001-01-000000071454977
호주간호사,grp-a001-01-000000071465837
헝가리의대학비,grp-a001-01-000000071465837
의사고시,grp-a001-01-000000071465837
한의학과편입,grp-a001-01-000000071465837
일본치과대학,grp-a001-01-000000071465837
김영편입한의대,grp-a001-01-000000071465837
일본한의대,grp-a001-01-000000071465837
원광대한의학과편입,grp-a001-01-000000071465837
온라인AI교육,grp-a001-01-000000071466496
온라인보안교육,grp-a001-01-000000071466496
채권관리시스템,grp-a001-01-000000071466626
가슴성형병원,grp-a001-01-000000071466643
유방복원수술,grp-a001-01-000000071466643
원데이가슴성형,grp-a001-01-000000071466643
창릉신도시부동산,grp-a001-01-000000071466771
엘코어한강신도시,grp-a001-01-000000071466771
홍대권리금,grp-a001-01-000000071466771
부산병원권리금자금,grp-a001-01-000000071466968
병원권리금자금청주,grp-a001-01-000000071467490
의료기관금리비교주말,grp-a001-01-000000071467501
창원갑상선,grp-a001-01-000000071467726
인천자산관리공사,grp-a001-01-000000071467760
전문가용드라이기,grp-a001-01-000000071467765
전문가용고데기,grp-a001-01-000000071467765
전문가용매직기,grp-a001-01-000000071467765
고데기전문가용,grp-a001-01-000000071467765
전문가용아이롱,grp-a001-01-000000071467765
바람나오는고데기,grp-a001-01-000000071467765
바리깡전문가용,grp-a001-01-000000071467765
병원매뉴얼,grp-a001-01-000000071467785
병원리플렛디자인,grp-a001-01-000000071467785
성형외과책자,grp-a001-01-000000071467785
상담의사신용등급,grp-a001-01-000000071468008
천안병원권리금자금,grp-a001-01-000000071468230
쥬니어의류,grp-a001-01-000000071468291
대구피부과여드름,grp-a001-01-000000071468333
보령다이어트한의원,grp-a001-01-000000071468333
용인의사신용등급,grp-a001-01-000000071468365
경기병원권리금자금,grp-a001-01-000000071469388
의사마이너스론전주,grp-a001-01-000000071469489
온라인민사소송,grp-a001-01-000000071469562
배상명령신청서작성,grp-a001-01-000000071469562
공사대금완납증명서,grp-a001-01-000000071469562
통합관리시스템,grp-a001-01-000000071469563
모바일오피스,grp-a001-01-000000071469563
모바일메신저,grp-a001-01-000000071469563
업무플랫폼,grp-a001-01-000000071469563
협업플랫폼,grp-a001-01-000000071469563
결재시스템,grp-a001-01-000000071469563
비즈니스플랫폼,grp-a001-01-000000071469563
협업시스템,grp-a001-01-000000071469563
모바일그룹웨어,grp-a001-01-000000071469563
그룹웨어시스템,grp-a001-01-000000071469563
그룹웨어모바일,grp-a001-01-000000071469563
내부결재시스템,grp-a001-01-000000071469563
전자결재시스템구축,grp-a001-01-000000071469563
무료전자결재시스템,grp-a001-01-000000071469563
일정관리시스템,grp-a001-01-000000071469563
병원인트라넷,grp-a001-01-000000071469563
업무공유시스템,grp-a001-01-000000071469563
업무공유플랫폼,grp-a001-01-000000071469563
가상데이터룸,grp-a001-01-000000071469563
개인정보관리시스템,grp-a001-01-000000071469564
동탄2신도시지식산업센터,grp-a001-01-000000071469565
비봉신도시,grp-a001-01-000000071469566
태전신도시,grp-a001-01-000000071469566
틀니세정제,grp-a001-01-000000071469570
복싱마우스피스,grp-a001-01-000000071469570
수면마우스피스,grp-a001-01-000000071469570
코골이마우스피스,grp-a001-01-000000071469570
틀니세척,grp-a001-01-000000071469570
수면용마우스피스,grp-a001-01-000000071469570
헬스마우스피스,grp-a001-01-000000071469570
팔자주름마우스피스,grp-a001-01-000000071469570
마우스피스제작,grp-a001-01-000000071469570
고요잠마우스피스,grp-a001-01-000000071469570
MMA마우스피스,grp-a001-01-000000071469570
복싱마우스피스추천,grp-a001-01-000000071469570
주짓수마우스피스,grp-a001-01-000000071469570
턱관절마우스피스,grp-a001-01-000000071469570
수면무호흡마우스피스,grp-a001-01-000000071469570
틀니소독,grp-a001-01-000000071469570
투명교정기세척,grp-a001-01-000000071469570
틀니관리,grp-a001-01-000000071469570
교정용마우스피스,grp-a001-01-000000071469570
실리콘마우스피스,grp-a001-01-000000071469570
맞춤마우스피스,grp-a001-01-000000071469570
운동마우스피스,grp-a001-01-000000071469570
스포츠마우스피스,grp-a001-01-000000071469570
마우스피스복싱,grp-a001-01-000000071469570
농구마우스피스,grp-a001-01-000000071469570
운동용마우스피스,grp-a001-01-000000071469570
틀니세정,grp-a001-01-000000071469570
내시경마우스피스,grp-a001-01-000000071469570
의료용마우스피스,grp-a001-01-000000071469570
이갈이마우스피스추천,grp-a001-01-000000071469570
마우스피스이갈이,grp-a001-01-000000071469570
이갈이용마우스피스,grp-a001-01-000000071469570
잠잘때마우스피스,grp-a001-01-000000071469570
킥복싱마우스피스,grp-a001-01-000000071469570
치아보호마우스피스,grp-a001-01-000000071469570
마우스피스수면용,grp-a001-01-000000071469570
마우스피스코골이,grp-a001-01-000000071469570
이갈이방지용마우스피스,grp-a001-01-000000071469570
야구마우스피스,grp-a001-01-000000071469570
투명마우스피스,grp-a001-01-000000071469570
헬스용마우스피스,grp-a001-01-000000071469570
형상기억마우스피스,grp-a001-01-000000071469570
선수용마우스피스,grp-a001-01-000000071469570
축구마우스피스,grp-a001-01-000000071469570
틀니살균기,grp-a001-01-000000071469570
이갈이마우스피스방지수면용,grp-a001-01-000000071469570
나이트마우스피스,grp-a001-01-000000071469570
크라우즈마우스피스,grp-a001-01-000000071469570
메디컬일러스트레이션,grp-a001-01-000000071469572
비누원데이클래스,grp-a001-01-000000071469577
가정의달선물,grp-a001-01-000000071469577
국제아로마테라피전문가협회,grp-a001-01-000000071469577
향기치료사,grp-a001-01-000000071469577
돌잔치이벤트선물,grp-a001-01-000000071469578
돌잔치이벤트,grp-a001-01-000000071469578
돌잔치이벤트상,grp-a001-01-000000071469578
돌잔치이벤트스티커,grp-a001-01-000000071469578
돌이벤트선물,grp-a001-01-000000071469578
돌잔치이벤트선물세트,grp-a001-01-000000071469578
돌잔치이벤트선물라벨,grp-a001-01-000000071469578
원데이워터렌즈,grp-a001-01-000000071469578
온라인그림,grp-a001-01-000000071469578
돌이벤트선물세트,grp-a001-01-000000071469578
돌이벤트선물종류,grp-a001-01-000000071469578
수원치질수술,grp-a001-01-000000071469595
평택치질수술,grp-a001-01-000000071469595
오산내시경,grp-a001-01-000000071469595
향남내시경,grp-a001-01-000000071469595
용인치질수술,grp-a001-01-000000071469595
수원지방종수술,grp-a001-01-000000071469595
의료기관금리비교대구,grp-a001-01-000000071469611
의사신용등급무료,grp-a001-01-000000071470740
분당뇌MRI,grp-a001-01-000000071471011
제이드시스템창호,grp-a001-01-000000071501867
부산시스템창호,grp-a001-01-000000071501867
LG시스템도어,grp-a001-01-000000071501867
여수심리상담센터,grp-a001-01-000000071501950
제주공감심리상담센터,grp-a001-01-000000071501950
음악심리상담사1급,grp-a001-01-000000071501989
음악심리치료,grp-a001-01-000000071501989
음악심리상담사취업,grp-a001-01-000000071501989
음악상담사,grp-a001-01-000000071501989
김천혁신도시,grp-a001-01-000000071505021
대전동구원룸,grp-a001-01-000000071505021
김천혁신도시원룸,grp-a001-01-000000071505021
대구근교실버타운,grp-a001-01-000000071505030
이벤트기프티콘,grp-a001-01-000000071505030
모바일선물쿠폰C콘,grp-a001-01-000000071505030
온라인취업특강,grp-a001-01-000000071505034
온라인인적성검사,grp-a001-01-000000071505034
온라인면접,grp-a001-01-000000071505034
비대면면접,grp-a001-01-000000071505034
온라인TCI검사,grp-a001-01-000000071505034
온라인기질검사,grp-a001-01-000000071505034
수자원공사면접,grp-a001-01-000000071505034
인공지능면접,grp-a001-01-000000071505034
병원인성검사,grp-a001-01-000000071505034
모바일시험,grp-a001-01-000000071505034
AI면접시스템,grp-a001-01-000000071505034
문제은행시스템,grp-a001-01-000000071505034
한국수자원공사인성검사,grp-a001-01-000000071505034
온라인골든벨,grp-a001-01-000000071505034
온라인GSAT,grp-a001-01-000000071505034
비대면키트,grp-a001-01-000000071505034
한국복권데이터,grp-a001-01-000000071505038
글로벌페어,grp-a001-01-000000071505038
온라인취업박람회,grp-a001-01-000000071505038
온라인카페,grp-a001-01-000000071505044
유투브마케팅,grp-a001-01-000000071505044
ESG플랫폼,grp-a001-01-000000071505049
SBTI컨설팅,grp-a001-01-000000071505049
할인의사마이너스론,grp-a001-01-000000071506308
배곧신도시월세,grp-a001-01-000000071506611
배곧신도시원룸,grp-a001-01-000000071506611
백운대라수어썸브릿지,grp-a001-01-000000071506627
간호사책,grp-a001-01-000000071506764
오픈이벤트선물,grp-a001-01-000000071506764
판촉이벤트,grp-a001-01-000000071506764
DSM-5정신질환의진단및통계편람,grp-a001-01-000000071506764
미국명문대편입,grp-a001-01-000000071506764
데이터분석공모전,grp-a001-01-000000071506812
후한의원광주,grp-a001-01-000000071506812
광주피부한의원,grp-a001-01-000000071506812
데이터경진대회,grp-a001-01-000000071506812
문자발송시스템,grp-a001-01-000000071506812
간호사덧가운,grp-a001-01-000000071507001
울산의사신용등급,grp-a001-01-000000071507656
의사신용등급주말,grp-a001-01-000000071507678
병원권리금자금무료,grp-a001-01-000000071507678
후기의사신용등급,grp-a001-01-000000071516184
삼성전자이벤트,grp-a001-01-000000071516360
삼성이벤트몰,grp-a001-01-000000071516360
삼성전자이벤트몰,grp-a001-01-000000071516360
갑상선저하증약,grp-a001-01-000000071516361
갑상선기능저하증수치,grp-a001-01-000000071516361
갑상선에좋은차,grp-a001-01-000000071516361
갑상선암수술후선물,grp-a001-01-000000071516361
갑상선암다이어트,grp-a001-01-000000071516361
요오드갑상선,grp-a001-01-000000071516361
갑상선저하증탈모,grp-a001-01-000000071516361
갑상선수술후선물,grp-a001-01-000000071516361
간호사국가고시문제집,grp-a001-01-000000071516364
온라인책구매,grp-a001-01-000000071516364
교보문고이벤트,grp-a001-01-000000071516364
온라인도서구매,grp-a001-01-000000071516364
병원행정사문제집,grp-a001-01-000000071516364
도서이벤트,grp-a001-01-000000071516364
온라인서점추천,grp-a001-01-000000071516364
온라인서점할인,grp-a001-01-000000071516364
해외도서구매대행,grp-a001-01-000000071516364
온라인도서구입,grp-a001-01-000000071516364
로프공인건비,grp-a001-01-000000071516364
온라인번역알바,grp-a001-01-000000071516364
병원행정자기소개서,grp-a001-01-000000071516476
글로벌서치펌,grp-a001-01-000000071516476
대상포진비용,grp-a001-01-000000071517211
시스템앵글,grp-a001-01-000000071517212
온라인타로,grp-a001-01-000000071517242
모바일원격제어,grp-a001-01-000000071517242
온라인신점,grp-a001-01-000000071517242
PC방이벤트,grp-a001-01-000000071517242
고시원임대차계약서,grp-a001-01-000000071517242
모바일보안,grp-a001-01-000000071517242
온라인법률상담,grp-a001-01-000000071517242
그림심리치료,grp-a001-01-000000071517242
원격시스템,grp-a001-01-000000071517242
채권채무양수도계약서,grp-a001-01-000000071517242
노인심리치료,grp-a001-01-000000071517242
원데이프로그램,grp-a001-01-000000071517242
연애상담사이트,grp-a001-01-000000071517242
원격지원시스템,grp-a001-01-000000071517242
온라인용역통제시스템,grp-a001-01-000000071517242
대기전력차단시스템,grp-a001-01-000000071517242
망연계시스템,grp-a001-01-000000071517242
심리치료프로그램,grp-a001-01-000000071517242
컨설팅업무계약서,grp-a001-01-000000071517242
컨설팅표준계약서,grp-a001-01-000000071517242
미술심리치료프로그램,grp-a001-01-000000071517242
컨설팅용역계약서양식,grp-a001-01-000000071517242
118인터넷상담센터,grp-a001-01-000000071517242
모바일지원,grp-a001-01-000000071517242
모바일원격지원,grp-a001-01-000000071517242
원격관리시스템,grp-a001-01-000000071517242
모바일MDM,grp-a001-01-000000071517242
가상컴퓨터시스템,grp-a001-01-000000071517242
온라인PC방,grp-a001-01-000000071517242
과수원임대차계약서,grp-a001-01-000000071517242
수수료약정서,grp-a001-01-000000071517242
시스템비계계약서,grp-a001-01-000000071517242
문의의사마이너스론,grp-a001-01-000000071517282
후기약국일반의약품자금,grp-a001-01-000000071517283
의사마이너스론용인,grp-a001-01-000000071517304
의사신용등급예약,grp-a001-01-000000071517353
강서구여드름피부과,grp-a001-01-000000071517380
이벤트물품,grp-a001-01-000000071517454
옥정신도시,grp-a001-01-000000071517466
양주옥정신도시,grp-a001-01-000000071517466
온라인만남,grp-a001-01-000000071517466
온라인채팅사이트,grp-a001-01-000000071517466
양주옥정신도시부동산,grp-a001-01-000000071517466
왕숙신도시청약,grp-a001-01-000000071517470
심장수술,grp-a001-01-000000071517569
부정맥병원추천,grp-a001-01-000000071517569
부정맥전문의,grp-a001-01-000000071517569
심혈관전문의,grp-a001-01-000000071517569
약국일반의약품자금신청,grp-a001-01-000000071517638
협의이혼의사확인신청서,grp-a001-01-000000071517673
협의이혼신청서,grp-a001-01-000000071517673
이혼신청서,grp-a001-01-000000071517673
가사전문변호사,grp-a001-01-000000071517673
이혼조정신청서,grp-a001-01-000000071517673
합의이혼신청서,grp-a001-01-000000071517673
무료이혼상담센터,grp-a001-01-000000071517673
이혼신청서류,grp-a001-01-000000071517673
외국인이혼소송,grp-a001-01-000000071517673
양육비조정신청서,grp-a001-01-000000071517673
가정폭력상담사,grp-a001-01-000000071517673
외국인이혼,grp-a001-01-000000071517673
이혼무료법률상담센터,grp-a001-01-000000071517673
외국인배우자이혼,grp-a001-01-000000071517673
무료이혼법률상담센터,grp-a001-01-000000071517673
가사전문법무사,grp-a001-01-000000071517673
외국인과이혼,grp-a001-01-000000071517673
이혼서류신청서,grp-a001-01-000000071517673
이혼서류대행,grp-a001-01-000000071517673
온라인이혼상담,grp-a001-01-000000071517673
가사전문로펌,grp-a001-01-000000071517673
다문화사회전문가2급,grp-a001-01-000000071518062
사회복지사2급온라인교육,grp-a001-01-000000071518062
사회복지사2급온라인수강,grp-a001-01-000000071518062
온라인사회복지,grp-a001-01-000000071518062
이대병원자소서,grp-a001-01-000000071518764
놀이치료사자격,grp-a001-01-000000071518765
놀이상담사,grp-a001-01-000000071518765
무료의료기관금리비교,grp-a001-01-000000071524756
급여이체내역서,grp-a001-01-000000071526835
재무제표증명원,grp-a001-01-000000071526835
재무제표부속명세서,grp-a001-01-000000071526835
차량관리대장,grp-a001-01-000000071526835
청구원인변경신청서,grp-a001-01-000000071526835
온습도관리대장,grp-a001-01-000000071526835
재무제표보기,grp-a001-01-000000071526835
재무제표현금흐름표,grp-a001-01-000000071526835
내시경소독장부,grp-a001-01-000000071526835
재무제표다운로드,grp-a001-01-000000071526835
지게차관리대장,grp-a001-01-000000071526835
차량등록신청서,grp-a001-01-000000071526835
철회신청서,grp-a001-01-000000071526835
개인정보취급자관리대장,grp-a001-01-000000071526835
내시경장비관리대장,grp-a001-01-000000071526835
수수료명세서,grp-a001-01-000000071526835
요양급여청구서,grp-a001-01-000000071526835
간이사업자계산서양식,grp-a001-01-000000071526835
건설자재단가표,grp-a001-01-000000071526835
결재문서관리대장,grp-a001-01-000000071526835
무료재무제표,grp-a001-01-000000071526835
산재관리대장,grp-a001-01-000000071526835
수수료청구서,grp-a001-01-000000071526835
외국인현황표,grp-a001-01-000000071526835
외상관리대장,grp-a001-01-000000071526835
월세관리대장,grp-a001-01-000000071526835
음주측정관리대장,grp-a001-01-000000071526835
임대관리대장,grp-a001-01-000000071526835
임대료관리대장,grp-a001-01-000000071526835
임원급여명세서,grp-a001-01-000000071526835
재료관리대장,grp-a001-01-000000071526835
재무제표보고서,grp-a001-01-000000071526835
재무제표샘플,grp-a001-01-000000071526835
전도금관리대장,grp-a001-01-000000071526835
주유관리대장,grp-a001-01-000000071526835
채권관리대장,grp-a001-01-000000071526835
폐유관리대장,grp-a001-01-000000071526835
향정관리대장,grp-a001-01-000000071526835
휴게시간관리대장,grp-a001-01-000000071526835
휴직자관리대장,grp-a001-01-000000071526835
정신감정신청서,grp-a001-01-000000071526835
처분,grp-a001-01-000000071535483
추석이벤트,grp-a001-01-000000071535483
디지털피아노폐기,grp-a001-01-000000071535483
디지털굿즈,grp-a001-01-000000071535483
굿즈마케팅,grp-a001-01-000000071535483
이천원데이클래스,grp-a001-01-000000071536322
디지털타투,grp-a001-01-000000071536322
간호사체험,grp-a001-01-000000071536322
플랜테리어클래스,grp-a001-01-000000071536322
플랜테리어수업,grp-a001-01-000000071536322
원예상담사,grp-a001-01-000000071536322
플랜테리어배우기,grp-a001-01-000000071536322
일러스트원데이클래스,grp-a001-01-000000071536605
고려대최고경영자과정,grp-a001-01-000000071536954
경영자수업,grp-a001-01-000000071536954
클래스101마케팅,grp-a001-01-000000071536954
블로그운영자를위한포토샵가이드,grp-a001-01-000000071536954
울산원데이클래스,grp-a001-01-000000071537261
울산세미나장소,grp-a001-01-000000071537261
서울약국일반의약품자금,grp-a001-01-000000071538968
인천약국일반의약품자금,grp-a001-01-000000071539291
이벤트영상제작,grp-a001-01-000000071550247
구글마케팅,grp-a001-01-000000071550247
브랜드플랫폼,grp-a001-01-000000071550247
CI비용,grp-a001-01-000000071550247
가온글로벌카드,grp-a001-01-000000071550389
KB가온글로벌,grp-a001-01-000000071550389
KB국민가온글로벌카드,grp-a001-01-000000071550389
추천시스템,grp-a001-01-000000071550522
유튜브광고마케팅,grp-a001-01-000000071550522
동영상마케팅,grp-a001-01-000000071550522
유튜브광고플랫폼,grp-a001-01-000000071550522
병원브로슈어,grp-a001-01-000000071550617
세미나답례품,grp-a001-01-000000071550617
세미나선물,grp-a001-01-000000071550617
성형외과리플렛,grp-a001-01-000000071550617
병원개원기념품,grp-a001-01-000000071550617
병원개원답례품,grp-a001-01-000000071550617
세미나판촉물,grp-a001-01-000000071550617
가격약국일반의약품자금,grp-a001-01-000000071561666
전문점약국일반의약품자금,grp-a001-01-000000071561820
가격의사마이너스론,grp-a001-01-000000071561907
약국일반의약품자금용인,grp-a001-01-000000071589311
서울의료기관금리비교,grp-a001-01-000000071590266
은평구다이어트한의원,grp-a001-01-000000071593695
경기광주목디스크,grp-a001-01-000000071593755
외단열시스템,grp-a001-01-000000071593820
약국일반의약품자금부산,grp-a001-01-000000071597122
의사신용등급수원,grp-a001-01-000000071603678
무료의사마이너스론,grp-a001-01-000000071609560
보스턴테리어입양,grp-a001-01-000000071611110
베들링턴테리어입양,grp-a001-01-000000071611110
GS모바일상품권,grp-a001-01-000000071611466
GS25모바일상품권사용처,grp-a001-01-000000071611466
개인회생이란,grp-a001-01-000000071611466
편의점모바일상품권,grp-a001-01-000000071611466
교통사고발생상황진술서,grp-a001-01-000000071611466
GS모바일주유권,grp-a001-01-000000071611466
디지털영상편집1급,grp-a001-01-000000071611466
GS편의점모바일상품권,grp-a001-01-000000071611466
CU모바일금액권,grp-a001-01-000000071611466
GS칼텍스모바일상품권,grp-a001-01-000000071611466
세븐일레븐모바일금액권,grp-a001-01-000000071611466
디지털컨텐츠학과,grp-a001-01-000000071611466
전자금융법,grp-a001-01-000000071611466
편의점모바일쿠폰,grp-a001-01-000000071611466
GS모바일쿠폰,grp-a001-01-000000071611466
CU모바일,grp-a001-01-000000071611466
씨유모바일상품권,grp-a001-01-000000071611466
GS25모바일쿠폰,grp-a001-01-000000071611466
GS모바일주유상품권,grp-a001-01-000000071611466
CU편의점모바일상품권,grp-a001-01-000000071611466
3D모델링파일,grp-a001-01-000000071611466
CU모바일쿠폰,grp-a001-01-000000071611466
디지털영상편집,grp-a001-01-000000071611466
GS편의점모바일쿠폰,grp-a001-01-000000071611466
국비지원주말,grp-a001-01-000000071611466
GS칼텍스모바일쿠폰,grp-a001-01-000000071611466
컴퓨터온라인교육,grp-a001-01-000000071611466
CU편의점모바일쿠폰,grp-a001-01-000000071611466
멀티미디어콘텐츠제작전문가기출,grp-a001-01-000000071611466
카티아온라인교육,grp-a001-01-000000071611466
영상편집온라인,grp-a001-01-000000071611466
애프터이펙트국비지원,grp-a001-01-000000071611466
ITQ온라인,grp-a001-01-000000071611466
산후조리기간,grp-a001-01-000000071627719
분당조리원,grp-a001-01-000000071627719
안양조리원,grp-a001-01-000000071627719
창원여성병원,grp-a001-01-000000071627719
산본조리원,grp-a001-01-000000071627719
산후조리식단,grp-a001-01-000000071627719
광명조리원,grp-a001-01-000000071627719
송파조리원,grp-a001-01-000000071627719
강남조리원,grp-a001-01-000000071627719
용인조리원,grp-a001-01-000000071627719
강동구조리원,grp-a001-01-000000071627719
목동조리원,grp-a001-01-000000071627719
임산부이벤트,grp-a001-01-000000071627719
송파구조리원,grp-a001-01-000000071627719
용산조리원,grp-a001-01-000000071627719
노원조리원,grp-a001-01-000000071627719
별내조리원,grp-a001-01-000000071627719
성북구조리원,grp-a001-01-000000071627719
위례조리원,grp-a001-01-000000071627719
성동구조리원,grp-a001-01-000000071627719
강동조리원,grp-a001-01-000000071627719
은평구조리원,grp-a001-01-000000071627719
광진구조리원,grp-a001-01-000000071627719
잠실조리원,grp-a001-01-000000071627719
마포구조리원,grp-a001-01-000000071627719
마포조리원,grp-a001-01-000000071627719
강북구조리원,grp-a001-01-000000071627719
대구북구조리원,grp-a001-01-000000071627719
노원구조리원,grp-a001-01-000000071627719
관악구조리원,grp-a001-01-000000071627719
평촌조리원,grp-a001-01-000000071627719
대구닥터안,grp-a001-01-000000071627719
피부과명찰,grp-a001-01-000000071627721
부산무료법률상담센터,grp-a001-01-000000071627726
대전무료법률상담센터,grp-a001-01-000000071627726
온라인펫샵,grp-a001-01-000000071627751
중국온라인몰,grp-a001-01-000000071627756
구매시스템,grp-a001-01-000000071627756
위탁대행,grp-a001-01-000000071627756
영업시스템,grp-a001-01-000000071627756
웹발주시스템,grp-a001-01-000000071627756
ERP구매관리시스템,grp-a001-01-000000071627756
여성의류땡처리,grp-a001-01-000000071627756
2030여성의류,grp-a001-01-000000071627756
글로벌셀러교육,grp-a001-01-000000071627765
의료기관금리비교상담,grp-a001-01-000000071630422
자기계발세미나,grp-a001-01-000000071630431
패션플랫폼,grp-a001-01-000000071630435
구로디지털단지역미용실,grp-a001-01-000000071630435
원데이메이크업,grp-a001-01-000000071630435
퍼스널컬러전문가,grp-a001-01-000000071630435
퍼스널브랜딩전문가,grp-a001-01-000000071630435
리더십세미나,grp-a001-01-000000071630435
퍼스널컬러온라인,grp-a001-01-000000071630435
퍼스널컬러원데이,grp-a001-01-000000071630435
재정상담사,grp-a001-01-000000071630437
김포한강신도시,grp-a001-01-000000071630447
한강신도시롯데캐슬,grp-a001-01-000000071630447
김포한강신도시부동산,grp-a001-01-000000071630447
한강신도시부동산,grp-a001-01-000000071630447
대형디지털액자,grp-a001-01-000000071630450
디지털사진액자,grp-a001-01-000000071630450
디지털가격표,grp-a001-01-000000071630450
외국인바이어기념품,grp-a001-01-000000071630450
미니디지털액자,grp-a001-01-000000071630450
디지털명화,grp-a001-01-000000071630450
디지털액자제작,grp-a001-01-000000071630450
넷기어디지털액자,grp-a001-01-000000071630450
17인치디지털액자,grp-a001-01-000000071630450
회의안내시스템,grp-a001-01-000000071630450
디지털전자게시판,grp-a001-01-000000071630450
설날이벤트,grp-a001-01-000000071630450
설이벤트,grp-a001-01-000000071630450
도서관시스템,grp-a001-01-000000071630454
오늘도디지털게시판,grp-a001-01-000000071630454
학교디지털게시판,grp-a001-01-000000071630454
디지털학교,grp-a001-01-000000071630454
카페디지털사이니지,grp-a001-01-000000071630454
디지털아트월,grp-a001-01-000000071630454
옥외디지털사이니지,grp-a001-01-000000071630454
디지털LED,grp-a001-01-000000071630454
가정용파라핀치료기,grp-a001-01-000000071630464
손목치료기,grp-a001-01-000000071630464
퍼슨메디칼,grp-a001-01-000000071630464
파라핀손치료기,grp-a001-01-000000071630464
파라핀치료기추천,grp-a001-01-000000071630464
손치료기,grp-a001-01-000000071630464
대한녹용,grp-a001-01-000000071630464
손가락치료기,grp-a001-01-000000071630464
내시경세척기,grp-a001-01-000000071630464
촛물치료기,grp-a001-01-000000071630464
진솔메디칼,grp-a001-01-000000071630464
발목치료기,grp-a001-01-000000071630464
국산파라핀치료기,grp-a001-01-000000071630464
파라핀의료기,grp-a001-01-000000071630464
대보메디칼,grp-a001-01-000000071630464
촛농물리치료,grp-a001-01-000000071630464
의료용파라핀치료기,grp-a001-01-000000071630464
BK메디칼,grp-a001-01-000000071630464
황달치료기,grp-a001-01-000000071630464
청주하늘체한의원,grp-a001-01-000000071630491
제주다이어트한의원,grp-a001-01-000000071630491
부천일맥한의원,grp-a001-01-000000071630491
강릉다이어트한의원,grp-a001-01-000000071630491
병원데이터금융,grp-a001-01-000000071670248
의사1금융권거절,grp-a001-01-000000071670248
메디칼론한도조회,grp-a001-01-000000071670248
병원데이터금융,grp-a001-01-000000071670288
의사1금융권거절,grp-a001-01-000000071670288
메디칼론한도조회,grp-a001-01-000000071670288
우정사업본부행정직,grp-a001-01-000000071680702
서울병원데이터금융,grp-a001-01-000000071681778
휴대용카드리더기,grp-a001-01-000000071681784
휴대용카드체크기,grp-a001-01-000000071681784
모바일라우터,grp-a001-01-000000071681794
휴대용카드기,grp-a001-01-000000071681794
모바일리더기,grp-a001-01-000000071681794
모바일POS,grp-a001-01-000000071681794
LG유플러스모바일라우터,grp-a001-01-000000071681794
감성모바일청첩장,grp-a001-01-000000071682067
정부지원사무실,grp-a001-01-000000071682067
홍대세미나룸,grp-a001-01-000000071682067
역삼역세미나실,grp-a001-01-000000071682067
흑석동피부과,grp-a001-01-000000071682106
퍽시스템,grp-a001-01-000000071682168
울트라원데이가격,grp-a001-01-000000071682168
대전건축자재,grp-a001-01-000000071682409
원주건축자재,grp-a001-01-000000071682409
청주건축자재,grp-a001-01-000000071682409
천안건축자재,grp-a001-01-000000071682409
부산건축자재백화점,grp-a001-01-000000071682409
경주건축자재,grp-a001-01-000000071682409
부산건축자재도매,grp-a001-01-000000071682409
경산건축자재,grp-a001-01-000000071682409
광주광역시건축자재,grp-a001-01-000000071682409
갑상선암진단비,grp-a001-01-000000071682438
표적암치료,grp-a001-01-000000071682438
암치료기간,grp-a001-01-000000071682438
부산흉터성형외과,grp-a001-01-000000071683000
대구고시원매매,grp-a001-01-000000071683061
인천고시원매매,grp-a001-01-000000071683061
고시원시설,grp-a001-01-000000071683061
수원고시원매매,grp-a001-01-000000071683061
안산고시원매매,grp-a001-01-000000071683061
부천고시원매매,grp-a001-01-000000071683061
대전고시원매매,grp-a001-01-000000071683061
근처의사1금융권거절,grp-a001-01-000000071683608
친구결혼식이벤트,grp-a001-01-000000071683632
울산병원데이터금융,grp-a001-01-000000071685863
메디칼론한도조회고양,grp-a001-01-000000071685970
새해이벤트,grp-a001-01-000000071686947
전시부스이벤트,grp-a001-01-000000071686947
전주병원데이터금융,grp-a001-01-000000071693769
디지털판화,grp-a001-01-000000071694172
디자인제작플랫폼,grp-a001-01-000000071694208
광주갑상선검사,grp-a001-01-000000071694397
여의도갑상선초음파,grp-a001-01-000000071694397
디지털노트,grp-a001-01-000000071711142
데이터레이블,grp-a001-01-000000071711142
AI활용전문가,grp-a001-01-000000071711142
AI데이터라벨링알바,grp-a001-01-000000071711142
디지털다이어리,grp-a001-01-000000071711142
AI데이터라벨러,grp-a001-01-000000071711142
데이터고블린,grp-a001-01-000000071711142
데이터라벨링후기,grp-a001-01-000000071711142
포렌식데이터복구,grp-a001-01-000000071711142
디지털라벨링,grp-a001-01-000000071711142
한국디지털포렌식,grp-a001-01-000000071711142
데이터라벨링플랫폼,grp-a001-01-000000071711142
이미지데이터라벨링,grp-a001-01-000000071711142
데이터사이트,grp-a001-01-000000071711142
AI데이터검수,grp-a001-01-000000071711142
KOLAS컨설팅,grp-a001-01-000000071711142
전주핸드폰데이터복구,grp-a001-01-000000071711142
디지털문구,grp-a001-01-000000071711142
디지털가계부,grp-a001-01-000000071711142
AI데이터알바,grp-a001-01-000000071711142
데이터라벨링재택알바,grp-a001-01-000000071711142
디지털스터디플래너,grp-a001-01-000000071711142
인공지능테스트,grp-a001-01-000000071711142
디지털포렌식가격,grp-a001-01-000000071711142
데이터라벨링구인,grp-a001-01-000000071711142
데이터분류,grp-a001-01-000000071711142
데이터라벨링투잡,grp-a001-01-000000071711142
디지털문구점,grp-a001-01-000000071711142
디지털다꾸,grp-a001-01-000000071711142
투잡플랫폼,grp-a001-01-000000071711142
온라인스터디플래너,grp-a001-01-000000071711142
데이터라벨링툴,grp-a001-01-000000071711142
라벨링데이터,grp-a001-01-000000071711142
어필리에이트마케팅,grp-a001-01-000000071711186
채용대행수수료,grp-a001-01-000000071711463
의사1금융권거절울산,grp-a001-01-000000071711463
청소업체플랫폼,grp-a001-01-000000071711463
모바일지로,grp-a001-01-000000071711520
온라인투표만들기,grp-a001-01-000000071711520
온라인총회,grp-a001-01-000000071711520
투표시스템,grp-a001-01-000000071711520
투표플랫폼,grp-a001-01-000000071711520
빌링시스템,grp-a001-01-000000071711520
승강기컨설팅,grp-a001-01-000000071711520
온라인투표프로그램,grp-a001-01-000000071711520
보팅시스템,grp-a001-01-000000071711520
온라인계약서,grp-a001-01-000000071712473
모바일계약서,grp-a001-01-000000071712473
온라인폼,grp-a001-01-000000071712473
비대면계약서,grp-a001-01-000000071712473
온라인위임장,grp-a001-01-000000071712473
계약서온라인,grp-a001-01-000000071712473
디지털날인,grp-a001-01-000000071712473
모바일계약,grp-a001-01-000000071712473
노인공동생활가정요양보호사,grp-a001-01-000000071712591
창원의사1금융권거절,grp-a001-01-000000071732828
대구병원권리금자금,grp-a001-01-000000071740573
메디칼론한도조회광주,grp-a001-01-000000071750429
의료기관금리비교용인,grp-a001-01-000000071761078
병원데이터금융성남,grp-a001-01-000000071761106
강남병원데이터금융,grp-a001-01-000000071761120
병원데이터금융비교,grp-a001-01-000000071761120
의사신용등급비교,grp-a001-01-000000071761413
의사신용등급전문,grp-a001-01-000000071761518
병원데이터금융잘하는곳,grp-a001-01-000000071761528
병원권리금자금울산,grp-a001-01-000000071761541
비교약국일반의약품자금,grp-a001-01-000000071762145
의사1금융권거절문의,grp-a001-01-000000071763870
이벤트기념품,grp-a001-01-000000071763909
카드시스템,grp-a001-01-000000071763909
모바일주유권,grp-a001-01-000000071764254
SK모바일주유권,grp-a001-01-000000071764254
GS칼텍스모바일주유권,grp-a001-01-000000071764254
디지털달력,grp-a001-01-000000071764254
SK주유권모바일,grp-a001-01-000000071764254
에스오일모바일상품권,grp-a001-01-000000071764254
모바일주유권구매,grp-a001-01-000000071764254
에스오일모바일주유권,grp-a001-01-000000071764254
모바일주유,grp-a001-01-000000071764254
주유모바일상품권,grp-a001-01-000000071764254
모바일주유쿠폰,grp-a001-01-000000071764254
디지털스티커,grp-a001-01-000000071764254
SK모바일주유상품권,grp-a001-01-000000071764254
디지털상품,grp-a001-01-000000071764254
본죽모바일상품권,grp-a001-01-000000071764254
주유상품권모바일,grp-a001-01-000000071764254
화성보안시스템,grp-a001-01-000000071764254
모바일주유상품권구매,grp-a001-01-000000071764254
SK주유소모바일상품권,grp-a001-01-000000071764254
모바일주유권선물,grp-a001-01-000000071764254
SK주유모바일상품권,grp-a001-01-000000071764254
현대오일뱅크모바일상품권,grp-a001-01-000000071764254
S오일모바일상품권,grp-a001-01-000000071764254
써브웨이모바일상품권,grp-a001-01-000000071764254
본죽모바일쿠폰,grp-a001-01-000000071764254
주유권이벤트,grp-a001-01-000000071764254
보안시스템구축,grp-a001-01-000000071764254
PC-OFF시스템,grp-a001-01-000000071764254
초과근무시스템,grp-a001-01-000000071764254
디지털템플릿,grp-a001-01-000000071764254
현대오일뱅크모바일쿠폰,grp-a001-01-000000071764254
S-OIL모바일상품권,grp-a001-01-000000071764254
고양의사1금융권거절,grp-a001-01-000000071764403
신용카드금구매,grp-a001-01-000000071764906
명지국제신도시,grp-a001-01-000000071765596
명지신도시,grp-a001-01-000000071765596
명지국제신도시원룸,grp-a001-01-000000071765596
디지털라벨,grp-a001-01-000000071765596
교통사고반성문,grp-a001-01-000000071765596
디지털라벨인쇄,grp-a001-01-000000071765596
지사글로벌,grp-a001-01-000000071765596
디지털인쇄스티커,grp-a001-01-000000071765596
원주교통사고,grp-a001-01-000000071765635
온라인웨비나,grp-a001-01-000000071772849
마이세미나,grp-a001-01-000000071772849
온라인공연,grp-a001-01-000000071772849
이벤트부스,grp-a001-01-000000071772849
온라인생중계,grp-a001-01-000000071772849
온라인콘서트,grp-a001-01-000000071772849
온라인중계,grp-a001-01-000000071772849
웹세미나,grp-a001-01-000000071772849
온라인방송,grp-a001-01-000000071772849
이벤트대행업체,grp-a001-01-000000071772849
온라인중계업체,grp-a001-01-000000071772849
온라인스트리밍,grp-a001-01-000000071772849
온라인결혼식,grp-a001-01-000000071772849
온라인워크샵,grp-a001-01-000000071772849
비대면행사,grp-a001-01-000000071772849
온라인포럼,grp-a001-01-000000071772849
중계시스템,grp-a001-01-000000071772849
온라인학술대회,grp-a001-01-000000071772849
온라인송출,grp-a001-01-000000071772849
온라인기획전,grp-a001-01-000000071772849
행사전문,grp-a001-01-000000071772849
온라인컨퍼런스,grp-a001-01-000000071772849
영상세미나,grp-a001-01-000000071772849
세미나행사대행,grp-a001-01-000000071772849
세미나행사,grp-a001-01-000000071772849
의사1금융권거절강남,grp-a001-01-000000071772849
런칭이벤트,grp-a001-01-000000071773186
세미나룸,grp-a001-01-000000071773186
서울세미나,grp-a001-01-000000071773186
세미나실대관,grp-a001-01-000000071773186
10주년이벤트,grp-a001-01-000000071773186
박람회이벤트,grp-a001-01-000000071773186
시설대관,grp-a001-01-000000071773186
축제이벤트,grp-a001-01-000000071773186
세미나장소,grp-a001-01-000000071773186
수도권워크샵장소,grp-a001-01-000000071773186
이벤트사,grp-a001-01-000000071773186
이벤트기획사,grp-a001-01-000000071773186
이벤트대행,grp-a001-01-000000071773186
세미나대관,grp-a001-01-000000071773186
창립기념일이벤트,grp-a001-01-000000071773186
강남세미나,grp-a001-01-000000071773186
이벤트제작,grp-a001-01-000000071773186
이벤트행사업체,grp-a001-01-000000071773186
이벤트프로모션,grp-a001-01-000000071773186
전시이벤트,grp-a001-01-000000071773186
세미나홀,grp-a001-01-000000071773186
창립기념이벤트,grp-a001-01-000000071773186
개소식이벤트,grp-a001-01-000000071773186
세미나대행,grp-a001-01-000000071773186
세미나대행업체,grp-a001-01-000000071773186
세미나대행사,grp-a001-01-000000071773186
세미나실예약,grp-a001-01-000000071773186
오프닝이벤트,grp-a001-01-000000071773186
행사이벤트업체,grp-a001-01-000000071773186
이색이벤트,grp-a001-01-000000071773186
세미나룸대관,grp-a001-01-000000071773186
이벤트진행,grp-a001-01-000000071773186
학교이벤트,grp-a001-01-000000071773186
강남세미나대관,grp-a001-01-000000071773186
수도권워크샵,grp-a001-01-000000071773186
무료세미나실,grp-a001-01-000000071773186
서울근교세미나,grp-a001-01-000000071773186
세미나장소대관,grp-a001-01-000000071773186
대형세미나실,grp-a001-01-000000071773186
세미나업체,grp-a001-01-000000071773186
개관식이벤트,grp-a001-01-000000071773186
세미나이벤트,grp-a001-01-000000071773186
준공식이벤트,grp-a001-01-000000071773186
세미나준비,grp-a001-01-000000071773186
대형이벤트,grp-a001-01-000000071773186
대형세미나,grp-a001-01-000000071773186
걷기대회이벤트,grp-a001-01-000000071773186
소규모이벤트,grp-a001-01-000000071773186
세미나공간,grp-a001-01-000000071773186
개막식이벤트,grp-a001-01-000000071773186
세미나장소추천,grp-a001-01-000000071773186
이벤트전문업체,grp-a001-01-000000071773186
이벤트행사기획,grp-a001-01-000000071773186
시상식이벤트,grp-a001-01-000000071773186
송년회이벤트업체,grp-a001-01-000000071773186
여의도세미나대관,grp-a001-01-000000071773186
광화문세미나대관,grp-a001-01-000000071773186
강남세미나장소,grp-a001-01-000000071773186
서울역세미나대관,grp-a001-01-000000071773186
삼성역세미나,grp-a001-01-000000071773186
강남역세미나대관,grp-a001-01-000000071773186
역삼세미나실,grp-a001-01-000000071773186
일산관리형독서실,grp-a001-01-000000071773287
온라인법정의무교육,grp-a001-01-000000071773287
중등온라인,grp-a001-01-000000071773287
무료온라인,grp-a001-01-000000071773287
해외세미나,grp-a001-01-000000071773287
중학교온라인,grp-a001-01-000000071773287
이벤트공연,grp-a001-01-000000071773287
이벤트기획안,grp-a001-01-000000071773287
캠페인이벤트,grp-a001-01-000000071773287
초등학생온라인,grp-a001-01-000000071773287
영어교육세미나,grp-a001-01-000000071773287
중소기업국비지원,grp-a001-01-000000071773287
고등온라인학습,grp-a001-01-000000071773287
메디칼론한도조회근처,grp-a001-01-000000071773467
메디칼론한도조회잘하는,grp-a001-01-000000071779091
병원데이터금융울산,grp-a001-01-000000071779091
시월모바일,grp-a001-01-000000071780593
데이터쉐어링,grp-a001-01-000000071780593
알뜰폰데이터쉐어링,grp-a001-01-000000071780593
알뜰폰데이터충전,grp-a001-01-000000071780593
알뜰폰데이터구매,grp-a001-01-000000071780593
데이터쉐어링유심,grp-a001-01-000000071780593
데이터무제한요금제,grp-a001-01-000000071780593
웹디스크,grp-a001-01-000000071780593
한국데이터유심,grp-a001-01-000000071780593
데이터요금제,grp-a001-01-000000071780593
데이터전용유심,grp-a001-01-000000071780593
데이터전용요금제,grp-a001-01-000000071780593
알뜰폰데이터,grp-a001-01-000000071780593
외국인핸드폰개통,grp-a001-01-000000071780593
데이터백업,grp-a001-01-000000071780593
알뜰폰무제한데이터,grp-a001-01-000000071780593
유심데이터,grp-a001-01-000000071780593
데이터쉐어링요금제,grp-a001-01-000000071780593
알뜰폰데이터유심,grp-a001-01-000000071780593
태블릿데이터요금제,grp-a001-01-000000071780593
외국인알뜰폰,grp-a001-01-000000071780593
아이즈모바일알뜰폰,grp-a001-01-000000071780593
데이터요금,grp-a001-01-000000071780593
모바일요금제,grp-a001-01-000000071780593
태블릿데이터,grp-a001-01-000000071780593
모바일와이파이,grp-a001-01-000000071780593
데이터쉐어링알뜰폰,grp-a001-01-000000071780593
데이터저장,grp-a001-01-000000071780593
데이터무제한유심,grp-a001-01-000000071780593
아이패드데이터요금제,grp-a001-01-000000071780593
부산정신의학과,grp-a001-01-000000071780593
알뜰폰요금제데이터,grp-a001-01-000000071780593
알뜰데이터무제한,grp-a001-01-000000071780593
알뜰폰시니어요금제,grp-a001-01-000000071780593
창원개업화분,grp-a001-01-000000071780593
데이터무제한알뜰폰요금제,grp-a001-01-000000071780593
인터넷디스크,grp-a001-01-000000071780593
모바일유심,grp-a001-01-000000071780593
알뜰폰요금제이벤트,grp-a001-01-000000071780593
시니어알뜰요금제,grp-a001-01-000000071780593
서면정신의학과,grp-a001-01-000000071780593
오라클데이터베이스,grp-a001-01-000000071780593
알뜰폰데이터무제한요금제비교,grp-a001-01-000000071780593
이지모바일알뜰폰,grp-a001-01-000000071780593
알뜰데이터요금제,grp-a001-01-000000071780593
유모바일유심구매,grp-a001-01-000000071780593
데이터알뜰요금제,grp-a001-01-000000071780593
데이터무제한요금,grp-a001-01-000000071780593
핸드폰데이터무제한,grp-a001-01-000000071780593
데이터차단요금제,grp-a001-01-000000071780593
데이터보관,grp-a001-01-000000071780593
알뜰폰데이터나눠쓰기,grp-a001-01-000000071780593
알뜰요금제데이터,grp-a001-01-000000071780593
데이터유심구매,grp-a001-01-000000071780593
알뜰요금제이벤트,grp-a001-01-000000071780593
알뜰폰데이터요금제비교,grp-a001-01-000000071780593
알뜰폰외국인,grp-a001-01-000000071780593
알뜰폰데이터전용요금제,grp-a001-01-000000071780593
알뜰폰데이터추가,grp-a001-01-000000071780593
알뜰폰데이터전용,grp-a001-01-000000071780593
무제한데이터요금제,grp-a001-01-000000071780593
전국개업화분,grp-a001-01-000000071780593
데이터무제한요금제추천,grp-a001-01-000000071780593
이천치질수술,grp-a001-01-000000071780593
알뜰폰무제한데이터요금제,grp-a001-01-000000071780593
알뜰데이터,grp-a001-01-000000071780593
데이터전용알뜰폰,grp-a001-01-000000071780593
알뜰모바일비교,grp-a001-01-000000071780593
알뜰폰시니어요금제비교,grp-a001-01-000000071780593
데이터무제한요금제비교,grp-a001-01-000000071780593
알뜰폰데이터무제한요금,grp-a001-01-000000071780593
알뜰폰데이터만,grp-a001-01-000000071780593
데이터심카드,grp-a001-01-000000071780593
무제한데이터요금,grp-a001-01-000000071780593
데이터무제한알뜰,grp-a001-01-000000071780593
LTE데이터요금제,grp-a001-01-000000071780593
LTE데이터유심,grp-a001-01-000000071780593
모바일알뜰폰,grp-a001-01-000000071780593
알뜰폰데이터전용유심,grp-a001-01-000000071780593
알뜰요금제신규개통,grp-a001-01-000000071780593
데이터요금제추천,grp-a001-01-000000071780593
알뜰폰요금이벤트,grp-a001-01-000000071780593
유심데이터무제한,grp-a001-01-000000071780593
알뜰통신사이벤트,grp-a001-01-000000071780593
알뜰통신사데이터무제한,grp-a001-01-000000071780593
데이터전용,grp-a001-01-000000071780593
데이터알뜰폰,grp-a001-01-000000071780593
모바일알뜰요금제,grp-a001-01-000000071780593
여성의전화,grp-a001-01-000000071782892
창원주방리모델링,grp-a001-01-000000071783039
소근육발달장난감,grp-a001-01-000000071784255
예비,grp-a001-01-000000071784264
온라인독서논술,grp-a001-01-000000071784264
온라인글쓰기수업,grp-a001-01-000000071784264
온라인독서토론,grp-a001-01-000000071784264
아이엘츠온라인,grp-a001-01-000000071784264
온라인논술첨삭,grp-a001-01-000000071784264
독서논술온라인,grp-a001-01-000000071784264
논술온라인,grp-a001-01-000000071784264
온라인한국어수업,grp-a001-01-000000071784264
온라인독서수업,grp-a001-01-000000071784264
온라인국어,grp-a001-01-000000071784264
초등온라인논술,grp-a001-01-000000071784264
논술온라인수업,grp-a001-01-000000071784264
온라인한국사,grp-a001-01-000000071784264
온라인화상수업,grp-a001-01-000000071784264
인공지능수학,grp-a001-01-000000071784269
온라인영어회화,grp-a001-01-000000071784269
온라인영어도서관,grp-a001-01-000000071784269
수학온라인,grp-a001-01-000000071784269
디지털교구,grp-a001-01-000000071784269
온라인초등영어,grp-a001-01-000000071784269
영어프렌차이즈,grp-a001-01-000000071784269
온라인초등수학,grp-a001-01-000000071784269
의사1금융권거절고양,grp-a001-01-000000071786074
신청약국일반의약품자금,grp-a001-01-000000071790294
병원데이터금융전주,grp-a001-01-000000071803845
찾기병원데이터금융,grp-a001-01-000000071808562
메디칼론한도조회가격,grp-a001-01-000000071815543
무료병원데이터금융,grp-a001-01-000000071821278
성남약국일반의약품자금,grp-a001-01-000000071821600
이의신청서,grp-a001-01-000000071821625
신생아실간호사,grp-a001-01-000000071821625
온라인소송,grp-a001-01-000000071821625
중국비자신청서,grp-a001-01-000000071821625
의료법률자문,grp-a001-01-000000071821625
조정참가신청서,grp-a001-01-000000071821625
간호사투약사고,grp-a001-01-000000071821625
방문간호사역할,grp-a001-01-000000071821625
이의신청서작성요령,grp-a001-01-000000071821625
간호사업무조정,grp-a001-01-000000071821625
간호사정도구,grp-a001-01-000000071821625
방문간호사의역할,grp-a001-01-000000071821625
학급경영계획,grp-a001-01-000000071821625
어린이집위탁신청서,grp-a001-01-000000071821625
자살예방교육온라인교육,grp-a001-01-000000071821625
온라인자살예방교육,grp-a001-01-000000071821625
조합원탈퇴신청서,grp-a001-01-000000071821625
주차권관리대장,grp-a001-01-000000071821625
증거신청서,grp-a001-01-000000071821625
온라인법률,grp-a001-01-000000071821625
의료기관금리비교수원,grp-a001-01-000000071821900
경영지도사재무관리,grp-a001-01-000000071821966
경영지도사시험과목,grp-a001-01-000000071821966
농산물품질관리사국비지원,grp-a001-01-000000071821966
SAP온라인,grp-a001-01-000000071821966
SAP온라인교육,grp-a001-01-000000071821966
경영지도사인사관리,grp-a001-01-000000071821966
장애인인식개선전문가,grp-a001-01-000000071821966
아이파경영지도사,grp-a001-01-000000071821972
경영지도사취업,grp-a001-01-000000071821972
경영지도사연봉,grp-a001-01-000000071821972
경영지도사인적자원관리,grp-a001-01-000000071821972
경영지도사2차시험,grp-a001-01-000000071821972
경영지도사2차재무관리,grp-a001-01-000000071821972
경영지도사책,grp-a001-01-000000071821972
시대에듀경영지도사,grp-a001-01-000000071821972
경영지도사2차생산관리,grp-a001-01-000000071821972
경영지도사2차인적자원관리,grp-a001-01-000000071821972
경영지도사모의고사,grp-a001-01-000000071821972
경영지도사2차기출,grp-a001-01-000000071821972
경영지도사2차접수,grp-a001-01-000000071821972
경영지도사경영학,grp-a001-01-000000071821972
경영지도사공부,grp-a001-01-000000071821972
경영지도사내일배움,grp-a001-01-000000071821972
경영지도사회계학,grp-a001-01-000000071821972
메디칼론한도조회부산,grp-a001-01-000000071822166
전문점의사1금융권거절,grp-a001-01-000000071822189
의료기영업,grp-a001-01-000000071822189
잘하는곳메디칼론한도조회,grp-a001-01-000000071822670
건강보조식품,grp-a001-01-000000071822688
시니어선물,grp-a001-01-000000071822688
시니어운동기구,grp-a001-01-000000071822688
노인요실금팬티,grp-a001-01-000000071822688
시니어기저귀,grp-a001-01-000000071822688
요양원기저귀,grp-a001-01-000000071822688
노인요실금기저귀,grp-a001-01-000000071822688
시니어몰,grp-a001-01-000000071822688
노인요양물품,grp-a001-01-000000071822688
노인요강,grp-a001-01-000000071822688
만도헬스케어,grp-a001-01-000000071822688
요양병원납품,grp-a001-01-000000071822688
실버의료기기,grp-a001-01-000000071822688
요양등급복지용품,grp-a001-01-000000071822688
SP성풍헬스케어,grp-a001-01-000000071822688
의료기관금리비교청주,grp-a001-01-000000071824850
전문점의사신용등급,grp-a001-01-000000071826734
건설기계조종사온라인교육,grp-a001-01-000000071827614
온라인건설기계조종사안전교육,grp-a001-01-000000071827614
데이터자본주의,grp-a001-01-000000071827794
가족일상생활배상책임,grp-a001-01-000000071829846
가족생활배상책임,grp-a001-01-000000071829846
일상생활중배상책임,grp-a001-01-000000071829846
가족일상생활중배상책임누수,grp-a001-01-000000071829846
DB일상생활배상책임,grp-a001-01-000000071829846
화재배상책임,grp-a001-01-000000071829846
체육시설업자배상책임,grp-a001-01-000000071829846
일상생활배상책임특약,grp-a001-01-000000071829846
DB가족일상생활배상책임,grp-a001-01-000000071829846
옥외광고물배상책임,grp-a001-01-000000071829846
전문인배상책임,grp-a001-01-000000071829846
승강기배상책임,grp-a001-01-000000071829846
개인정보보호배상책임,grp-a001-01-000000071829846
개인정보배상책임,grp-a001-01-000000071829846
어린이놀이시설배상책임,grp-a001-01-000000071829846
차량정비업자배상책임,grp-a001-01-000000071829846
가족일상생활배상책임특약,grp-a001-01-000000071829846
동부화재일상생활배상책임,grp-a001-01-000000071829846
복지시설배상책임,grp-a001-01-000000071829846
생활배상책임,grp-a001-01-000000071829846
온라인교육콘텐츠제작,grp-a001-01-000000071830532
세종시MRI,grp-a001-01-000000071830888
의사1금융권거절순위,grp-a001-01-000000071831955
메디칼론한도조회성남,grp-a001-01-000000071836189
의료기관금리비교전주,grp-a001-01-000000071838490
모바일랜딩페이지,grp-a001-01-000000071840460
인공지능홈페이지,grp-a001-01-000000071840460
홈페이지모바일,grp-a001-01-000000071840460
프렌차이즈법,grp-a001-01-000000071840494
프렌차이즈협회,grp-a001-01-000000071840494
의사1금융권거절청주,grp-a001-01-000000071845400
문의메디칼론한도조회,grp-a001-01-000000071845400
내부통제시스템,grp-a001-01-000000071847725
ITSM시스템,grp-a001-01-000000071847725
내부회계시스템,grp-a001-01-000000071847725
대전시스템행거,grp-a001-01-000000071848506
천안시스템행거,grp-a001-01-000000071848506
창원시스템행거,grp-a001-01-000000071848506
진주시스템행거,grp-a001-01-000000071848506
순천시스템행거,grp-a001-01-000000071848506
광양시스템행거,grp-a001-01-000000071848506
김천시스템행거,grp-a001-01-000000071848506
에이모바일,grp-a001-01-000000071849661
A모바일,grp-a001-01-000000071849661
리브모바일,grp-a001-01-000000071849661
리브엠모바일,grp-a001-01-000000071849661
KB리브모바일,grp-a001-01-000000071849661
토스모바일,grp-a001-01-000000071849661
리브모바일유심,grp-a001-01-000000071849661
에스케이세븐모바일,grp-a001-01-000000071849661
LG헬로모바일요금제,grp-a001-01-000000071849661
알뜰폰KTM모바일,grp-a001-01-000000071849661
리브M모바일,grp-a001-01-000000071849661
KB리브모바일유심,grp-a001-01-000000071849661
세븐모바일요금제,grp-a001-01-000000071849661
SK신규개통,grp-a001-01-000000071849661
KB리브엠모바일,grp-a001-01-000000071849661
데이터차단폰,grp-a001-01-000000071849661
SK노인요금제,grp-a001-01-000000071849661
엘지유플러스데이터무제한,grp-a001-01-000000071849661
A모바일번호이동,grp-a001-01-000000071849661
알뜰유모바일,grp-a001-01-000000071849661
SKT알뜰폰사업자,grp-a001-01-000000071849661
7모바일요금제,grp-a001-01-000000071849661
KTM모바일공신폰,grp-a001-01-000000071849661
A모바일앱,grp-a001-01-000000071849661
프리티데이터,grp-a001-01-000000071849661
KB국민은행리브모바일,grp-a001-01-000000071849661
SKT알뜰모바일,grp-a001-01-000000071849661
U+데이터무제한,grp-a001-01-000000071849661
헬로모바일5G,grp-a001-01-000000071849661
모바일결합,grp-a001-01-000000071849661
국민은행리브모바일유심,grp-a001-01-000000071849661
리브모바일이벤트,grp-a001-01-000000071849661
리브엠이벤트,grp-a001-01-000000071849661
헬로모바일태블릿요금제,grp-a001-01-000000071849661
마이너스폰,grp-a001-01-000000071849661
헬로모바일태블릿,grp-a001-01-000000071849661
셀모바일알뜰폰,grp-a001-01-000000071849661
알뜰폰A모바일,grp-a001-01-000000071849661
의료기관금리비교천안,grp-a001-01-000000071860454
병원권리금자금할인,grp-a001-01-000000071861709
신청의사1금융권거절,grp-a001-01-000000071861709
LX시스템창호,grp-a001-01-000000071877045
LX하우시스시스템창호,grp-a001-01-000000071877045
유로시스템9,grp-a001-01-000000071877045
루헨시스템창호,grp-a001-01-000000071877045
창호시스템,grp-a001-01-000000071877045
LG시스템창,grp-a001-01-000000071877045
페도라시스템,grp-a001-01-000000071877045
의사1금융권거절잘하는곳,grp-a001-01-000000071878146
약국일반의약품자금순위,grp-a001-01-000000071881720
병원데이터금융근처,grp-a001-01-000000071881854
대구닥트공사,grp-a001-01-000000071882914
직업상담사과정,grp-a001-01-000000071883004
인테리아,grp-a001-01-000000071883122
브라이트피부과,grp-a001-01-000000071883351
원데이필,grp-a001-01-000000071883351
방송플랫폼,grp-a001-01-000000071883461
OTT플랫폼,grp-a001-01-000000071883461
AV시스템,grp-a001-01-000000071883461
디지털콘솔,grp-a001-01-000000071883461
음향시스템,grp-a001-01-000000071883461
시스템분배기,grp-a001-01-000000071883461
행사마이크,grp-a001-01-000000071883461
방송시스템,grp-a001-01-000000071883461
학교방송시스템,grp-a001-01-000000071883461
디지털비디오,grp-a001-01-000000071883461
안내방송시스템,grp-a001-01-000000071883461
교회방송시스템,grp-a001-01-000000071883461
음향시스템설계,grp-a001-01-000000071883461
광통신시스템,grp-a001-01-000000071883461
컨트롤시스템,grp-a001-01-000000071883461
회의용시스템,grp-a001-01-000000071883461
스피커시스템,grp-a001-01-000000071883461
무선회의시스템,grp-a001-01-000000071883461
통합방송시스템,grp-a001-01-000000071883461
무선회의마이크,grp-a001-01-000000071883461
회의실음향시스템,grp-a001-01-000000071883461
교회음향시스템,grp-a001-01-000000071883461
교회영상시스템,grp-a001-01-000000071883461
춘천이벤트업체,grp-a001-01-000000071883561
무료홈페이지플랫폼,grp-a001-01-000000071883561
온라인비디오플랫폼,grp-a001-01-000000071883561
앱푸시마케팅,grp-a001-01-000000071883561
대량메일발송시스템,grp-a001-01-000000071883561
전주의사1금융권거절,grp-a001-01-000000071884772
메디칼론한도조회예약,grp-a001-01-000000071884838
의사1금융권거절가격,grp-a001-01-000000071885555
이벤트병원데이터금융,grp-a001-01-000000071885794
온라인서명,grp-a001-01-000000071885855
온라인서명만들기,grp-a001-01-000000071885855
디지털서명,grp-a001-01-000000071885855
디지털도장,grp-a001-01-000000071885855
온라인무료도장,grp-a001-01-000000071885855
모바일서명,grp-a001-01-000000071885855
온라인인감,grp-a001-01-000000071885855
온라인계약,grp-a001-01-000000071885855
중계플랫폼,grp-a001-01-000000071885855
모바일등기우편,grp-a001-01-000000071885855
비대면계약,grp-a001-01-000000071885855
모바일문서,grp-a001-01-000000071885855
온라인서명받기,grp-a001-01-000000071885855
비대면서명,grp-a001-01-000000071885855
클라우드시스템,grp-a001-01-000000071885862
배차시스템,grp-a001-01-000000071885862
파일공유시스템,grp-a001-01-000000071885862
일상생활배상책임,grp-a001-01-000000071886884
모바일핫스팟,grp-a001-01-000000071886901
데이터유심,grp-a001-01-000000071886901
데이터에그,grp-a001-01-000000071886901
아이패드데이터,grp-a001-01-000000071886901
휴대용데이터,grp-a001-01-000000071886901
에그데이터,grp-a001-01-000000071886901
홈오토시스템,grp-a001-01-000000071886901
5G모바일라우터,grp-a001-01-000000071886901
엘지유플러스모바일라우터,grp-a001-01-000000071886901
LG모바일라우터,grp-a001-01-000000071886901
데이터무제한에그,grp-a001-01-000000071886901
KT모바일라우터,grp-a001-01-000000071886901
데이터유심카드,grp-a001-01-000000071886901
LGU+모바일라우터,grp-a001-01-000000071886901
엘지모바일라우터,grp-a001-01-000000071886901
에그데이터무제한,grp-a001-01-000000071886901
유플러스모바일라우터,grp-a001-01-000000071886901
인터넷가입이벤트,grp-a001-01-000000071886901
무선데이터통신,grp-a001-01-000000071886901
외국인와이파이,grp-a001-01-000000071886901
LTE모바일라우터,grp-a001-01-000000071886901
모바일오피스넷,grp-a001-01-000000071886901
엘지유플러스모바일오피스넷,grp-a001-01-000000071886901
글로벌원에그,grp-a001-01-000000071886901
시니어수영복,grp-a001-01-000000071886932
시니어패션,grp-a001-01-000000071886932
시니어옷,grp-a001-01-000000071886932
시니어센터,grp-a001-01-000000071886932
시니어속옷,grp-a001-01-000000071886932
시니어의류,grp-a001-01-000000071886932
할머니요양원옷,grp-a001-01-000000071886932
시니어옷브랜드,grp-a001-01-000000071886932
시니어의류브랜드,grp-a001-01-000000071886932
실버타운설립,grp-a001-01-000000071886932
노인의료시설,grp-a001-01-000000071886932
시니어요금제,grp-a001-01-000000071886936
노인요금제,grp-a001-01-000000071886936
알뜰요금제데이터쉐어링,grp-a001-01-000000071886936
KT아이즈모바일,grp-a001-01-000000071886936
무제한데이터유심,grp-a001-01-000000071886936
7모바일유심,grp-a001-01-000000071886936
리브엠모바일요금제,grp-a001-01-000000071886936
에스케이7모바일,grp-a001-01-000000071886936
KTA모바일,grp-a001-01-000000071886936
알뜰모바일추천,grp-a001-01-000000071886936
알뜰시니어요금제,grp-a001-01-000000071886936
KT스카이모바일,grp-a001-01-000000071886936
KT시니어요금제,grp-a001-01-000000071886941
외국인한국유심,grp-a001-01-000000071886941
SK데이터무제한,grp-a001-01-000000071886941
외국인유심,grp-a001-01-000000071886941
KT무제한데이터,grp-a001-01-000000071886941
선불데이터유심,grp-a001-01-000000071886941
외국인유심개통,grp-a001-01-000000071886941
데이터용유심,grp-a001-01-000000071886941
시니어요금,grp-a001-01-000000071886941
LG유플러스데이터무제한,grp-a001-01-000000071886941
선불데이터,grp-a001-01-000000071886941
데이터유심칩,grp-a001-01-000000071886941
국내데이터유심,grp-a001-01-000000071886941
이심이벤트,grp-a001-01-000000071886941
데이터심,grp-a001-01-000000071886941
데이터선불유심,grp-a001-01-000000071886941
데이터나눔,grp-a001-01-000000071886941
알뜰데이터유심,grp-a001-01-000000071886941
신용불량알뜰폰,grp-a001-01-000000071886941
외국인심카드,grp-a001-01-000000071886941
데이터완전무제한,grp-a001-01-000000071886941
SK데이터요금,grp-a001-01-000000071886941
알뜰폰요금제신청방법,grp-a001-01-000000071886941
태블릿데이터유심,grp-a001-01-000000071886941
선불폰외국인,grp-a001-01-000000071886941
순위병원데이터금융,grp-a001-01-000000071886968
메디칼론한도조회인천,grp-a001-01-000000071887212
메디칼론한도조회강남,grp-a001-01-000000071887958
발MRI,grp-a001-01-000000071888071
판매플랫폼,grp-a001-01-000000071888071
족부MRI,grp-a001-01-000000071888071
디지털디톡스,grp-a001-01-000000071888099
서울대병원근처숙소,grp-a001-01-000000071888099
제주서문레지던스,grp-a001-01-000000071888099
서울대병원숙소,grp-a001-01-000000071888099
서울대입구코업레지던스,grp-a001-01-000000071888099
레지던스장기투숙,grp-a001-01-000000071888099
제주센트럴파크레지던스,grp-a001-01-000000071888099
세븐모바일유심,grp-a001-01-000000071888099
레지던스예약,grp-a001-01-000000071888099
광주레지던스,grp-a001-01-000000071888099
동해레지던스,grp-a001-01-000000071888099
서초레지던스,grp-a001-01-000000071888099
경주레지던스,grp-a001-01-000000071888099
서울역레지던스,grp-a001-01-000000071888099
유모바일유심편의점,grp-a001-01-000000071888099
푸꾸옥레지던스,grp-a001-01-000000071888099
서비스드레지던스,grp-a001-01-000000071888099
제주트루엘레지던스,grp-a001-01-000000071888099
숙박권이벤트,grp-a001-01-000000071888099
속초오션파크레지던스,grp-a001-01-000000071888099
서대문레지던스,grp-a001-01-000000071888099
부산레지던스예약,grp-a001-01-000000071888099
편의점데이터유심,grp-a001-01-000000071888099
해외데이터무제한,grp-a001-01-000000071888099
SKYLIFE모바일,grp-a001-01-000000071888099
숙소이벤트,grp-a001-01-000000071888099
교대역레지던스,grp-a001-01-000000071888099
레지던스룸,grp-a001-01-000000071888099
이천레지던스,grp-a001-01-000000071888099
이스칸다르레지던스,grp-a001-01-000000071888099
고급레지던스,grp-a001-01-000000071888099
레지던스숙박,grp-a001-01-000000071888099
동해시레지던스,grp-a001-01-000000071888099
제주브릿지레지던스,grp-a001-01-000000071888099
이벤트숙소,grp-a001-01-000000071888099
서울중구레지던스,grp-a001-01-000000071888099
편의점데이터쿠폰,grp-a001-01-000000071888099
한달살기플랫폼,grp-a001-01-000000071888099
광주광역시레지던스,grp-a001-01-000000071888099
레지던스추천,grp-a001-01-000000071888099
그랜드오시리아레지던스,grp-a001-01-000000071888099
한달레지던스,grp-a001-01-000000071888099
서울시내레지던스,grp-a001-01-000000071888099
남해레지던스,grp-a001-01-000000071888099
훼미리레지던스,grp-a001-01-000000071888099
남산레지던스,grp-a001-01-000000071888099
김천레지던스,grp-a001-01-000000071888099
유모바일편의점,grp-a001-01-000000071888099
레지던스비용,grp-a001-01-000000071888099
장기투숙레지던스,grp-a001-01-000000071888099
부산역오름레지던스,grp-a001-01-000000071888099
장충동레지던스,grp-a001-01-000000071888099
서귀포브릿지레지던스,grp-a001-01-000000071888099
용산구레지던스,grp-a001-01-000000071888099
신촌역레지던스,grp-a001-01-000000071888099
SKT데이터쉐어링,grp-a001-01-000000071888122
SKT데이터함께쓰기,grp-a001-01-000000071888122
해외데이터로밍,grp-a001-01-000000071888122
SK7모바일유심,grp-a001-01-000000071888122
SK데이터함께쓰기,grp-a001-01-000000071888122
SK데이터나눠쓰기유심,grp-a001-01-000000071888122
SKT데이터쉐어링요금제,grp-a001-01-000000071888122
SK데이터나눠쓰기,grp-a001-01-000000071888122
에이모바일알뜰폰,grp-a001-01-000000071888122
SK데이터쉐어링요금제,grp-a001-01-000000071888122
SK텔레콤데이터쉐어링,grp-a001-01-000000071888122
SKT알뜰폰데이터무제한,grp-a001-01-000000071888122
알뜰폰유심데이터,grp-a001-01-000000071888122
데이터10기가,grp-a001-01-000000071888138
헬로우모바일요금제,grp-a001-01-000000071888138
통신사신규가입,grp-a001-01-000000071888138
수산물온라인판매,grp-a001-01-000000071888138
용인의사1금융권거절,grp-a001-01-000000071888323
SK모바일상품권,grp-a001-01-000000071888329
SK모바일쿠폰,grp-a001-01-000000071888329
중식프렌차이즈,grp-a001-01-000000071888341
비상호출시스템,grp-a001-01-000000071888343
비상벨시스템,grp-a001-01-000000071888343
둔산동위내시경,grp-a001-01-000000071888345
부산암치료,grp-a001-01-000000071888347
대전혁신도시,grp-a001-01-000000071888352
대전동구전세,grp-a001-01-000000071888352
대전동구투룸,grp-a001-01-000000071888352
대전동구LH전세,grp-a001-01-000000071888352
대전동구쓰리룸,grp-a001-01-000000071888352
실버타운하우스,grp-a001-01-000000071888352
디지털명함만들기,grp-a001-01-000000071891443
소량디지털인쇄,grp-a001-01-000000071891443
온라인명함제작,grp-a001-01-000000071891443
디지털명함제작,grp-a001-01-000000071891443
온라인명함만들기,grp-a001-01-000000071891443
선거마케팅,grp-a001-01-000000071891443
성형외과명함,grp-a001-01-000000071891443
스마일명함,grp-a001-01-000000071891443
신용카드명함,grp-a001-01-000000071891443
블로그체험단플랫폼,grp-a001-01-000000071891624
외국인블로그,grp-a001-01-000000071891624
부산축농증한의원,grp-a001-01-000000071892430
잘하는병원권리금자금,grp-a001-01-000000071893320
의사신용등급전문점,grp-a001-01-000000071894303
아웃시스템즈,grp-a001-01-000000071894336
의사1금융권거절용인,grp-a001-01-000000071894397
순위의사1금융권거절,grp-a001-01-000000071894476
예약병원권리금자금,grp-a001-01-000000071894549
대구의료기관금리비교,grp-a001-01-000000071895256
화정역상가임대,grp-a001-01-000000071895384
분당MRI,grp-a001-01-000000071895407
경품이벤트사이트,grp-a001-01-000000071895423
복권이벤트,grp-a001-01-000000071895423
이벤트룰렛,grp-a001-01-000000071895423
무료이벤트,grp-a001-01-000000071895423
이벤트참여,grp-a001-01-000000071895423
쿠폰이벤트,grp-a001-01-000000071895423
이벤트룰렛제작,grp-a001-01-000000071895423
핸드폰이벤트,grp-a001-01-000000071895423
모바일룰렛,grp-a001-01-000000071895423
스크래치복권이벤트,grp-a001-01-000000071895423
이벤트추첨기,grp-a001-01-000000071895423
현장이벤트,grp-a001-01-000000071895423
이벤트경품추천,grp-a001-01-000000071895423
긁는복권이벤트,grp-a001-01-000000071895423
이벤트복권제작,grp-a001-01-000000071895423
이벤트선물,grp-a001-01-000000071895447
애슐리모바일상품권,grp-a001-01-000000071895447
이벤트쿠폰,grp-a001-01-000000071895447
이벤트경품,grp-a001-01-000000071895447
이벤트상품,grp-a001-01-000000071895447
증정이벤트,grp-a001-01-000000071895447
아웃백모바일쿠폰,grp-a001-01-000000071895447
이벤트상품권,grp-a001-01-000000071895447
신세계상품권모바일발송,grp-a001-01-000000071895447
키다리이벤트,grp-a001-01-000000071895447
서울지방종수술,grp-a001-01-000000071895556
엔진오일이벤트,grp-a001-01-000000071895596
발가락골절수술,grp-a001-01-000000071895896
내성발톱정형외과,grp-a001-01-000000071895896
발목MRI,grp-a001-01-000000071895896
지간신경종수술,grp-a001-01-000000071895896
어깨전문의,grp-a001-01-000000071895896
정형외과운동치료,grp-a001-01-000000071895896
다리물리치료,grp-a001-01-000000071895896
스포츠물리치료,grp-a001-01-000000071895896
발목관절내시경,grp-a001-01-000000071895896
운동물리치료,grp-a001-01-000000071895896
발목관절수술법,grp-a001-01-000000071895896
정형외과비수술,grp-a001-01-000000071895896
메디칼론한도조회천안,grp-a001-01-000000071914228
부산병원데이터금융,grp-a001-01-000000071914272
의사1금융권거절신청,grp-a001-01-000000071918638
병원데이터금융후기,grp-a001-01-000000071919369
대구의료기상사,grp-a001-01-000000071919684
대구의료기,grp-a001-01-000000071919684
구미의료기상사,grp-a001-01-000000071919684
디지털튜터,grp-a001-01-000000071919708
미국온라인고등학교,grp-a001-01-000000071919708
미국온라인스쿨,grp-a001-01-000000071919708
온라인고등학교,grp-a001-01-000000071919708
온라인국제학교,grp-a001-01-000000071919708
온라인유학,grp-a001-01-000000071919708
미국온라인학교,grp-a001-01-000000071919708
캐나다온라인고등학교,grp-a001-01-000000071919708
온라인중학교,grp-a001-01-000000071919708
사회복지사1급온라인,grp-a001-01-000000071919752
울산갑상선,grp-a001-01-000000071919862
해운대갑상선,grp-a001-01-000000071919862
동탄리멤버피부과,grp-a001-01-000000071920126
리멤버피부과동탄,grp-a001-01-000000071920126
나의사주,grp-a001-01-000000071920133
모바일사주,grp-a001-01-000000071920133
비대면사주,grp-a001-01-000000071920133
사주플랫폼,grp-a001-01-000000071920133
사주전문가,grp-a001-01-000000071920133
온라인점,grp-a001-01-000000071920133
온라인궁합,grp-a001-01-000000071920133
온라인철학관,grp-a001-01-000000071920133
전화상담사주,grp-a001-01-000000071920133
온라인운세,grp-a001-01-000000071920133
전문가상담,grp-a001-01-000000071920133
디지털토정비결,grp-a001-01-000000071920133
온라인택일,grp-a001-01-000000071920133
올해의사주,grp-a001-01-000000071920133
재회상담사,grp-a001-01-000000071920133
정신분석상담사,grp-a001-01-000000071920133
온라인결혼택일,grp-a001-01-000000071920133
의료기관법정의무교육,grp-a001-01-000000071920139
의료기관의무교육,grp-a001-01-000000071920139
의료기관법정교육,grp-a001-01-000000071920139
의료기관교육,grp-a001-01-000000071920139
의료기관필수교육,grp-a001-01-000000071920139
의료기관인증교육,grp-a001-01-000000071920139
병원법정필수교육,grp-a001-01-000000071920139
인라인유니폼,grp-a001-01-000000071920159
고관절수술전문병원,grp-a001-01-000000071920165
잘하는곳의사1금융권거절,grp-a001-01-000000071920247
쿡메디칼,grp-a001-01-000000071920373
내시경스네어,grp-a001-01-000000071920373
내시경포셉,grp-a001-01-000000071920373
내시경스코프,grp-a001-01-000000071920373
방사선저감장치,grp-a001-01-000000071920373
내시경악세사리,grp-a001-01-000000071920373
방사선차폐시설,grp-a001-01-000000071920373
의사1금융권거절후기,grp-a001-01-000000071920796
의사1금융권거절부산,grp-a001-01-000000071920911
청주병원데이터금융,grp-a001-01-000000071921429
용인병원데이터금융,grp-a001-01-000000071921471
한국제품구매대행,grp-a001-01-000000071921531
인천건축자재,grp-a001-01-000000071921532
울산건축자재,grp-a001-01-000000071921532
양산건축자재,grp-a001-01-000000071921532
인천건축자재백화점,grp-a001-01-000000071921532
안동건축자재,grp-a001-01-000000071921532
부천건축자재,grp-a001-01-000000071921532
사상건축자재,grp-a001-01-000000071921532
세종건축자재,grp-a001-01-000000071921532
밀양건축자재,grp-a001-01-000000071921532
영주건축자재,grp-a001-01-000000071921532
영천건축자재,grp-a001-01-000000071921532
울산건축자재백화점,grp-a001-01-000000071921532
속초건축자재,grp-a001-01-000000071921532
문경건축자재,grp-a001-01-000000071921532
건축자재벽돌,grp-a001-01-000000071921532
온돌시스템,grp-a001-01-000000071921532
이도건축자재,grp-a001-01-000000071921532
포항충주건축자재,grp-a001-01-000000071921533
신도시카독크,grp-a001-01-000000071921534
부산디스크연마,grp-a001-01-000000071921534
브레이크디스크,grp-a001-01-000000071921535
청주디스크연마,grp-a001-01-000000071921535
배터리제조사,grp-a001-01-000000071921535
글로벌서포터즈,grp-a001-01-000000071924582
포토부스구매,grp-a001-01-000000071924608
대구프로포즈이벤트,grp-a001-01-000000071924608
보조출연자,grp-a001-01-000000071924608
난독증치료센터,grp-a001-01-000000071924608
외국인심리상담,grp-a001-01-000000071924608
이벤트MC,grp-a001-01-000000071924608
대전이벤트업체,grp-a001-01-000000071924608
대전이벤트회사,grp-a001-01-000000071924608
제주이벤트업체,grp-a001-01-000000071924608
수원이벤트업체,grp-a001-01-000000071924608
인천이벤트업체,grp-a001-01-000000071924608
이벤트사회자,grp-a001-01-000000071924608
이벤트사회,grp-a001-01-000000071924608
비교병원권리금자금,grp-a001-01-000000071926169
병원데이터금융대전,grp-a001-01-000000071926201
신규개원치과,grp-a001-01-000000071926236
피부과제휴,grp-a001-01-000000071926236
전문가용미용가위,grp-a001-01-000000071927403
전문가용가위,grp-a001-01-000000071927403
미용전문가위,grp-a001-01-000000071927403
전문가미용가위,grp-a001-01-000000071927403
간호사카트,grp-a001-01-000000071927555
병원운반카,grp-a001-01-000000071927555
갑상선암에좋은식품,grp-a001-01-000000071927586
에너지저장시스템,grp-a001-01-000000071927609
파라핀치료기,grp-a001-01-000000071928039
신동방메디칼,grp-a001-01-000000071928039
상담의료기관금리비교,grp-a001-01-000000071928248
시스템아시바,grp-a001-01-000000071928374
시스템자재,grp-a001-01-000000071928374
건축자재임대,grp-a001-01-000000071928374
시스템비계워킹타워,grp-a001-01-000000071928374
조립식건축자재,grp-a001-01-000000071928374
건축자재도소매,grp-a001-01-000000071928374
건축자제,grp-a001-01-000000071928374
서대문구건강검진병원,grp-a001-01-000000071940309
차량관리시스템,grp-a001-01-000000071940359
모바일해킹,grp-a001-01-000000071940359
모바일보안프로그램,grp-a001-01-000000071940359
배송시스템,grp-a001-01-000000071940359
대자인병원치과,grp-a001-01-000000071940376
병원권리금자금가격,grp-a001-01-000000071942491
경기광주한샘,grp-a001-01-000000071949247
충북혁신도시도배,grp-a001-01-000000071949247
손목결절종수술,grp-a001-01-000000071949711
파라핀치료기효과,grp-a001-01-000000071949711
손목물리치료,grp-a001-01-000000071949711
파라핀치료기사용법,grp-a001-01-000000071949711
방사선차폐복,grp-a001-01-000000071949711
제스파파라핀치료기,grp-a001-01-000000071949711
내시경램프,grp-a001-01-000000071949711
손가락물리치료기,grp-a001-01-000000071949711
방사선차폐,grp-a001-01-000000071949711
웰비오파라핀치료기,grp-a001-01-000000071949711
파라핀치료기가정용,grp-a001-01-000000071949711
손목터널증후군치료기,grp-a001-01-000000071949711
방사선고글,grp-a001-01-000000071949711
방사선차폐장갑,grp-a001-01-000000071949711
방사선장갑,grp-a001-01-000000071949711
파라핀치료기왁스,grp-a001-01-000000071949711
광학시스템,grp-a001-01-000000071949711
방사선방호용품,grp-a001-01-000000071949711
파라핀베스치료기,grp-a001-01-000000071949711
파라핀치료기의료용,grp-a001-01-000000071949711
창원유니시티,grp-a001-01-000000071949718
사송신도시,grp-a001-01-000000071949718
양산사송신도시,grp-a001-01-000000071949718
북면신도시,grp-a001-01-000000071949718
명지전문대원룸,grp-a001-01-000000071949718
의료기기로고,grp-a001-01-000000071949718
성형외과로고,grp-a001-01-000000071949718
서예원데이클래스,grp-a001-01-000000071949757
대전베이킹원데이클래스,grp-a001-01-000000071949757
대전동호회,grp-a001-01-000000071949757
광양원데이클래스,grp-a001-01-000000071949757
대전케이크원데이클래스,grp-a001-01-000000071949757
캘리그라피원데이클래스,grp-a001-01-000000071949757
진주혁신도시필라테스,grp-a001-01-000000071949757
대전요리원데이클래스,grp-a001-01-000000071949757
대전국비지원제과제빵,grp-a001-01-000000071949757
광주원데이쿠킹클래스,grp-a001-01-000000071949757
대전쿠키원데이클래스,grp-a001-01-000000071949757
대전쿠킹원데이클래스,grp-a001-01-000000071949757
캘리그라피이벤트,grp-a001-01-000000071949757
대전제빵원데이클래스,grp-a001-01-000000071949757
대전제과제빵국비지원,grp-a001-01-000000071949757
광주요리원데이클래스,grp-a001-01-000000071949757
3040여성의류,grp-a001-01-000000071949839
여성의류,grp-a001-01-000000071949849
여성의류브랜드,grp-a001-01-000000071949849
조이너스티셔츠,grp-a001-01-000000071949849
예쁜여성의류,grp-a001-01-000000071949849
여성의류편집샵,grp-a001-01-000000071949849
러블리여성의류,grp-a001-01-000000071949849
고퀄리티여성의류,grp-a001-01-000000071949849
로맨틱여성의류,grp-a001-01-000000071949849
미시여성의류,grp-a001-01-000000071949849
데일리여성의류,grp-a001-01-000000071949849
전문점메디칼론한도조회,grp-a001-01-000000071950533
근처메디칼론한도조회,grp-a001-01-000000071950994
온라인마트,grp-a001-01-000000071952205
일본식품구매대행,grp-a001-01-000000071952205
농산물직거래플랫폼,grp-a001-01-000000071952205
농산물온라인판매,grp-a001-01-000000071952205
농산물플랫폼,grp-a001-01-000000071952205
직거래플랫폼,grp-a001-01-000000071952205
온라인식품판매,grp-a001-01-000000071952205
농산물온라인,grp-a001-01-000000071952205
온라인판로,grp-a001-01-000000071952205
식품온라인몰,grp-a001-01-000000071952205
온라인푸드마켓,grp-a001-01-000000071952205
식품온라인,grp-a001-01-000000071952205
온라인식품,grp-a001-01-000000071952205
농산물온라인직거래,grp-a001-01-000000071952205
농산물판매플랫폼,grp-a001-01-000000071952205
산지직송플랫폼,grp-a001-01-000000071952205
고기플랫폼,grp-a001-01-000000071952205
온라인고기판매,grp-a001-01-000000071952205
수술장갑,grp-a001-01-000000071952243
내시경세척,grp-a001-01-000000071952243
임플란트시멘트,grp-a001-01-000000071952243
임플란트엔진,grp-a001-01-000000071952243
임플란트핸드피스,grp-a001-01-000000071952243
원데이보철,grp-a001-01-000000071952243
치과의료용품,grp-a001-01-000000071952243
안과소모품,grp-a001-01-000000071952243
임플란트동요도측정기,grp-a001-01-000000071952243
청주기공소,grp-a001-01-000000071952243
암환자샴푸,grp-a001-01-000000071952263
고려대편입경쟁률,grp-a001-01-000000071952265
디지털온도센서,grp-a001-01-000000071952272
디지털타코메타,grp-a001-01-000000071952272
부트캠프온라인,grp-a001-01-000000071952372
C언어온라인,grp-a001-01-000000071952372
코딩온라인교육,grp-a001-01-000000071952372
코딩플랫폼,grp-a001-01-000000071952372
개발자온라인교육,grp-a001-01-000000071952372
자바온라인,grp-a001-01-000000071952372
한의원봉투,grp-a001-01-000000071978899
한의원달력,grp-a001-01-000000071978899
한의원파우치,grp-a001-01-000000071978899
디지털파우치인쇄,grp-a001-01-000000071978899
형사전문로펌,grp-a001-01-000000071979055
공무상비밀누설죄,grp-a001-01-000000071979113
온라인고소,grp-a001-01-000000071979113
형사전문,grp-a001-01-000000071979113
사생활침해죄,grp-a001-01-000000071979113
형사전담센터,grp-a001-01-000000071979113
스마일그림,grp-a001-01-000000071979150
스마일액자,grp-a001-01-000000071979150
제주병원데이터금융,grp-a001-01-000000071980908
고양메디칼론한도조회,grp-a001-01-000000071982966
주말병원데이터금융,grp-a001-01-000000071985312
약국일반의약품자금예약,grp-a001-01-000000071993702
병원데이터금융전문점,grp-a001-01-000000071994926
시니어퍼즐,grp-a001-01-000000071996158
시니어컬러링북,grp-a001-01-000000071996158
파주원데이클래스,grp-a001-01-000000071996158
시니어만들기,grp-a001-01-000000071996158
시니어미술수업,grp-a001-01-000000071996158
시니어인지활동,grp-a001-01-000000071996158
시니어학습,grp-a001-01-000000071996158
시니어인지놀이,grp-a001-01-000000071996158
시니어만들기키트,grp-a001-01-000000071996158
시니어교육자료,grp-a001-01-000000071996158
시니어인지프로그램,grp-a001-01-000000071996158
요양원놀이,grp-a001-01-000000071996158
직장내성희롱예방교육온라인,grp-a001-01-000000071996224
온라인성교육,grp-a001-01-000000071996224
성희롱예방교육온라인,grp-a001-01-000000071996224
범죄심리상담센터,grp-a001-01-000000071996224
온라인성희롱예방교육,grp-a001-01-000000071996224
디지털성범죄교육,grp-a001-01-000000071996224
디지털성폭력예방교육,grp-a001-01-000000071996224
디지털성범죄예방,grp-a001-01-000000071996224
발달장애성교육,grp-a001-01-000000071996224
성희롱예방온라인교육,grp-a001-01-000000071996224
시니어교육강사,grp-a001-01-000000071996224
성범죄온라인교육,grp-a001-01-000000071996224
온라인성폭력예방교육,grp-a001-01-000000071996224
성희롱온라인교육,grp-a001-01-000000071996224
성희롱예방교육온라인교육,grp-a001-01-000000071996224
성폭력예방교육온라인,grp-a001-01-000000071996224
아동학대신고의무자온라인교육,grp-a001-01-000000071996224
산업안전보건교육무료온라인,grp-a001-01-000000071996224
디지털성범죄,grp-a001-01-000000071996231
디지털성폭력,grp-a001-01-000000071996231
디지털성범죄처벌,grp-a001-01-000000071996231
성범죄상담센터,grp-a001-01-000000071996231
의료인성범죄,grp-a001-01-000000071996231
성폭력상담사례,grp-a001-01-000000071996231
병원데이터금융창원,grp-a001-01-000000072001523
약국일반의약품자금야간,grp-a001-01-000000072001937
경기메디칼론한도조회,grp-a001-01-000000072001969
디지털일러스트,grp-a001-01-000000072002109
서울디지털드로잉,grp-a001-01-000000072002109
내포신도시원룸,grp-a001-01-000000072002119
부모교육전문가,grp-a001-01-000000072002119
전문심리상담사,grp-a001-01-000000072002119
서울케이크원데이클래스,grp-a001-01-000000072002237
원데이클래스케이크,grp-a001-01-000000072002237
원데이클래스쿠키,grp-a001-01-000000072002237
서울원데이클래스케이크,grp-a001-01-000000072002237
서울꽃꽂이원데이클래스,grp-a001-01-000000072002237
꽃바구니원데이클래스,grp-a001-01-000000072002237
원데이클래스꽃꽂이,grp-a001-01-000000072002237
원데이클래스캔들,grp-a001-01-000000072002237
빼빼로원데이클래스,grp-a001-01-000000072002237
원데이클래스비누,grp-a001-01-000000072002237
원데이클래스휘낭시에,grp-a001-01-000000072002237
서울빼빼로원데이클래스,grp-a001-01-000000072002237
문정동원데이클래스,grp-a001-01-000000072002237
관리비자동이체신청,grp-a001-01-000000072002539
관리비자동이체카드,grp-a001-01-000000072002539
관리비카드자동이체,grp-a001-01-000000072002539
국민카드관리비자동이체,grp-a001-01-000000072002539
관리비납부카드,grp-a001-01-000000072002539
관리비자동이체할인카드,grp-a001-01-000000072002539
공과금납부카드,grp-a001-01-000000072002539
신한생활비카드,grp-a001-01-000000072002539
국민카드관리비자동납부,grp-a001-01-000000072002539
카드관리비자동이체,grp-a001-01-000000072002539
도시가스요금납부,grp-a001-01-000000072002580
가스비카드결제,grp-a001-01-000000072002580
SKLPG신용카드,grp-a001-01-000000072002580
관리비통신비카드,grp-a001-01-000000072002580
가스비카드,grp-a001-01-000000072002580
전기세납부카드,grp-a001-01-000000072002580
도시가스요금신용카드납부,grp-a001-01-000000072002580
온라인화상회의,grp-a001-01-000000072002603
컨퍼런스시스템,grp-a001-01-000000072002603
회의실화상회의시스템,grp-a001-01-000000072002603
회의마이크,grp-a001-01-000000072002632
모바일마이크,grp-a001-01-000000072002632
회의용마이크시스템,grp-a001-01-000000072002632
동시통역시스템,grp-a001-01-000000072002632
온라인수업마이크,grp-a001-01-000000072002632
약국일반의약품자금고양,grp-a001-01-000000072005045
내포신도시투룸,grp-a001-01-000000072005145
내포신도시택지,grp-a001-01-000000072005145
주안W여성병원,grp-a001-01-000000072005557
시스템칸막이,grp-a001-01-000000072005557
인천W산부인과,grp-a001-01-000000072005557
인천더블유산부인과,grp-a001-01-000000072005557
플랫폼시티,grp-a001-01-000000072005591
E편한세상구성역플랫폼시티,grp-a001-01-000000072005591
이편한세상구성역플랫폼시티,grp-a001-01-000000072005591
용인구성역플랫폼시티,grp-a001-01-000000072005591
플랫폼시티45,grp-a001-01-000000072005591
용인시플랫폼시티,grp-a001-01-000000072005591
주안플랫폼시티,grp-a001-01-000000072005591
용인플랫폼시티이편한세상,grp-a001-01-000000072005591
플랫폼시티이편한세상,grp-a001-01-000000072005591
용인이편한세상플랫폼시티,grp-a001-01-000000072005591
용인구성역플랫폼시티45,grp-a001-01-000000072005591
구성역플랫폼시티45모델하우스,grp-a001-01-000000072005591
주안역플랫폼시티,grp-a001-01-000000072005591
생애이력관리시스템,grp-a001-01-000000072005693
시설관리대행,grp-a001-01-000000072005693
임대관리대행,grp-a001-01-000000072005693
시니어로봇,grp-a001-01-000000072005770
수원전립선비대증,grp-a001-01-000000072005770
건설자재판매,grp-a001-01-000000072005770
개발자채용플랫폼,grp-a001-01-000000072005770
안산건축자재,grp-a001-01-000000072005770
시니어케어로봇,grp-a001-01-000000072005770
영종도건축자재,grp-a001-01-000000072005770
건설자재구매,grp-a001-01-000000072005770
천안갤러리아피부과,grp-a001-01-000000072005852
한의원달력제작,grp-a001-01-000000072005852
의사1금융권거절대전,grp-a001-01-000000072009182
주말메디칼론한도조회,grp-a001-01-000000072009182
약국일반의약품자금제주,grp-a001-01-000000072009622
메디칼론한도조회울산,grp-a001-01-000000072009690
잘하는의사1금융권거절,grp-a001-01-000000072009690
썬팅비용,grp-a001-01-000000072026111
사생활보호유리,grp-a001-01-000000072026111
앞유리썬팅비용,grp-a001-01-000000072026111
모닝썬팅비용,grp-a001-01-000000072026111
썬팅이벤트,grp-a001-01-000000072026111
승용차썬팅비용,grp-a001-01-000000072026111
틴팅비용,grp-a001-01-000000072026111
쏘렌토썬팅비용,grp-a001-01-000000072026111
뒷유리썬팅비용,grp-a001-01-000000072026111
전면유리썬팅비용,grp-a001-01-000000072026111
루마썬팅비용,grp-a001-01-000000072026111
차량선팅비용,grp-a001-01-000000072026111
경차썬팅비용,grp-a001-01-000000072026111
인천의사신용등급,grp-a001-01-000000072027659
집광채광시스템,grp-a001-01-000000072027760
병원데이터금융청주,grp-a001-01-000000072034602
관리감독자교육온라인,grp-a001-01-000000072045666
산업안전보건온라인교육,grp-a001-01-000000072045666
근골격계질환컨설팅,grp-a001-01-000000072045666
어린이전자도서관,grp-a001-01-000000072045671
디지털어학기,grp-a001-01-000000072045671
온라인영어독서,grp-a001-01-000000072045671
온라인영어원서,grp-a001-01-000000072045671
SR테스트온라인,grp-a001-01-000000072045671
온라인영어유치원,grp-a001-01-000000072045671
온라인SR테스트,grp-a001-01-000000072045671
온라인영어리딩,grp-a001-01-000000072045671
온라인영어도서관추천,grp-a001-01-000000072045671
브릿지영상,grp-a001-01-000000072045676
유튜브채널컨설팅,grp-a001-01-000000072045676
정신건강복지센터홍보물,grp-a001-01-000000072047933
세미나카페,grp-a001-01-000000072048029
마술이벤트,grp-a001-01-000000072048029
인권경영시스템,grp-a001-01-000000072048039
코칭전문가,grp-a001-01-000000072048039
청렴컨설팅,grp-a001-01-000000072048039
한국이에스지데이터,grp-a001-01-000000072048039
온라인의무교육,grp-a001-01-000000072048039
인권경영지수,grp-a001-01-000000072048039
인권경영컨설팅,grp-a001-01-000000072048039
윤리경영컨설팅,grp-a001-01-000000072048039
HRD온라인교육,grp-a001-01-000000072048039
분당서울대병원간병,grp-a001-01-000000072048047
다이어트병원추천,grp-a001-01-000000072048890
다이어트컨설팅,grp-a001-01-000000072048890
다이어트이벤트,grp-a001-01-000000072048890
병원데이터금융추천,grp-a001-01-000000072050285
약국일반의약품자금울산,grp-a001-01-000000072050325
전문점의료기관금리비교,grp-a001-01-000000072051885
가격메디칼론한도조회,grp-a001-01-000000072054702
홍익대편입,grp-a001-01-000000072054872
한성대편입,grp-a001-01-000000072054872
동신대한의대,grp-a001-01-000000072054879
약대편입선수과목,grp-a001-01-000000072054879
경희대한의학과편입,grp-a001-01-000000072054879
한의대편입수기,grp-a001-01-000000072054879
한의학과학사편입,grp-a001-01-000000072054879
경안동건강검진,grp-a001-01-000000072055257
인생관리시스템,grp-a001-01-000000072055298
의사1금융권거절전문,grp-a001-01-000000072062571
수부세부전문의,grp-a001-01-000000072063125
주상골골절수술,grp-a001-01-000000072063125
병원데이터금융경기,grp-a001-01-000000072066227
데이터그리드,grp-a001-01-000000072067428
AUD플랫폼,grp-a001-01-000000072067428
검단신도시롯데캐슬넥스티엘,grp-a001-01-000000072067550
검단신도시롯데캐슬,grp-a001-01-000000072067550
검단신도시넥스티엘,grp-a001-01-000000072067550
더진국창업,grp-a001-01-000000072068019
와플프렌차이즈,grp-a001-01-000000072068019
디저트프렌차이즈,grp-a001-01-000000072068019
야간의사1금융권거절,grp-a001-01-000000072068518
가산디지털단지역렌즈,grp-a001-01-000000072075867
문의의사신용등급,grp-a001-01-000000072102923
교회건축세미나,grp-a001-01-000000072103238
프렌차이즈사업계획서,grp-a001-01-000000072103244
디지털액자32인치,grp-a001-01-000000072104224
병원데이터금융용인,grp-a001-01-000000072109184
마스케어디비,grp-a001-01-000000072109186
외국인급여규정,grp-a001-01-000000072109188
부산세미나실,grp-a001-01-000000072109192
대구세미나실,grp-a001-01-000000072109192
잠실세미나실,grp-a001-01-000000072109192
홍대세미나실,grp-a001-01-000000072109192
신촌세미나실,grp-a001-01-000000072109192
홍대세미나,grp-a001-01-000000072109192
역삼세미나,grp-a001-01-000000072109192
을지로세미나실,grp-a001-01-000000072109192
신촌세미나룸,grp-a001-01-000000072109192
동탄세미나실,grp-a001-01-000000072109192
노원세미나실,grp-a001-01-000000072109192
부산메디칼론한도조회,grp-a001-01-000000072112303
동탄세미나실대관,grp-a001-01-000000072112305
인천바이럴마케팅,grp-a001-01-000000072112335
의사1금융권거절대구,grp-a001-01-000000072116075
병원데이터금융대구,grp-a001-01-000000072122739
조리원앞치마,grp-a001-01-000000072123823
녹십자건강검진,grp-a001-01-000000072126777
교보헬스케어센터,grp-a001-01-000000072126777
농협모바일상품권,grp-a001-01-000000072155773
농협모바일금액권,grp-a001-01-000000072155773
하나로마트모바일상품권,grp-a001-01-000000072155773
농협상품권모바일,grp-a001-01-000000072155773
모바일농협상품권,grp-a001-01-000000072155773
상품권판매수수료,grp-a001-01-000000072156314
신세계모바일상품권현금교환,grp-a001-01-000000072156314
모바일상품권카드,grp-a001-01-000000072156314
에그머니신용카드,grp-a001-01-000000072156314
메디칼론한도조회대구,grp-a001-01-000000072157845
울산메디칼론한도조회,grp-a001-01-000000072159492
메디칼론한도조회전문,grp-a001-01-000000072159941
데이터공유,grp-a001-01-000000072160762
데이터스토리지,grp-a001-01-000000072160762
나스구매,grp-a001-01-000000072160762
스토리지시스템,grp-a001-01-000000072160762
가상하드디스크,grp-a001-01-000000072160762
온라인스토리지,grp-a001-01-000000072160762
고관절수술명의,grp-a001-01-000000072161628
분당서울대병원원룸,grp-a001-01-000000072161654
의료기관금리비교후기,grp-a001-01-000000072163688
병원권리금자금추천,grp-a001-01-000000072164448
객실제어시스템,grp-a001-01-000000072164532
카드키시스템,grp-a001-01-000000072164532
할인메디칼론한도조회,grp-a001-01-000000072166133
인천플랫폼시티,grp-a001-01-000000072172311
간식이벤트,grp-a001-01-000000072172793
SK온라인,grp-a001-01-000000072177470
홈쇼핑시스템행거,grp-a001-01-000000072178059
시스템행거조립식,grp-a001-01-000000072178059
수원개업화환,grp-a001-01-000000072178059
제주시스템행거,grp-a001-01-000000072178257
알파룸시스템장,grp-a001-01-000000072178257
알파룸시스템행거,grp-a001-01-000000072178257
DIY시스템행거,grp-a001-01-000000072178257
제주도시스템행거,grp-a001-01-000000072178257
초등논술온라인,grp-a001-01-000000072178445
디지털시계,grp-a001-01-000000072178598
디지털벽시계,grp-a001-01-000000072178598
디지털탁상시계,grp-a001-01-000000072178598
디지털타이머,grp-a001-01-000000072178598
디지털벽걸이시계,grp-a001-01-000000072178598
대형디지털벽시계,grp-a001-01-000000072178598
탁상디지털시계,grp-a001-01-000000072178598
디지털전자벽시계,grp-a001-01-000000072178598
디지털점수판,grp-a001-01-000000072178598
디지털벽시계추천,grp-a001-01-000000072178598
디지털대형벽시계,grp-a001-01-000000072178598
영어온라인,grp-a001-01-000000072178710
로우코드플랫폼,grp-a001-01-000000072178710
렌터카플랫폼,grp-a001-01-000000072178710
아웃시스템,grp-a001-01-000000072178710
노코딩플랫폼,grp-a001-01-000000072178710
디지털드로잉,grp-a001-01-000000072179113
디지털미디어학과,grp-a001-01-000000072179113
디지털디자인학과,grp-a001-01-000000072179113
디지털방명록,grp-a001-01-000000072179113
디지털미디어전시,grp-a001-01-000000072179113
디지털사이니지영상,grp-a001-01-000000072179113
인터렉티브시스템,grp-a001-01-000000072179113
인터렉티브이벤트,grp-a001-01-000000072179113
농,grp-a001-01-000000072179933
울산디스크병원,grp-a001-01-000000072197503
카드뉴스마케팅,grp-a001-01-000000072197503
영상의뢰,grp-a001-01-000000072197503
이벤트추첨,grp-a001-01-000000072197518
유튜브마케팅가이드,grp-a001-01-000000072197518
시니어특강,grp-a001-01-000000072197518
엘리베이터마케팅,grp-a001-01-000000072197518
포괄계좌입금신청서,grp-a001-01-000000072197533
피고추가신청서,grp-a001-01-000000072197533
한국데이터이심,grp-a001-01-000000072221468
ESIM데이터,grp-a001-01-000000072221468
선불유심데이터무제한,grp-a001-01-000000072221468
ESIM데이터무제한,grp-a001-01-000000072221468
인천공항외국인유심,grp-a001-01-000000072221468
외국인관광객유심,grp-a001-01-000000072221468
김간호사,grp-a001-01-000000072221499
M&A계약서,grp-a001-01-000000072221502
의사1금융권거절근처,grp-a001-01-000000072221536
창원건축설계사무소,grp-a001-01-000000072221549
이벤트홀,grp-a001-01-000000072221558
온라인스피치,grp-a001-01-000000072221558
시니어전문강사,grp-a001-01-000000072221558
수도권연수원,grp-a001-01-000000072221558
시니어강연,grp-a001-01-000000072221558
용인세미나,grp-a001-01-000000072221558
연수원시설,grp-a001-01-000000072221558
경기도세미나,grp-a001-01-000000072221558
수도권워크숍장소,grp-a001-01-000000072221558
단체세미나,grp-a001-01-000000072221558
컨벤션센터대관,grp-a001-01-000000072221558
서울대형세미나실,grp-a001-01-000000072221558
이벤트홀대관,grp-a001-01-000000072221558
창원국비지원무료교육,grp-a001-01-000000072221558
홍보마케팅강사,grp-a001-01-000000072221558
디지털온도계,grp-a001-01-000000072221561
디지털온습도계,grp-a001-01-000000072221561
데이터로거,grp-a001-01-000000072221561
디지털체중계,grp-a001-01-000000072221561
임산부카드,grp-a001-01-000000072221561
국민행복카드신청방법,grp-a001-01-000000072221561
온도데이터로거,grp-a001-01-000000072221561
교육비카드,grp-a001-01-000000072221561
디지털온도조절기,grp-a001-01-000000072221561
디지털체온계,grp-a001-01-000000072221561
신한글로벌체크카드,grp-a001-01-000000072221561
온습도데이터로거,grp-a001-01-000000072221561
디지털습도계,grp-a001-01-000000072221561
굴비카드,grp-a001-01-000000072221561
교육비지원카드,grp-a001-01-000000072221561
디지털수온계,grp-a001-01-000000072221561
국민행복카드이벤트,grp-a001-01-000000072221561
데이터팩,grp-a001-01-000000072221561
국민굴비카드,grp-a001-01-000000072221561
유치원결제카드,grp-a001-01-000000072221561
정부지원카드,grp-a001-01-000000072221561
신한교육비카드,grp-a001-01-000000072221561
디지털레코더,grp-a001-01-000000072221561
교육비결제카드,grp-a001-01-000000072221561
디지털온도계파는곳,grp-a001-01-000000072221561
산업용디지털온도계,grp-a001-01-000000072221561
데이터로거온도계,grp-a001-01-000000072221561
디지털신장계,grp-a001-01-000000072221561
교육신용카드,grp-a001-01-000000072221561
신용카드스쿨뱅킹,grp-a001-01-000000072221561
신용카드자동납부신청,grp-a001-01-000000072221561
청춘대로신용카드,grp-a001-01-000000072221561
영유신용카드,grp-a001-01-000000072221561
디지털온도게이지,grp-a001-01-000000072221561
디지털온도계검교정,grp-a001-01-000000072221561
디지털기록계,grp-a001-01-000000072221561
항온항습시스템,grp-a001-01-000000072221561
열전대데이터로거,grp-a001-01-000000072221561
온도모니터링시스템,grp-a001-01-000000072221561
효성구역도시개발사업,grp-a001-01-000000072221920
자동기상관측시스템,grp-a001-01-000000072221930
시스템창호부속,grp-a001-01-000000072222000
화장실문리모델링,grp-a001-01-000000072222000
목공원데이클래스,grp-a001-01-000000072222003
온라인투표,grp-a001-01-000000072222035
전자투표시스템,grp-a001-01-000000072222035
포토존이벤트,grp-a001-01-000000072222035
신청서폼,grp-a001-01-000000072222050
온라인설문,grp-a001-01-000000072222050
청중응답시스템,grp-a001-01-000000072222050
모바일싸인,grp-a001-01-000000072222050
온라인서베이,grp-a001-01-000000072222050
모바일전자투표,grp-a001-01-000000072222050
무선투표시스템,grp-a001-01-000000072222050
모바일설문조사,grp-a001-01-000000072222050
모바일만족도조사,grp-a001-01-000000072222050
모바일설문,grp-a001-01-000000072222050
모바일설문지,grp-a001-01-000000072222050
온라인투표업체,grp-a001-01-000000072222050
무료온라인투표,grp-a001-01-000000072222050
리서치플랫폼,grp-a001-01-000000072222050
모바일신청서,grp-a001-01-000000072222050
무료온라인설문조사,grp-a001-01-000000072222050
무료설문조사플랫폼,grp-a001-01-000000072222050
설문지플랫폼,grp-a001-01-000000072222050
상품권수수료,grp-a001-01-000000072222078
스마일핀,grp-a001-01-000000072222078
상품권신용카드구입,grp-a001-01-000000072222078
구글기프트카드대량구매,grp-a001-01-000000072222078
메디칼론한도조회창원,grp-a001-01-000000072222243
이벤트의료기관금리비교,grp-a001-01-000000072222270
잘하는곳병원데이터금융,grp-a001-01-000000072222992
청주메디칼론한도조회,grp-a001-01-000000072223348
대전메디칼론한도조회,grp-a001-01-000000072223453
잘하는메디칼론한도조회,grp-a001-01-000000072223990
충남내포신도시,grp-a001-01-000000072234638
내포신도시대광로제비앙,grp-a001-01-000000072234638
내포신도시반도유보라,grp-a001-01-000000072234638
내포신도시디에트르,grp-a001-01-000000072234638
내포신도시대방디에트르,grp-a001-01-000000072234638
내포신도시대광로제비앙더럭셔리,grp-a001-01-000000072234638
내포신도시대방디에트르에듀시티,grp-a001-01-000000072234638
내포신도시로제비앙,grp-a001-01-000000072234638
내포신도시대방엘리움,grp-a001-01-000000072234638
충남내포신도시디에트르,grp-a001-01-000000072234638
충남내포신도시디에트르에듀시티,grp-a001-01-000000072234638
내포신도시대광,grp-a001-01-000000072234638
내포신도시대방,grp-a001-01-000000072234638
내포신도시대방3차,grp-a001-01-000000072234638
내포신도시3차대방엘리움,grp-a001-01-000000072234638
앙금플라워원데이,grp-a001-01-000000072234683
마곡동상가임대,grp-a001-01-000000072234702
마곡스마일부동산,grp-a001-01-000000072234702
가산디지털단지오피스,grp-a001-01-000000072234702
광주목디스크치료,grp-a001-01-000000072234738
시스템파고라,grp-a001-01-000000072237249
배풍기중고,grp-a001-01-000000072237249
시스템갤러리,grp-a001-01-000000072237249
야간의사신용등급,grp-a001-01-000000072237527
찾기메디칼론한도조회,grp-a001-01-000000072237892
약국일반의약품자금잘하는곳,grp-a001-01-000000072239099
다이소모바일금액권,grp-a001-01-000000072266962
햄버거이벤트,grp-a001-01-000000072266962
다이소모바일,grp-a001-01-000000072266962
메디칼론한도조회청주,grp-a001-01-000000072266962
삼성온라인스토어,grp-a001-01-000000072266995
삼성디지털플라자,grp-a001-01-000000072266995
삼성전자온라인몰,grp-a001-01-000000072266995
디지털프라자,grp-a001-01-000000072266995
삼성전자디지털프라자,grp-a001-01-000000072266995
삼성전자온라인,grp-a001-01-000000072266995
데이터삭제,grp-a001-01-000000072266995
경산삼성디지털프라자,grp-a001-01-000000072266995
삼성디지털프라자경산,grp-a001-01-000000072266995
삼성공식온라인몰,grp-a001-01-000000072266995
삼성디지털프라자할인,grp-a001-01-000000072266995
가전이벤트,grp-a001-01-000000072266995
디지털프라자경산,grp-a001-01-000000072266995
삼성가전온라인,grp-a001-01-000000072266995
삼성가전비대면견적,grp-a001-01-000000072266995
디지털프라자오픈,grp-a001-01-000000072266995
삼성디지털프라자오픈매장,grp-a001-01-000000072266995
삼성가전비대면,grp-a001-01-000000072266995
비대면견적,grp-a001-01-000000072266995
디지털프라자경산점,grp-a001-01-000000072266995
가전온라인,grp-a001-01-000000072266995
아이나비시스템즈,grp-a001-01-000000072267040
일본의약품,grp-a001-01-000000072267040
의료기전시회,grp-a001-01-000000072267040
국제의료기기전시회,grp-a001-01-000000072267040
상해의료기기박람회,grp-a001-01-000000072267040
해외의료기기전시회,grp-a001-01-000000072267040
독일의료기기박람회,grp-a001-01-000000072267040
해외의료기기박람회,grp-a001-01-000000072267040
뒤셀도르프국제의료기기전시회,grp-a001-01-000000072267040
두바이의료기기박람회,grp-a001-01-000000072267040
의료장비박람회,grp-a001-01-000000072267040
미국의료기기박람회,grp-a001-01-000000072267040
중국의약품,grp-a001-01-000000072267040
상해의료기기전시회,grp-a001-01-000000072267040
심천의료기기박람회,grp-a001-01-000000072267040
중국건축자재박람회,grp-a001-01-000000072267040
ESIM데이터로밍,grp-a001-01-000000072267044
KTM모바일ESIM,grp-a001-01-000000072267044
외국인선불폰,grp-a001-01-000000072267044
데이터ESIM,grp-a001-01-000000072267044
선불폰데이터충전,grp-a001-01-000000072267044
선불유심데이터,grp-a001-01-000000072267044
인천공항데이터유심,grp-a001-01-000000072267044
외국인유심칩,grp-a001-01-000000072267044
ESIM이벤트,grp-a001-01-000000072267044
인터넷모바일결합,grp-a001-01-000000072267044
KT엠모바일ESIM,grp-a001-01-000000072267044
신용불량선불폰,grp-a001-01-000000072267044
데이터무제한선불폰,grp-a001-01-000000072267044
신용불량핸드폰,grp-a001-01-000000072267044
외국인유심카드,grp-a001-01-000000072267044
엠모바일ESIM,grp-a001-01-000000072267044
남성불임한의원,grp-a001-01-000000072267137
습관성유산한의원,grp-a001-01-000000072267137
광주교통사고,grp-a001-01-000000072267147
김해탈장수술,grp-a001-01-000000072267147
시지내시경,grp-a001-01-000000072267150
시지위내시경,grp-a001-01-000000072267150
파주교통사고,grp-a001-01-000000072267154
창원유니시티전세,grp-a001-01-000000072267200
메디칼론한도조회서울,grp-a001-01-000000072270340
메디칼론한도조회주말,grp-a001-01-000000072270341
네온라인,grp-a001-01-000000072270344
달리시스템,grp-a001-01-000000072270346
도장인건비,grp-a001-01-000000072270346
조경인건비,grp-a001-01-000000072270346
시트지인건비,grp-a001-01-000000072270346
경량인건비,grp-a001-01-000000072270346
내장목수인건비,grp-a001-01-000000072270346
수원데이케어,grp-a001-01-000000072270348
와인원데이클래스,grp-a001-01-000000072270351
바리스타원데이,grp-a001-01-000000072270351
청평요양원,grp-a001-01-000000072270351
북면요양원,grp-a001-01-000000072270351
강촌요양원,grp-a001-01-000000072270351
핸드드립원데이,grp-a001-01-000000072270351
홍천군요양원,grp-a001-01-000000072270351
와인원데이,grp-a001-01-000000072270351
경영지원아웃소싱,grp-a001-01-000000072270354
당일병원데이터금융,grp-a001-01-000000072270484
가족일상생활배상책임누수,grp-a001-01-000000072270494
인천심리치료,grp-a001-01-000000072270496
대전여드름피부과,grp-a001-01-000000072270498
세종여드름피부과,grp-a001-01-000000072270498
대전여드름흉터피부과,grp-a001-01-000000072270498
둔산동여드름피부과,grp-a001-01-000000072270498
영상편집플랫폼,grp-a001-01-000000072270498
닉스의원대전점,grp-a001-01-000000072270498
대전점빼기피부과,grp-a001-01-000000072270498
외국인배우,grp-a001-01-000000072270500
일산대장내시경,grp-a001-01-000000072270500
은평구위내시경,grp-a001-01-000000072270500
약국일반의약품자금경기,grp-a001-01-000000072270585
마케팅유학,grp-a001-01-000000072270590
붙임머리모델,grp-a001-01-000000072270591
메이크업원데이,grp-a001-01-000000072270591
가발전문가,grp-a001-01-000000072270591
붙임머리이벤트,grp-a001-01-000000072270593
브릿지붙임,grp-a001-01-000000072270593
대전동구월세,grp-a001-01-000000072270596
대전동구LH,grp-a001-01-000000072270596
영진전문대학교원룸,grp-a001-01-000000072270596
탁상용디지털시계,grp-a001-01-000000072270597
한의원선물,grp-a001-01-000000072270597
전주건축자재,grp-a001-01-000000072270614
메리츠캐피탈채용,grp-a001-01-000000072324133
변변한마케팅,grp-a001-01-000000072324133
부산변호사마케팅,grp-a001-01-000000072324133
썬팅샵마케팅,grp-a001-01-000000072324133
틀니접착제,grp-a001-01-000000072324190
청주시스템행거,grp-a001-01-000000072324190
틀니보관함,grp-a001-01-000000072324190
전주시스템행거,grp-a001-01-000000072324190
틀니칫솔,grp-a001-01-000000072324190
틀니통,grp-a001-01-000000072324190
틀니세척기,grp-a001-01-000000072324190
틀니케이스,grp-a001-01-000000072324190
세종시스템행거,grp-a001-01-000000072324190
틀니세척방법,grp-a001-01-000000072324190
유림시스템행거,grp-a001-01-000000072324190
틀니보관통,grp-a001-01-000000072324190
수원시스템행거,grp-a001-01-000000072324190
틀니세척제,grp-a001-01-000000072324190
틀니치약,grp-a001-01-000000072324190
틀니본드,grp-a001-01-000000072324190
틀니보관,grp-a001-01-000000072324190
틀니고정,grp-a001-01-000000072324190
동탄시스템행거,grp-a001-01-000000072324190
틀니세정제추천,grp-a001-01-000000072324190
틀니부착재,grp-a001-01-000000072324190
여수시스템행거,grp-a001-01-000000072324190
평택시스템행거,grp-a001-01-000000072324190
틀니전용칫솔,grp-a001-01-000000072324190
폴리덴트틀니세정제,grp-a001-01-000000072324190
용인시스템행거,grp-a001-01-000000072324190
광주주방리모델링,grp-a001-01-000000072324190
틀니초음파세척기,grp-a001-01-000000072324190
부천시스템행거,grp-a001-01-000000072324190
틀니사용법,grp-a001-01-000000072324190
서울시스템행거,grp-a001-01-000000072324190
당진시스템행거,grp-a001-01-000000072324190
청주시스템장,grp-a001-01-000000072324190
천안시스템장,grp-a001-01-000000072324190
대전시스템장,grp-a001-01-000000072324190
파주시스템행거,grp-a001-01-000000072324190
충주시스템행거,grp-a001-01-000000072324190
안양시스템행거,grp-a001-01-000000072324190
이천시스템행거,grp-a001-01-000000072324190
의정부시스템행거,grp-a001-01-000000072324190
남양주시스템행거,grp-a001-01-000000072324190
틀니세정컵,grp-a001-01-000000072324190
폴리덴트틀니접착제,grp-a001-01-000000072324190
신혼집시스템행거,grp-a001-01-000000072324190
대천시스템,grp-a001-01-000000072324190
인천시스템장,grp-a001-01-000000072324190
도담시스템행거,grp-a001-01-000000072324190
김포시스템행거,grp-a001-01-000000072324190
화성시스템행거,grp-a001-01-000000072324190
신혼시스템행거,grp-a001-01-000000072324190
틀니전용치약,grp-a001-01-000000072324190
틀니소독기,grp-a001-01-000000072324190
틀니살균세척기,grp-a001-01-000000072324190
틀니청소,grp-a001-01-000000072324190
시흥시스템행거,grp-a001-01-000000072324190
안성시스템행거,grp-a001-01-000000072324190
광주광역시시스템행거,grp-a001-01-000000072324190
틀니접착,grp-a001-01-000000072324190
외국인친구사귀기,grp-a001-01-000000072324210
외국인한국어교육,grp-a001-01-000000072324210
외국인한국어공부,grp-a001-01-000000072324210
온라인소개팅,grp-a001-01-000000072324210
외국인한국어,grp-a001-01-000000072324210
온라인한국어,grp-a001-01-000000072324210
성인영어온라인,grp-a001-01-000000072324210
중학생해외연수,grp-a001-01-000000072324210
연말이벤트,grp-a001-01-000000072324210
외국인만남,grp-a001-01-000000072324210
외국인한국어배우기,grp-a001-01-000000072324210
성인온라인영어,grp-a001-01-000000072324210
초등학생해외연수,grp-a001-01-000000072324210
외국인사귀기,grp-a001-01-000000072324210
외국인한국어교실,grp-a001-01-000000072324210
소개팅이벤트,grp-a001-01-000000072324210
배수설비준공검사신청서,grp-a001-01-000000072324229
공사대금직불동의서,grp-a001-01-000000072324229
시니어인지교육,grp-a001-01-000000072324229
건강검진예약확인서,grp-a001-01-000000072324229
개인신용정보활용동의서,grp-a001-01-000000072324229
건강검진확인서양식,grp-a001-01-000000072324229
임대료연체사실확인서,grp-a001-01-000000072324229
서울시상가임대,grp-a001-01-000000072324478
대전편의점양도양수,grp-a001-01-000000072324478
울산카페양도양수,grp-a001-01-000000072324478
MRO시스템,grp-a001-01-000000072324478
서울병원매매,grp-a001-01-000000072324478
대전헬스장양도양수,grp-a001-01-000000072324478
용현동대장내시경,grp-a001-01-000000072324500
상담메디칼론한도조회,grp-a001-01-000000072342519
르씨엘피부과,grp-a001-01-000000072366010
디지털드로잉기초,grp-a001-01-000000072366010
디지털아트치과,grp-a001-01-000000072366035
서면디지털아트치과,grp-a001-01-000000072366035
부산디지털아트치과,grp-a001-01-000000072366035
소방안전관리대행,grp-a001-01-000000072366035
기록관리시스템,grp-a001-01-000000072366035
랩핑이벤트,grp-a001-01-000000072366035
비디오테이프디지털화,grp-a001-01-000000072366035
A필러PPF,grp-a001-01-000000072366035
부산디지털아트,grp-a001-01-000000072366035
서면디지털아트,grp-a001-01-000000072366035
대구소방안전관리대행,grp-a001-01-000000072366035
필러PPF,grp-a001-01-000000072366035
필름디지털,grp-a001-01-000000072366035
VHS디지털변환,grp-a001-01-000000072366035
마케팅스토어,grp-a001-01-000000072366061
지식산업센터지게차,grp-a001-01-000000072366083
정제수시스템,grp-a001-01-000000072366125
마케팅메일,grp-a001-01-000000072366125
외국인한국어시험,grp-a001-01-000000072377106
외국인한글공부,grp-a001-01-000000072377106
외국인에게한국어가르치기,grp-a001-01-000000072377106
다문화상담사,grp-a001-01-000000072377106
다문화가정상담사,grp-a001-01-000000072377106
다문화전문가,grp-a001-01-000000072377106
한국어교원온라인실습,grp-a001-01-000000072377106
한국어온라인수업,grp-a001-01-000000072377106
한국어교원양성과정온라인,grp-a001-01-000000072377106
외국인한글교육,grp-a001-01-000000072377106
온라인한국어교육,grp-a001-01-000000072377106
외국인을위한한국어교육,grp-a001-01-000000072377106
다문화심리상담사1급,grp-a001-01-000000072377106
다문화가족상담사,grp-a001-01-000000072377106
한국어교원온라인,grp-a001-01-000000072377106
다문화교육전문가,grp-a001-01-000000072377106
온라인한국어교원양성과정,grp-a001-01-000000072377106
외국인한글익히기,grp-a001-01-000000072377106
한국어교원3급국비지원,grp-a001-01-000000072377106
한국어온라인교육,grp-a001-01-000000072377106
한국어교원국비지원,grp-a001-01-000000072377106
국비지원한국어교원,grp-a001-01-000000072377106
디지털룸미러,grp-a001-01-000000072377109
차량썬팅비용,grp-a001-01-000000072377109
테슬라썬팅비용,grp-a001-01-000000072377109
전면썬팅비용,grp-a001-01-000000072377109
스파크썬팅비용,grp-a001-01-000000072377109
아반떼썬팅비용,grp-a001-01-000000072377109
열차단썬팅비용,grp-a001-01-000000072377109
K5썬팅비용,grp-a001-01-000000072377109
앞유리선팅비용,grp-a001-01-000000072377109
투싼썬팅비용,grp-a001-01-000000072377109
전면선팅비용,grp-a001-01-000000072377109
신차썬팅비용,grp-a001-01-000000072377109
싼타페썬팅비용,grp-a001-01-000000072377109
넥스케어,grp-a001-01-000000072377122
넥스케어여드름패치,grp-a001-01-000000072377122
3M넥스케어,grp-a001-01-000000072377122
넥스케어방수밴드,grp-a001-01-000000072377122
넥스케어블레미쉬,grp-a001-01-000000072377122
넥스케어하이드로케어,grp-a001-01-000000072377122
3M넥스케어밴드,grp-a001-01-000000072377122
3M넥스케어블레미쉬,grp-a001-01-000000072377122
슬관절수술,grp-a001-01-000000072377122
넥스케어숨쉬는방수밴드,grp-a001-01-000000072377122
넥스케어방수밴드혼합형,grp-a001-01-000000072377122
넥스케어습윤밴드,grp-a001-01-000000072377122
블록체인플랫폼,grp-a001-01-000000072377128
컨베이어시스템,grp-a001-01-000000072377133
병원데이터금융인천,grp-a001-01-000000072377617
할인의사1금융권거절,grp-a001-01-000000072380786
의사1금융권거절수원,grp-a001-01-000000072380803
대구메디칼론한도조회,grp-a001-01-000000072381133
수원갑상선병원,grp-a001-01-000000072381551
수원갑상선,grp-a001-01-000000072381551
수원갑상선검사,grp-a001-01-000000072381551
영통갑상선,grp-a001-01-000000072381551
광교갑상선,grp-a001-01-000000072381551
분당갑상선초음파,grp-a001-01-000000072381551
수원갑상선외과,grp-a001-01-000000072381551
오산갑상선,grp-a001-01-000000072381551
강동갑상선,grp-a001-01-000000072381551
수원갑상선수술,grp-a001-01-000000072381551
인천갑상선수술,grp-a001-01-000000072381551
성남갑상선,grp-a001-01-000000072381554
마포구심리상담센터,grp-a001-01-000000072381565
용산상담센터,grp-a001-01-000000072381565
기초생활수급신청,grp-a001-01-000000072381621
해외선물수수료,grp-a001-01-000000072382597
해외선물이벤트,grp-a001-01-000000072382597
해외선물마이크로수수료,grp-a001-01-000000072382597
해외선물증권사수수료,grp-a001-01-000000072382597
유안타증권해외선물수수료,grp-a001-01-000000072382597
증권사해외선물수수료,grp-a001-01-000000072382597
해선수수료,grp-a001-01-000000072382597
병원권리금자금찾기,grp-a001-01-000000072384518
병원데이터금융문의,grp-a001-01-000000072384518
화물플랫폼,grp-a001-01-000000072386249
수도권3PL,grp-a001-01-000000072386249
디지털포워딩,grp-a001-01-000000072386249
운송시스템,grp-a001-01-000000072386249
운송플랫폼,grp-a001-01-000000072386249
디지털포워더,grp-a001-01-000000072386249
포워딩플랫폼,grp-a001-01-000000072386249
여성의류위탁,grp-a001-01-000000072386249
전문가소개,grp-a001-01-000000072386249
글로벌비즈니스매너,grp-a001-01-000000072386249
판매매대,grp-a001-01-000000072387008
집업유니폼,grp-a001-01-000000072387203
유니폼잠바,grp-a001-01-000000072387203
의료기관금리비교잘하는곳,grp-a001-01-000000072400936
수원병원데이터금융,grp-a001-01-000000072403129
출판사창업,grp-a001-01-000000072443502
외국인고소,grp-a001-01-000000072443502
영상전문가,grp-a001-01-000000072443502
작가플랫폼,grp-a001-01-000000072443502
출판플랫폼,grp-a001-01-000000072443502
교정교열전문가,grp-a001-01-000000072443502
온라인출판사,grp-a001-01-000000072443502
병원원고,grp-a001-01-000000072443502
온라인설문지만들기,grp-a001-01-000000072443502
팀세미나,grp-a001-01-000000072443502
온라인방판,grp-a001-01-000000072443530
위치기반마케팅,grp-a001-01-000000072443530
집수리국비지원,grp-a001-01-000000072443555
하우스케어쟁이,grp-a001-01-000000072443555
수원의사신용등급,grp-a001-01-000000072443705
이벤트포토부스,grp-a001-01-000000072443757
광주병원데이터금융,grp-a001-01-000000072455543
메디칼론한도조회상담,grp-a001-01-000000072471484
할인병원데이터금융,grp-a001-01-000000072476472
메디칼론한도조회문의,grp-a001-01-000000072482055
중입자암치료비용,grp-a001-01-000000072482084
일본중입자치료비용,grp-a001-01-000000072482084
방사선치료종류,grp-a001-01-000000072482084
양성자치료기,grp-a001-01-000000072482084
일본암치료,grp-a001-01-000000072482084
중입자암치료기계,grp-a001-01-000000072482084
오사카대학병원,grp-a001-01-000000072482084
일본항암치료,grp-a001-01-000000072482084
중입자선암치료,grp-a001-01-000000072482084
해외암치료,grp-a001-01-000000072482084
속초생활형숙박시설,grp-a001-01-000000072482087
임산부지원금,grp-a001-01-000000072482112
임신배나오는시기,grp-a001-01-000000072482112
제왕절개준비물,grp-a001-01-000000072482112
임산부지원,grp-a001-01-000000072482112
노원메디아이,grp-a001-01-000000072482112
임신이벤트,grp-a001-01-000000072482112
노원여성의원,grp-a001-01-000000072482112
산모이벤트,grp-a001-01-000000072482112
임산부의날이벤트,grp-a001-01-000000072482112
온라인산모교실,grp-a001-01-000000072482112
찾기병원권리금자금,grp-a001-01-000000072482206
잘하는병원데이터금융,grp-a001-01-000000072482226
경기병원데이터금융,grp-a001-01-000000072485262
석인한의원,grp-a001-01-000000072489399
COPD한의원,grp-a001-01-000000072489399
포천건축자재,grp-a001-01-000000072489431
홍천건축자재,grp-a001-01-000000072489431
아산건축자재,grp-a001-01-000000072489431
공주건축자재,grp-a001-01-000000072489431
여주건축자재,grp-a001-01-000000072489431
평택건축자재,grp-a001-01-000000072489449
이천건축자재,grp-a001-01-000000072489449
세종시건축자재,grp-a001-01-000000072489449
화성시건축자재,grp-a001-01-000000072489449
광주시스템창호,grp-a001-01-000000072489704
기미치료잘하는피부과,grp-a001-01-000000072489704
지인시스템창호,grp-a001-01-000000072489704
시스템창호비용,grp-a001-01-000000072489704
시스템행거옷걸이,grp-a001-01-000000072490029
시스템행거600,grp-a001-01-000000072490029
약국일반의약품자금청주,grp-a001-01-000000072490808
병원데이터금융부산,grp-a001-01-000000072491789
케이지모바일,grp-a001-01-000000072501179
SKT데이터요금제,grp-a001-01-000000072501179
SK데이터요금제,grp-a001-01-000000072501179
유플러스온라인대리점,grp-a001-01-000000072501179
외국인요금제,grp-a001-01-000000072501179
7모바일알뜰폰,grp-a001-01-000000072501179
대장내시경환자복,grp-a001-01-000000072502359
주간보호유니폼,grp-a001-01-000000072502359
수원메디칼론한도조회,grp-a001-01-000000072555174
지방이식성형외과,grp-a001-01-000000072555176
피부과주름시술,grp-a001-01-000000072555176
법원행정고시,grp-a001-01-000000072555190
원데이오피스,grp-a001-01-000000072555190
인천세미나룸,grp-a001-01-000000072555190
인장관리대장,grp-a001-01-000000072555198
일반화물양도양수,grp-a001-01-000000072555198
병원개원사업계획서,grp-a001-01-000000072555198
임대료인상통지서,grp-a001-01-000000072555198
캣폴브릿지,grp-a001-01-000000072555204
온라인판매등록,grp-a001-01-000000072555204
리뷰시스템,grp-a001-01-000000072555204
온라인솔루션,grp-a001-01-000000072555204
온라인상품판매,grp-a001-01-000000072555204
온라인몰입점,grp-a001-01-000000072555204
여성의류사입,grp-a001-01-000000072555204
기초생활영어,grp-a001-01-000000072555223
하나신용카드추천,grp-a001-01-000000072555223
온라인영어공부,grp-a001-01-000000072555223
온라인영어학습,grp-a001-01-000000072555223
성인영어회화온라인,grp-a001-01-000000072555223
온라인영어교육,grp-a001-01-000000072555223
온라인회화,grp-a001-01-000000072555223
유아온라인영어,grp-a001-01-000000072555223
초등영어온라인수업,grp-a001-01-000000072555223
초등학생온라인영어,grp-a001-01-000000072555223
어린이온라인영어,grp-a001-01-000000072555223
온라인영어추천,grp-a001-01-000000072555223
온라인비즈니스영어,grp-a001-01-000000072555223
온라인영어강좌,grp-a001-01-000000072555223
USB데이터케이블,grp-a001-01-000000072555225
5핀데이터케이블,grp-a001-01-000000072555225
갤럭시데이터케이블,grp-a001-01-000000072555225
예약의사1금융권거절,grp-a001-01-000000072555572
동탄2신도시대방엘리움,grp-a001-01-000000072555581
동탄2신도시대방엘리움더시그니처,grp-a001-01-000000072555581
약국일반의약품자금대전,grp-a001-01-000000072555729
부산의전차량,grp-a001-01-000000072567246
부산의전,grp-a001-01-000000072567246
삼성동MRI,grp-a001-01-000000072567249
시니어운동지도사,grp-a001-01-000000072567254
시니어모델워킹,grp-a001-01-000000072567254
시니어수업,grp-a001-01-000000072567254
시니어플래너지도사,grp-a001-01-000000072567254
오토바이면허증,grp-a001-01-000000072567262
2종소형면허증,grp-a001-01-000000072567262
바이크면허증,grp-a001-01-000000072567262
미국간호사,grp-a001-01-000000072567268
미국간호사준비,grp-a001-01-000000072567268
간호사시험,grp-a001-01-000000072567268
상근직간호사,grp-a001-01-000000072567268
캐나다간호사,grp-a001-01-000000072567268
미국간호사시험,grp-a001-01-000000072567268
내시경실,grp-a001-01-000000072567268
내시경실의학용어,grp-a001-01-000000072567268
소장내시경검사,grp-a001-01-000000072567268
미국간호사취업,grp-a001-01-000000072567268
프셉마음내시경실,grp-a001-01-000000072567268
내시경실업무,grp-a001-01-000000072567268
신규간호사교육,grp-a001-01-000000072567268
내시경간호,grp-a001-01-000000072567268
데이터전송케이블,grp-a001-01-000000072567274
데이터케이블,grp-a001-01-000000072567274
C타입데이터케이블,grp-a001-01-000000072567274
병원프로필촬영,grp-a001-01-000000072567276
의료진프로필,grp-a001-01-000000072567276
한의사프로필사진,grp-a001-01-000000072567276
병원전경,grp-a001-01-000000072567276
내포신도시이사,grp-a001-01-000000072567277
이사인건비,grp-a001-01-000000072567277
이사협회,grp-a001-01-000000072567277
한샘시스템행거,grp-a001-01-000000072567279
한샘바흐시스템장,grp-a001-01-000000072567279
시스템행거한샘,grp-a001-01-000000072567279
다이어트환한의원,grp-a001-01-000000072567279
성서교통사고,grp-a001-01-000000072567279
모바일ERP,grp-a001-01-000000072567279
렌즈온라인주문,grp-a001-01-000000072569229
한식프렌차이즈,grp-a001-01-000000072570006
롯데모바일상품권,grp-a001-01-000000072585000
군산관리형독서실,grp-a001-01-000000072585000
성심당모바일상품권,grp-a001-01-000000072585000
롯데모바일교환권,grp-a001-01-000000072585006
롯데모바일상품권구매,grp-a001-01-000000072585006
롯데모바일상품권교환,grp-a001-01-000000072585006
롯데백화점모바일상품권,grp-a001-01-000000072585006
모바일롯데상품권,grp-a001-01-000000072585006
군산관리형스터디카페,grp-a001-01-000000072585006
롯데백화점모바일교환권,grp-a001-01-000000072585006
롯데백화점상품권온라인,grp-a001-01-000000072585006
모바일롯데백화점상품권,grp-a001-01-000000072585006
롯데상품권온라인구매,grp-a001-01-000000072585006
아동발달전문가,grp-a001-01-000000072585006
안산치질수술,grp-a001-01-000000072585010
전문약국일반의약품자금,grp-a001-01-000000072585166
후기병원데이터금융,grp-a001-01-000000072585168
글로벌블루,grp-a001-01-000000072585171
외국인유치,grp-a001-01-000000072585171
글로벌택스프리,grp-a001-01-000000072585171
제주도외국인투어,grp-a001-01-000000072585171
글로벌OTA,grp-a001-01-000000072585171
외국인관광객유치,grp-a001-01-000000072585171
피부과택스리펀,grp-a001-01-000000072585171
피부과택스프리,grp-a001-01-000000072585171
비대면신점,grp-a001-01-000000072585246
SGS신청서,grp-a001-01-000000072585246
에스지에스신청서,grp-a001-01-000000072585246
온라인점집,grp-a001-01-000000072585246
동물용의약품검사,grp-a001-01-000000072585246
SGS시험신청서,grp-a001-01-000000072585246
이벤트속옷,grp-a001-01-000000072585255
이벤트옷,grp-a001-01-000000072585255
이벤트의상,grp-a001-01-000000072585255
빅사이즈이벤트속옷,grp-a001-01-000000072585255
이벤트잠옷,grp-a001-01-000000072585255
이벤트복,grp-a001-01-000000072585255
남친이벤트속옷,grp-a001-01-000000072585255
최블마케팅,grp-a001-01-000000072585255
발렌타인데이이벤트,grp-a001-01-000000072585255
전자책마케팅,grp-a001-01-000000072585255
모바일앱광고활용가이드,grp-a001-01-000000072585255
앱마케팅대행사,grp-a001-01-000000072585255
타일공사인건비,grp-a001-01-000000072585257
타일전문가,grp-a001-01-000000072585257
부산역류성식도염한의원,grp-a001-01-000000072597141
사내시스템,grp-a001-01-000000072597158
임신출산진료비,grp-a001-01-000000072597175
대전세미나실,grp-a001-01-000000072597175
임산부카드발급,grp-a001-01-000000072597175
강남세미나실,grp-a001-01-000000072597175
서울세미나실,grp-a001-01-000000072597175
임산부신용카드,grp-a001-01-000000072597175
인천세미나실,grp-a001-01-000000072597175
임신출산진료비카드,grp-a001-01-000000072597175
부천세미나실,grp-a001-01-000000072597175
수원세미나실,grp-a001-01-000000072597175
일산세미나실,grp-a001-01-000000072597175
판교세미나실,grp-a001-01-000000072597175
의정부세미나실,grp-a001-01-000000072597175
안산세미나실,grp-a001-01-000000072597175
석플란트치과,grp-a001-01-000000072597879
명지국제신도시점심특선,grp-a001-01-000000072597879
광덕안정한의원상봉망우점,grp-a001-01-000000072597900
스탬프이벤트,grp-a001-01-000000072597934
수원MRI병원,grp-a001-01-000000072597934
디지털가이드,grp-a001-01-000000072597934
음성안내시스템,grp-a001-01-000000072597934
모바일도슨트,grp-a001-01-000000072597934
안성병원,grp-a001-01-000000072597949
주말병원권리금자금,grp-a001-01-000000072602742
일산왕플란트,grp-a001-01-000000072615287
전산회계1급온라인,grp-a001-01-000000072615507
미니항셍수수료,grp-a001-01-000000072615846
마이크로수수료,grp-a001-01-000000072615846
스마일가운사,grp-a001-01-000000072616416
소중한메디컬,grp-a001-01-000000072616416
전주메디칼론한도조회,grp-a001-01-000000072617042
의료기관금리비교전문,grp-a001-01-000000072620416
의료기관금리비교강남,grp-a001-01-000000072622815
표피낭종수술,grp-a001-01-000000072643294
피부과에스테틱,grp-a001-01-000000072643294
가족돌봄휴직신청서,grp-a001-01-000000072643317
CCTV관리대장,grp-a001-01-000000072643317
후기메디칼론한도조회,grp-a001-01-000000072643317
AS신청서,grp-a001-01-000000072643317
감면신청서양식,grp-a001-01-000000072643317
비품관리대장,grp-a001-01-000000072643321
이직플랫폼,grp-a001-01-000000072643328
울산요양보호사,grp-a001-01-000000072643328
IT세미나,grp-a001-01-000000072643328
부산사회복지실습기관,grp-a001-01-000000072643328
울산요양보호사교육,grp-a001-01-000000072643328
온양요양보호사,grp-a001-01-000000072643328
미용사해외취업,grp-a001-01-000000072643328
부산사회복지사학점은행제,grp-a001-01-000000072643328
프셉마음정형외과,grp-a001-01-000000072643706
신규간호사책,grp-a001-01-000000072643706
글로벌탤런트페어,grp-a001-01-000000072643706
삼성글로벌비즈니스,grp-a001-01-000000072643710
코엑스세미나실,grp-a001-01-000000072643710
미사제모피부과,grp-a001-01-000000072643710
삼성역세미나실,grp-a001-01-000000072643710
강남세미나실대관,grp-a001-01-000000072643710
광화문세미나룸,grp-a001-01-000000072643710
문헌정보학온라인,grp-a001-01-000000072643717
디지털앨범만들기,grp-a001-01-000000072643717
디지털포토앨범,grp-a001-01-000000072643717
위례내시경,grp-a001-01-000000072643739
MGV보안시스템,grp-a001-01-000000072646567
서수원건강검진,grp-a001-01-000000072646650
수원시건강검진,grp-a001-01-000000072646650
부산세미나실대관,grp-a001-01-000000072646690
의정부원데이클래스,grp-a001-01-000000072646816
안양원데이클래스,grp-a001-01-000000072646816
비디오테이프디지털변환,grp-a001-01-000000072646816
디지털화,grp-a001-01-000000072646816
비디오디지털변환,grp-a001-01-000000072646816
MD디스크,grp-a001-01-000000072646816
디지털변환,grp-a001-01-000000072646816
디지털복원,grp-a001-01-000000072646816
테이프디지털변환,grp-a001-01-000000072646816
비디오테이프디지털,grp-a001-01-000000072646816
의정부베이킹원데이클래스,grp-a001-01-000000072646816
비디오디지털,grp-a001-01-000000072646816
비디오테이프디지털전환,grp-a001-01-000000072646816
8MM테이프디지털변환,grp-a001-01-000000072646816
캠코더디지털변환,grp-a001-01-000000072646816
비디오디지털화,grp-a001-01-000000072646816
아날로그디지털변환,grp-a001-01-000000072646816
필름디지털변환,grp-a001-01-000000072646816
서울탑플란트,grp-a001-01-000000072646918
대전의사신용등급,grp-a001-01-000000072647566
강남의사1금융권거절,grp-a001-01-000000072648087
울산이벤트,grp-a001-01-000000072649285
경주이벤트,grp-a001-01-000000072649285
강릉이벤트,grp-a001-01-000000072649285
속초이벤트,grp-a001-01-000000072649285
대구이벤트업체,grp-a001-01-000000072649285
포항이벤트,grp-a001-01-000000072649285
인천이벤트,grp-a001-01-000000072649285
창원이벤트,grp-a001-01-000000072649285
원주이벤트,grp-a001-01-000000072649285
광주이벤트업체,grp-a001-01-000000072649285
안산이벤트,grp-a001-01-000000072649285
청주이벤트업체,grp-a001-01-000000072649285
대구이벤트회사,grp-a001-01-000000072649285
전주이벤트업체,grp-a001-01-000000072649285
성남이벤트,grp-a001-01-000000072649285
강릉이벤트업체,grp-a001-01-000000072649285
노래방이벤트,grp-a001-01-000000072649285
청주이벤트회사,grp-a001-01-000000072649285
구미이벤트업체,grp-a001-01-000000072649285
세종이벤트,grp-a001-01-000000072649285
포항이벤트업체,grp-a001-01-000000072649285
전주이벤트회사,grp-a001-01-000000072649285
공주이벤트,grp-a001-01-000000072649285
거제이벤트,grp-a001-01-000000072649285
경북이벤트,grp-a001-01-000000072649285
목포이벤트,grp-a001-01-000000072649285
진주이벤트업체,grp-a001-01-000000072649285
여수이벤트업체,grp-a001-01-000000072649285
목포이벤트업체,grp-a001-01-000000072649285
원주이벤트업체,grp-a001-01-000000072649285
경북이벤트업체,grp-a001-01-000000072649285
서울이벤트업체,grp-a001-01-000000072649285
경주이벤트업체,grp-a001-01-000000072649285
충주이벤트업체,grp-a001-01-000000072649285
울산이벤트회사,grp-a001-01-000000072649285
구미이벤트회사,grp-a001-01-000000072649285
다트이벤트,grp-a001-01-000000072649285
김천이벤트,grp-a001-01-000000072649285
광주광역시이벤트,grp-a001-01-000000072649285
이천이벤트,grp-a001-01-000000072649285
매장오픈이벤트,grp-a001-01-000000072649285
대구이벤트대행,grp-a001-01-000000072649285
메디칼론한도조회추천,grp-a001-01-000000072652236
병원데이터금융고양,grp-a001-01-000000072652292
인천병원데이터금융,grp-a001-01-000000072652503
근처병원데이터금융,grp-a001-01-000000072653030
온라인교재,grp-a001-01-000000072668066
일러스트플랫폼,grp-a001-01-000000072668066
순찰시스템,grp-a001-01-000000072668102
경비시스템,grp-a001-01-000000072668102
누수감지시스템,grp-a001-01-000000072668102
수중공사면허,grp-a001-01-000000072668102
코파스순찰관리시스템,grp-a001-01-000000072668102
QR시스템,grp-a001-01-000000072668102
VOC시스템,grp-a001-01-000000072668122
장애인인식개선온라인교육,grp-a001-01-000000072668139
MRI검사시간,grp-a001-01-000000072675830
합정건강검진,grp-a001-01-000000072675830
망원동건강검진,grp-a001-01-000000072675830
MRI싼곳,grp-a001-01-000000072675830
온천동상가임대,grp-a001-01-000000072675830
합정동건강검진,grp-a001-01-000000072675830
전남건강검진,grp-a001-01-000000072675836
디지털현미경,grp-a001-01-000000072675838
산업용내시경,grp-a001-01-000000072675838
디지털하이트게이지,grp-a001-01-000000072675838
디지털확대경,grp-a001-01-000000072675838
휴대용디지털현미경,grp-a001-01-000000072675838
디지털마이크로스코프,grp-a001-01-000000072675838
USB디지털현미경,grp-a001-01-000000072675838
라이카마이크로시스템즈,grp-a001-01-000000072675838
디지털광학현미경,grp-a001-01-000000072675838
심리상담사급여,grp-a001-01-000000072675838
MSO5074,grp-a001-01-000000072675838
디지털실체현미경,grp-a001-01-000000072675838
디지털현미경1000배,grp-a001-01-000000072675838
상담사구인구직,grp-a001-01-000000072675838
란제리모델,grp-a001-01-000000072675862
외국인모델섭외,grp-a001-01-000000072675862
다리모델,grp-a001-01-000000072675862
외국인남자모델,grp-a001-01-000000072675862
온라인언어치료,grp-a001-01-000000072675862
남자외국인모델,grp-a001-01-000000072675862
외국인모델촬영,grp-a001-01-000000072675862
외국인피팅모델,grp-a001-01-000000072675862
주얼리모델,grp-a001-01-000000072675862
온라인무료심리상담,grp-a001-01-000000072675862
취업컨설팅강사,grp-a001-01-000000072675862
시니어모델섭외,grp-a001-01-000000072675862
시니어모델프로필,grp-a001-01-000000072675862
출연자섭외,grp-a001-01-000000072675862
재난예경보시스템,grp-a001-01-000000072675864
전력모니터링시스템,grp-a001-01-000000072675864
시니어요가,grp-a001-01-000000072678906
요가원데이,grp-a001-01-000000072678906
전주혁신도시헬스장,grp-a001-01-000000072678906
원데이요가,grp-a001-01-000000072678906
헬스장이벤트,grp-a001-01-000000072678906
시니어근력운동,grp-a001-01-000000072678906
필라테스이벤트,grp-a001-01-000000072678906
온라인요가클래스,grp-a001-01-000000072678906
전주혁신도시PT,grp-a001-01-000000072678906
온라인피티,grp-a001-01-000000072678906
전주혁신도시헬스,grp-a001-01-000000072678906
온라인요가수업,grp-a001-01-000000072678906
요가온라인,grp-a001-01-000000072678906
온라인홈트,grp-a001-01-000000072678906
미국건강보조식품,grp-a001-01-000000072678906
온라인새벽요가,grp-a001-01-000000072678906
요가전문가과정,grp-a001-01-000000072678906
온라인헬스,grp-a001-01-000000072678906
핏블리온라인,grp-a001-01-000000072678906
힙서울온라인PT,grp-a001-01-000000072678906
온라인식단관리,grp-a001-01-000000072678906
외국인필라테스,grp-a001-01-000000072678906
온라인도장만들기,grp-a001-01-000000072679057
온라인도장,grp-a001-01-000000072679057
온라인도장만들기사이트,grp-a001-01-000000072679061
모바일도장,grp-a001-01-000000072679061
무료온라인도장,grp-a001-01-000000072679061
전자서명인증사업자,grp-a001-01-000000072679061
온라인직인,grp-a001-01-000000072679061
온라인직인만들기,grp-a001-01-000000072679061
디지털서명만들기,grp-a001-01-000000072679061
온라인도장제작,grp-a001-01-000000072679061
디지털도장만들기,grp-a001-01-000000072679061
모바일사인,grp-a001-01-000000072679061
온라인싸인,grp-a001-01-000000072679061
온라인싸인만들기,grp-a001-01-000000072679061
법인전자도장,grp-a001-01-000000072679061
글로벌사인,grp-a001-01-000000072679061
디지털인감,grp-a001-01-000000072679061
엑셀전문가,grp-a001-01-000000072679061
디지털직인,grp-a001-01-000000072679061
무료디지털도장,grp-a001-01-000000072679061
온라인법인도장,grp-a001-01-000000072679061
모바일도장만들기,grp-a001-01-000000072679061
모바일동의서,grp-a001-01-000000072679061
법인전자도장만들기,grp-a001-01-000000072679061
온라인서명사이트,grp-a001-01-000000072679061
글로벌싸인,grp-a001-01-000000072679061
모바일서명만들기,grp-a001-01-000000072679061
온라인날인,grp-a001-01-000000072679061
온라인포맷,grp-a001-01-000000072679061
높은,grp-a001-01-000000072679080
피부과책자,grp-a001-01-000000072679084
피부과팜플렛,grp-a001-01-000000072679084
고양병원데이터금융,grp-a001-01-000000072699180
당일메디칼론한도조회,grp-a001-01-000000072699180
영상콘텐츠제작전문가,grp-a001-01-000000072703518
온라인무료수강,grp-a001-01-000000072703518
무료온라인수업,grp-a001-01-000000072703518
고용센터국비지원,grp-a001-01-000000072703518
배기시스템,grp-a001-01-000000072703782
KT이벤트,grp-a001-01-000000072704502
인터넷신청방법,grp-a001-01-000000072704502
가산디지털단지고시원,grp-a001-01-000000072705723
구로디지털단지원룸,grp-a001-01-000000072705723
구로디지털단지역고시원,grp-a001-01-000000072705723
구로디지털단지고시원,grp-a001-01-000000072705723
구로디지털단지역고시텔,grp-a001-01-000000072705723
구로디지털단지역원룸텔,grp-a001-01-000000072705723
구로디지털단지고시텔,grp-a001-01-000000072705723
구로디지털고시원,grp-a001-01-000000072705723
구로디지털단지원룸텔,grp-a001-01-000000072705723
디지털락카키,grp-a001-01-000000072735310
드라이브인시스템,grp-a001-01-000000072735310
락카디지털키,grp-a001-01-000000072735310
패치관리시스템,grp-a001-01-000000072735310
전기제어시스템,grp-a001-01-000000072735310
기숙사관리시스템,grp-a001-01-000000072735310
시스템전자키,grp-a001-01-000000072735310
전자키시스템,grp-a001-01-000000072735310
사물함디지털키,grp-a001-01-000000072735310
디지털락커키,grp-a001-01-000000072735310
광주의사1금융권거절,grp-a001-01-000000072741345
경기광주건축자재,grp-a001-01-000000072744093
병원데이터금융가격,grp-a001-01-000000072747044
메디칼론한도조회이벤트,grp-a001-01-000000072751347
의사1금융권거절이벤트,grp-a001-01-000000072767427
의사1금융권거절할인,grp-a001-01-000000072767432
의사1금융권거절추천,grp-a001-01-000000072780235
모바일조사,grp-a001-01-000000072780236
선불폰데이터,grp-a001-01-000000072780238
외국인데이터,grp-a001-01-000000072780238
CCTV하드디스크,grp-a001-01-000000072780242
부산갑상선암수술,grp-a001-01-000000072780242
도난방지시스템,grp-a001-01-000000072780242
인공지능CCTV,grp-a001-01-000000072780242
시니어홈케어,grp-a001-01-000000072780242
방범시스템,grp-a001-01-000000072780242
부산갑상선외과,grp-a001-01-000000072780242
피플카운팅시스템,grp-a001-01-000000072780242
경비보안시스템,grp-a001-01-000000072780242
시스템경비,grp-a001-01-000000072780242
유리문디지털도어락,grp-a001-01-000000072780245
홈네트워크시스템,grp-a001-01-000000072780245
의사1금융권거절예약,grp-a001-01-000000072780305
메디칼론한도조회찾기,grp-a001-01-000000072780314
도급수수료,grp-a001-01-000000072780322
대구상담센터,grp-a001-01-000000072780372
대구가족상담센터,grp-a001-01-000000072780372
대구청소년심리상담센터,grp-a001-01-000000072780372
대구부부상담센터,grp-a001-01-000000072780372
대구심리상담센터추천,grp-a001-01-000000072780372
대구성인심리상담센터,grp-a001-01-000000072780372
대구미술심리치료,grp-a001-01-000000072780372
데이터센터교육,grp-a001-01-000000072780426
AI빅데이터분석,grp-a001-01-000000072780426
데이터코딩,grp-a001-01-000000072780426
IT국비지원무료교육,grp-a001-01-000000072780426
아람인물세미나,grp-a001-01-000000072780591
인물세미나,grp-a001-01-000000072780591
아람북스인물세미나,grp-a001-01-000000072780591
중고온라인서점,grp-a001-01-000000072780591
요양원휠체어,grp-a001-01-000000072780848
화과자원데이클래스,grp-a001-01-000000072833111
앙금플라워원데이클래스,grp-a001-01-000000072833111
전주베이킹원데이클래스,grp-a001-01-000000072833111
일산베이킹원데이클래스,grp-a001-01-000000072833111
온라인베이킹,grp-a001-01-000000072833111
산본갑상선,grp-a001-01-000000072835486
온라인패널,grp-a001-01-000000072835486
빅데이터알바,grp-a001-01-000000072835486
온라인여론조사,grp-a001-01-000000072835486
온라인재택근무,grp-a001-01-000000072835486
전문가설문조사,grp-a001-01-000000072835486
온라인리서치,grp-a001-01-000000072835486
자동주문시스템,grp-a001-01-000000072838811
개포자이프레지던스,grp-a001-01-000000072839507
서울단기레지던스,grp-a001-01-000000072839507
서울원데이,grp-a001-01-000000072846597
이벤트머리띠,grp-a001-01-000000072846885
제주도원데이클래스,grp-a001-01-000000072847922
제주원데이클래스,grp-a001-01-000000072847922
애월원데이클래스,grp-a001-01-000000072847922
디지털치료제,grp-a001-01-000000072850918
디지털놀이,grp-a001-01-000000072850918
디지털체육,grp-a001-01-000000072850918
3D모션시스템,grp-a001-01-000000072850918
가상체육시스템,grp-a001-01-000000072850918
메디칼론한도조회신청,grp-a001-01-000000072863097
의사1금융권거절주말,grp-a001-01-000000072863311
대전의사1금융권거절,grp-a001-01-000000072864162
전문점병원데이터금융,grp-a001-01-000000072869484
의료기인증,grp-a001-01-000000072917840
의료기기정보포털,grp-a001-01-000000072917854
FTA원산지관리시스템,grp-a001-01-000000072917854
FTA시스템,grp-a001-01-000000072917854
국외연수,grp-a001-01-000000072917866
호주간호사이민,grp-a001-01-000000072917866
외국인영어회화,grp-a001-01-000000072917866
급여담당자교육,grp-a001-01-000000072917866
일본의료기기전시회,grp-a001-01-000000072917866
공공기관해외연수,grp-a001-01-000000072917866
직원해외연수,grp-a001-01-000000072917866
해외연수업체,grp-a001-01-000000072917866
법인출장,grp-a001-01-000000072917866
출장관리시스템,grp-a001-01-000000072917866
농업인해외연수,grp-a001-01-000000072917866
시니어전시회,grp-a001-01-000000072917866
수원케이크원데이클래스,grp-a001-01-000000072917877
일산갑상선초음파,grp-a001-01-000000072917877
수원케이크원데이,grp-a001-01-000000072917877
부평갑상선외과,grp-a001-01-000000072917877
숏폼마케팅업체,grp-a001-01-000000072917904
청소년창업교육,grp-a001-01-000000072917942
시니어단백질,grp-a001-01-000000072918436
인지행동치료비용,grp-a001-01-000000072918436
강릉심리치료,grp-a001-01-000000072918436
시니어단백질보충제,grp-a001-01-000000072918449
시니어죽,grp-a001-01-000000072918449
충북혁신도시도시락,grp-a001-01-000000072918449
비대면직업,grp-a001-01-000000072918464
여성의류사이트,grp-a001-01-000000072918481
여성의류코디,grp-a001-01-000000072918481
여성의류당일배송,grp-a001-01-000000072918481
여성의류순위,grp-a001-01-000000072918481
여성의류추천,grp-a001-01-000000072918481
중저가여성의류,grp-a001-01-000000072918481
여성의류쇼핑물,grp-a001-01-000000072918481
저렴한여성의류,grp-a001-01-000000072918481
섹시여성의류,grp-a001-01-000000072918481
캐쥬얼여성의류,grp-a001-01-000000072918481
보육교사직무교육온라인,grp-a001-01-000000072918511
퍼스트뷰마케팅,grp-a001-01-000000072929708
NAS시스템,grp-a001-01-000000072929777
글로벌호스트,grp-a001-01-000000072929777
서버운영비,grp-a001-01-000000072929777
모바일세탁소,grp-a001-01-000000072929789
가산디지털단지역세탁소,grp-a001-01-000000072929789
비대면세탁서비스,grp-a001-01-000000072929789
전자구매시스템,grp-a001-01-000000072983881
도자기매매,grp-a001-01-000000072983881
통합구매시스템,grp-a001-01-000000072983881
구매전문가교육,grp-a001-01-000000072983881
검단신도시롯데넥스티엘,grp-a001-01-000000072983938
수원건물관리,grp-a001-01-000000072983938
검단신도시넥스티엘상가,grp-a001-01-000000072983938
검단신도시롯데,grp-a001-01-000000072983938
수원시설관리,grp-a001-01-000000072983938
검단신도시넥스트콤플렉스,grp-a001-01-000000072983938
빌딩관리대행,grp-a001-01-000000072983938
부산경비용역,grp-a001-01-000000072983938
대구경비용역,grp-a001-01-000000072983938
검단신도시롯데캐슬넥스티엘상가,grp-a001-01-000000072983938
검단신도시하버시티,grp-a001-01-000000072983938
디지털페인팅,grp-a001-01-000000072983978
투자유치용사업계획서,grp-a001-01-000000072983978
온라인사업계획서,grp-a001-01-000000072983978
C#국비지원,grp-a001-01-000000072983978
인천인공수정,grp-a001-01-000000072985095
울산피부전문의,grp-a001-01-000000073047647
엘지모바일,grp-a001-01-000000073047888
온라인성지,grp-a001-01-000000073047888
핸드폰온라인구매,grp-a001-01-000000073047888
온라인핸드폰,grp-a001-01-000000073047888
기초생활수급자핸드폰,grp-a001-01-000000073047888
외국인알뜰폰가입,grp-a001-01-000000073047888
온라인핸드폰구매,grp-a001-01-000000073047888
장성모바일,grp-a001-01-000000073047888
모바일성지,grp-a001-01-000000073047888
핸드폰온라인,grp-a001-01-000000073047888
제트모바일,grp-a001-01-000000073047888
핸드폰온라인판매점,grp-a001-01-000000073047888
핸드폰온라인판매,grp-a001-01-000000073047888
스마트폰온라인구매,grp-a001-01-000000073047888
경영컨설팅사업계획서,grp-a001-01-000000073048232
의사1금융권거절성남,grp-a001-01-000000073052369
소년보호사건송치,grp-a001-01-000000073052689
학교폭력상담사,grp-a001-01-000000073052689
KT데이터무제한,grp-a001-01-000000073053008
케이티M모바일,grp-a001-01-000000073053008
KTM모바일인터넷,grp-a001-01-000000073053008
KT엠모바일요금제,grp-a001-01-000000073053008
KT모바일,grp-a001-01-000000073053008
KT신규개통,grp-a001-01-000000073053008
KTM모바일대리점,grp-a001-01-000000073053008
엠모바일요금제,grp-a001-01-000000073053008
KTM모바일기기변경,grp-a001-01-000000073053008
KT5G시니어요금제,grp-a001-01-000000073053008
KT알뜰폰데이터무제한,grp-a001-01-000000073053008
KTM모바일신규가입,grp-a001-01-000000073053008
KT알뜰폰M모바일,grp-a001-01-000000073053008
M모바일요금제,grp-a001-01-000000073053008
KT온라인요금제,grp-a001-01-000000073053008
KT엠모바일알뜰폰,grp-a001-01-000000073053008
M모바일유심,grp-a001-01-000000073053008
KTM모바일데이터무제한,grp-a001-01-000000073053008
KTM모바일요금,grp-a001-01-000000073053008
KT알뜰폰헬로모바일,grp-a001-01-000000073053008
엠모바일알뜰폰,grp-a001-01-000000073053008
KT알뜰폰이벤트,grp-a001-01-000000073053008
엠모바일아무나결합,grp-a001-01-000000073053008
리브모바일KT,grp-a001-01-000000073053008
시니어폰,grp-a001-01-000000073053159
시니어핸드폰,grp-a001-01-000000073053159
시니어알뜰폰요금제,grp-a001-01-000000073053159
헬로모바일기기변경,grp-a001-01-000000073053159
SKT시니어,grp-a001-01-000000073053159
헬로모바일시니어요금제,grp-a001-01-000000073053159
순위메디칼론한도조회,grp-a001-01-000000073084764
여성,grp-a001-01-000000073084807
이너,grp-a001-01-000000073084807
명품여성의류,grp-a001-01-000000073084807
중년여성의류,grp-a001-01-000000073084807
전주신시가지성형외과,grp-a001-01-000000073084807
중년여성의류브랜드,grp-a001-01-000000073084807
명품스타일여성의류,grp-a001-01-000000073084807
명품온라인,grp-a001-01-000000073084807
시스템소프트웨어,grp-a001-01-000000073084807
파리구매대행,grp-a001-01-000000073084807
모바일스티커,grp-a001-01-000000073084807
여성의류쇼핑,grp-a001-01-000000073084807
숏츠플랫폼,grp-a001-01-000000073084807
온라인명품,grp-a001-01-000000073084807
틱톡챌린지마케팅,grp-a001-01-000000073084807
명품온라인샵,grp-a001-01-000000073084807
온라인멀티샵,grp-a001-01-000000073084807
시스템접근제어,grp-a001-01-000000073084807
기업데이터백업,grp-a001-01-000000073084807
모바일DRM,grp-a001-01-000000073084807
두피전문가,grp-a001-01-000000073084817
두피관리전문가,grp-a001-01-000000073084817
디지털알바,grp-a001-01-000000073084923
범죄경력조회서발급시스템,grp-a001-01-000000073084954
컬쳐랜드모바일상품권구매,grp-a001-01-000000073084954
요리사해외취업,grp-a001-01-000000073084954
서울베이킹원데이,grp-a001-01-000000073085004
대구베이킹원데이,grp-a001-01-000000073085004
광주베이킹원데이클래스,grp-a001-01-000000073085004
청주베이킹원데이클래스,grp-a001-01-000000073085004
인천베이킹원데이,grp-a001-01-000000073085004
빵원데이클래스,grp-a001-01-000000073085004
스콘원데이클래스,grp-a001-01-000000073085004
창원베이킹원데이클래스,grp-a001-01-000000073085004
천안베이킹원데이클래스,grp-a001-01-000000073085004
식빵원데이클래스,grp-a001-01-000000073085004
까눌레원데이클래스,grp-a001-01-000000073085004
원데이케이크,grp-a001-01-000000073085004
케이크만들기원데이,grp-a001-01-000000073085004
구움과자원데이클래스,grp-a001-01-000000073085004
딸기케이크원데이클래스,grp-a001-01-000000073085004
비건베이킹원데이클래스,grp-a001-01-000000073085004
성남베이킹원데이클래스,grp-a001-01-000000073085004
예미원피부과,grp-a001-01-000000073085017
도곡예미원피부과,grp-a001-01-000000073085017
메디칼론한도조회전주,grp-a001-01-000000073085614
인파관리시스템,grp-a001-01-000000073085699
경차전용카드,grp-a001-01-000000073085776
주유전용카드,grp-a001-01-000000073085776
주유비카드추천,grp-a001-01-000000073085776
법인주유전용카드,grp-a001-01-000000073085776
주유전용신용카드,grp-a001-01-000000073085776
GS주유소신용카드,grp-a001-01-000000073085776
신용카드LPG할인,grp-a001-01-000000073085776
신용카드주유소,grp-a001-01-000000073085776
유류전용카드,grp-a001-01-000000073085776
주유통신신용카드,grp-a001-01-000000073085776
인하공업전문대학항공운항과,grp-a001-01-000000073088642
비영리단체,grp-a001-01-000000073088642
기부플랫폼,grp-a001-01-000000073088642
전립선암검사병원,grp-a001-01-000000073088642
디지털자수,grp-a001-01-000000073088642
유니폼등번호,grp-a001-01-000000073088642
NC글로벌,grp-a001-01-000000073088642
가산디지털공유오피스,grp-a001-01-000000073088642
유니폼스티커,grp-a001-01-000000073088642
소상공인커뮤니티,grp-a001-01-000000073088642
가산디지털단지회의실,grp-a001-01-000000073088642
디지털전사,grp-a001-01-000000073088642
소상공인모임,grp-a001-01-000000073088642
출퇴근기록시스템,grp-a001-01-000000073088642
구로디지털단지비상주사무실,grp-a001-01-000000073088642
구로디지털단지비상주,grp-a001-01-000000073088642
가산디지털단지비상주,grp-a001-01-000000073088642
가산디지털단지미팅룸,grp-a001-01-000000073088642
가산디지털단지역회의실,grp-a001-01-000000073088642
전사시스템,grp-a001-01-000000073088642
후드유니폼,grp-a001-01-000000073088642
디지털날염,grp-a001-01-000000073088642
지상직승무원국비지원,grp-a001-01-000000073088642
사업자커뮤니티,grp-a001-01-000000073088642
데이터로밍,grp-a001-01-000000073088988
이심데이터로밍,grp-a001-01-000000073088988
베트남데이터,grp-a001-01-000000073088988
해외데이터,grp-a001-01-000000073088988
함양한의원,grp-a001-01-000000073088988
유럽데이터,grp-a001-01-000000073088988
해외데이터사용,grp-a001-01-000000073088988
해외로밍데이터,grp-a001-01-000000073088988
E심데이터,grp-a001-01-000000073088988
일본데이터무제한,grp-a001-01-000000073088988
해외데이터유심,grp-a001-01-000000073088988
해외유심데이터로밍,grp-a001-01-000000073088988
정보보안온라인교육,grp-a001-01-000000073088988
해외데이터도시락,grp-a001-01-000000073088988
데이터해외로밍,grp-a001-01-000000073088988
국비지원네트워크,grp-a001-01-000000073088988
와이파이도시락신청방법,grp-a001-01-000000073088988
서울메디칼론한도조회,grp-a001-01-000000073093687
건축물용도변경비용,grp-a001-01-000000073093697
수원청소년심리상담센터,grp-a001-01-000000073093762
인천청소년심리상담센터,grp-a001-01-000000073093762
사주상담사모집,grp-a001-01-000000073095273
출장사진비용,grp-a001-01-000000073095328
개인방송플랫폼,grp-a001-01-000000073096545
오디오시스템,grp-a001-01-000000073096545
CMS시스템,grp-a001-01-000000073096545
디지털워터마크,grp-a001-01-000000073096545
모바일앱플레이어,grp-a001-01-000000073096545
라이브쇼핑플랫폼,grp-a001-01-000000073096545
모바일홈쇼핑,grp-a001-01-000000073096545
보안관제시스템,grp-a001-01-000000073096545
세종시목디스크,grp-a001-01-000000073096579
부산엘시티레지던스,grp-a001-01-000000073096635
뉴시즈해운대레지던스,grp-a001-01-000000073096635
해운대엘시티레지던스,grp-a001-01-000000073096635
부산LCT레지던스,grp-a001-01-000000073096635
뉴시즈오시리아레지던스,grp-a001-01-000000073096635
해운대레지던스,grp-a001-01-000000073096635
오시리아레지던스,grp-a001-01-000000073096635
부산레지던스,grp-a001-01-000000073096635
해운대LCT레지던스,grp-a001-01-000000073096635
강릉레지던스,grp-a001-01-000000073096635
부산레지던스숙소,grp-a001-01-000000073096635
속초레지던스,grp-a001-01-000000073096635
대전레지던스,grp-a001-01-000000073096635
엘시티레지던스조식,grp-a001-01-000000073096635
기장레지던스,grp-a001-01-000000073096635
부산해운대레지던스,grp-a001-01-000000073096635
트리니티산후조리원삼성,grp-a001-01-000000073096635
광안리레지던스,grp-a001-01-000000073096635
부산기장레지던스,grp-a001-01-000000073096635
부산해운대엘시티레지던스,grp-a001-01-000000073096635
부산역레지던스,grp-a001-01-000000073096635
엘시티더레지던스,grp-a001-01-000000073096635
엘시티레지던스예약,grp-a001-01-000000073096635
제주레지던스,grp-a001-01-000000073096635
여의도레지던스,grp-a001-01-000000073096635
대구레지던스,grp-a001-01-000000073096635
더블트리바이힐튼서울판교레지던스,grp-a001-01-000000073096635
여수레지던스,grp-a001-01-000000073096635
춘천레지던스,grp-a001-01-000000073096635
판교레지던스,grp-a001-01-000000073096635
제주도레지던스,grp-a001-01-000000073096635
인천송도레지던스,grp-a001-01-000000073096635
LCT레지던스예약,grp-a001-01-000000073096635
용산레지던스,grp-a001-01-000000073096635
전주레지던스,grp-a001-01-000000073096635
영종도레지던스,grp-a001-01-000000073096635
수원레지던스,grp-a001-01-000000073096635
광화문레지던스,grp-a001-01-000000073096635
울산레지던스,grp-a001-01-000000073096635
부산씨클라우드레지던스,grp-a001-01-000000073096635
천안레지던스,grp-a001-01-000000073096635
목포레지던스,grp-a001-01-000000073096635
양양레지던스,grp-a001-01-000000073096635
엘시티레지던스오션주니어스위트,grp-a001-01-000000073096635
부산엘시티레지던스예약,grp-a001-01-000000073096635
잠실레지던스,grp-a001-01-000000073096635
강남역레지던스,grp-a001-01-000000073096635
인사동레지던스,grp-a001-01-000000073096635
서면레지던스,grp-a001-01-000000073096635
엘시티레지던스가격,grp-a001-01-000000073096635
건대레지던스,grp-a001-01-000000073096635
명동레지던스,grp-a001-01-000000073096635
군산레지던스,grp-a001-01-000000073096635
제주시레지던스,grp-a001-01-000000073096635
삼성트리니티산후조리원,grp-a001-01-000000073096635
마포레지던스,grp-a001-01-000000073096635
홍대레지던스,grp-a001-01-000000073096635
용인레지던스,grp-a001-01-000000073096635
서귀포레지던스,grp-a001-01-000000073096635
파주레지던스,grp-a001-01-000000073096635
영등포레지던스,grp-a001-01-000000073096635
노량진레지던스,grp-a001-01-000000073096635
서울레지던스예약,grp-a001-01-000000073096635
송파레지던스,grp-a001-01-000000073096635
레지던스서울,grp-a001-01-000000073096635
평택레지던스,grp-a001-01-000000073096635
창원레지던스,grp-a001-01-000000073096635
레지던스부산,grp-a001-01-000000073096635
동대구역레지던스,grp-a001-01-000000073096635
광명레지던스,grp-a001-01-000000073096635
을지로레지던스,grp-a001-01-000000073096635
강서구레지던스,grp-a001-01-000000073096635
안양레지던스,grp-a001-01-000000073096635
성남레지던스,grp-a001-01-000000073096635
세종시레지던스,grp-a001-01-000000073096635
런던레지던스,grp-a001-01-000000073096635
포항레지던스,grp-a001-01-000000073096635
엘시티레지던스워터파크,grp-a001-01-000000073096635
삼성동레지던스,grp-a001-01-000000073096635
대치동레지던스,grp-a001-01-000000073096635
거제도레지던스,grp-a001-01-000000073096635
하남레지던스,grp-a001-01-000000073096635
나주레지던스,grp-a001-01-000000073096635
의정부레지던스,grp-a001-01-000000073096635
부산서면레지던스,grp-a001-01-000000073096635
김포레지던스,grp-a001-01-000000073096635
유성레지던스,grp-a001-01-000000073096635
통영레지던스,grp-a001-01-000000073096635
안산레지던스,grp-a001-01-000000073096635
강동구레지던스,grp-a001-01-000000073096635
레지던스판교,grp-a001-01-000000073096635
부산LCT레지던스예약,grp-a001-01-000000073096635
서울가성비레지던스,grp-a001-01-000000073096635
서울근교레지던스,grp-a001-01-000000073096635
청라레지던스,grp-a001-01-000000073096635
서울레지던스추천,grp-a001-01-000000073096635
삼척레지던스,grp-a001-01-000000073096635
김해레지던스,grp-a001-01-000000073096635
남양주레지던스,grp-a001-01-000000073096635
오산레지던스,grp-a001-01-000000073096635
서초동레지던스,grp-a001-01-000000073096635
해운대레지던스예약,grp-a001-01-000000073096635
송파구레지던스,grp-a001-01-000000073096635
이태원레지던스,grp-a001-01-000000073096635
용산역레지던스,grp-a001-01-000000073096635
레지던스해운대,grp-a001-01-000000073096635
사당레지던스,grp-a001-01-000000073096635
경기도레지던스,grp-a001-01-000000073096635
엘시티레지던스해운대,grp-a001-01-000000073096635
교대레지던스,grp-a001-01-000000073096635
서초구레지던스,grp-a001-01-000000073096635
남포동레지던스,grp-a001-01-000000073096635
해운대엘시티레지던스예약,grp-a001-01-000000073096635
강북레지던스,grp-a001-01-000000073096635
디지털사물함,grp-a001-01-000000073096635
시스템캐비넷,grp-a001-01-000000073096635
청담동레지던스,grp-a001-01-000000073096635
성수레지던스,grp-a001-01-000000073096635
선릉레지던스,grp-a001-01-000000073096635
드래곤시티레지던스,grp-a001-01-000000073096635
부산레지던스추천,grp-a001-01-000000073096635
서울레지던스단기임대,grp-a001-01-000000073096635
안동레지던스,grp-a001-01-000000073096635
서울대입구역레지던스,grp-a001-01-000000073096635
은평구레지던스,grp-a001-01-000000073096635
시흥레지던스,grp-a001-01-000000073096635
해운대역레지던스,grp-a001-01-000000073096635
야당레지던스,grp-a001-01-000000073096635
서울강남레지던스,grp-a001-01-000000073096635
이수역레지던스,grp-a001-01-000000073096635
인천공항레지던스,grp-a001-01-000000073096635
구로레지던스,grp-a001-01-000000073096635
마포구레지던스,grp-a001-01-000000073096635
서대문구레지던스,grp-a001-01-000000073096635
강남구레지던스,grp-a001-01-000000073096635
중구레지던스,grp-a001-01-000000073096635
고양레지던스,grp-a001-01-000000073096635
로마레지던스,grp-a001-01-000000073096635
서울레지던스한달,grp-a001-01-000000073096635
광진구레지던스,grp-a001-01-000000073096635
역삼역레지던스,grp-a001-01-000000073096635
사당역레지던스,grp-a001-01-000000073096635
성북구레지던스,grp-a001-01-000000073096635
시청레지던스,grp-a001-01-000000073096635
양재레지던스,grp-a001-01-000000073096635
왕십리레지던스,grp-a001-01-000000073096635
수서역레지던스,grp-a001-01-000000073096635
광교레지던스,grp-a001-01-000000073096635
논현동레지던스,grp-a001-01-000000073096635
문정동레지던스,grp-a001-01-000000073096635
제주시내레지던스,grp-a001-01-000000073096635
양재역레지던스,grp-a001-01-000000073096635
제주공항레지던스,grp-a001-01-000000073096635
공덕역레지던스,grp-a001-01-000000073096635
가평레지던스,grp-a001-01-000000073096635
서울프레지던트,grp-a001-01-000000073096635
디지털락카,grp-a001-01-000000073096635
디지털보관함,grp-a001-01-000000073096635
가산동레지던스,grp-a001-01-000000073096635
서울레지던스한달살기,grp-a001-01-000000073096635
김포공항레지던스,grp-a001-01-000000073096635
신사역레지던스,grp-a001-01-000000073096635
동대문구레지던스,grp-a001-01-000000073096635
역삼동레지던스,grp-a001-01-000000073096635
발산역레지던스,grp-a001-01-000000073096635
광명역레지던스,grp-a001-01-000000073096635
해운대숙소그랜드엘시티레지던스,grp-a001-01-000000073096635
그랜드LCT레지던스,grp-a001-01-000000073096635
롯데마트모바일상품권교환,grp-a001-01-000000073096655
이마트모바일상품권현금화,grp-a001-01-000000073096655
이마트모바일상품권매입,grp-a001-01-000000073096655
이마트모바일상품권판매,grp-a001-01-000000073096655
이마트모바일상품권현금교환,grp-a001-01-000000073096655
문리모델링,grp-a001-01-000000073096655
홈플러스모바일상품권매입,grp-a001-01-000000073096655
홈플러스모바일상품권현금화,grp-a001-01-000000073096655
홈플러스모바일상품권교환,grp-a001-01-000000073096655
의사1금융권거절인천,grp-a001-01-000000073097812
병원전기안전관리자,grp-a001-01-000000073097814
노인장난감,grp-a001-01-000000073097825
시니어수학,grp-a001-01-000000073097825
시니어한글,grp-a001-01-000000073097825
외국인전화,grp-a001-01-000000073097825
발달장애인교구,grp-a001-01-000000073097825
시니어한글공부,grp-a001-01-000000073097825
시니어색칠하기,grp-a001-01-000000073097825
온라인성인영어회화,grp-a001-01-000000073097825
직장인온라인영어,grp-a001-01-000000073097825
심리치료교구,grp-a001-01-000000073097825
연극심리치료사,grp-a001-01-000000073100680
광화문세미나실,grp-a001-01-000000073102897
종로세미나실,grp-a001-01-000000073102897
이벤트편지,grp-a001-01-000000073102928
약국일반의약품자금비교,grp-a001-01-000000073103263
병원데이터금융예약,grp-a001-01-000000073104161
TCI온라인검사,grp-a001-01-000000073113929
ADHD병원추천,grp-a001-01-000000073113929
MMPI온라인검사,grp-a001-01-000000073113929
온라인명예훼손,grp-a001-01-000000073114234
메디칼론한도조회야간,grp-a001-01-000000073190817
이벤트배너,grp-a001-01-000000073190821
우울증정신병원입원,grp-a001-01-000000073190859
서울정신병동,grp-a001-01-000000073190859
충주신도시,grp-a001-01-000000073190895
충주과수원매매,grp-a001-01-000000073190895
3D모델링프린팅,grp-a001-01-000000073191077
광주3D모델링,grp-a001-01-000000073191077
기초연금신청서류,grp-a001-01-000000073191081
기초연금대상,grp-a001-01-000000073191081
기초연금수급자자격,grp-a001-01-000000073191081
기초연금온라인신청방법,grp-a001-01-000000073191081
기초노령연금신청서류,grp-a001-01-000000073191081
기초연금수급자격자녀,grp-a001-01-000000073191081
2024기초연금수급자격,grp-a001-01-000000073191081
헬로모바일고객센터,grp-a001-01-000000073191083
헬로모바일유심,grp-a001-01-000000073191083
LG헬로모바일고객센터,grp-a001-01-000000073191083
헬로모바일유심편의점,grp-a001-01-000000073191083
KTM모바일인터넷결합,grp-a001-01-000000073191083
헬로모바일고객센터전화번호,grp-a001-01-000000073191083
헬로모바일인터넷,grp-a001-01-000000073191083
LG헬로모바일알뜰폰,grp-a001-01-000000073191083
인터넷통신비지원,grp-a001-01-000000073191083
헬로모바일유심교체,grp-a001-01-000000073191083
헬로우모바일알뜰폰,grp-a001-01-000000073191083
헬로우모바일유심,grp-a001-01-000000073191083
LG온라인,grp-a001-01-000000073191083
헬로모바일고객센터번호,grp-a001-01-000000073191083
헬로모바일알뜰요금제,grp-a001-01-000000073191083
인터넷연결비용,grp-a001-01-000000073191083
LG헬로모바일인터넷,grp-a001-01-000000073191083
더착한데이터유심,grp-a001-01-000000073191083
헬로모바일유심가격,grp-a001-01-000000073191083
CJ헬로우모바일,grp-a001-01-000000073191083
올레모바일,grp-a001-01-000000073191083
헬로모바일TV,grp-a001-01-000000073191083
헬로우모바일인터넷,grp-a001-01-000000073191083
헬로모바일유심등록,grp-a001-01-000000073191083
헬로모바일유심배송,grp-a001-01-000000073191083
헬로모바일알뜰폰유심,grp-a001-01-000000073191083
헬로모바일KT망,grp-a001-01-000000073191083
헬로모바일가족결합,grp-a001-01-000000073191083
헬로모바일티비,grp-a001-01-000000073191083
헬로모바일약정,grp-a001-01-000000073191083
모바일인터넷결합,grp-a001-01-000000073191083
자동안내방송시스템,grp-a001-01-000000073191083
인공지능성우,grp-a001-01-000000073191083
KT온라인가입센터,grp-a001-01-000000073191083
헬로모바일KT유심,grp-a001-01-000000073191083
헬로모바일유심고장,grp-a001-01-000000073191083
헬로모바일선불유심,grp-a001-01-000000073191083
헬로모바일인터넷TV,grp-a001-01-000000073191083
헬로모바일유심해지,grp-a001-01-000000073191083
헬로모바일오프라인,grp-a001-01-000000073191083
헬로모바일부산,grp-a001-01-000000073191083
엘지헬로모바일유심,grp-a001-01-000000073191083
헬로모바일아이폰,grp-a001-01-000000073191083
알뜰모바일인터넷,grp-a001-01-000000073191083
대구스마일프로,grp-a001-01-000000073191086
대구렌즈삽입,grp-a001-01-000000073191086
시니어홈트,grp-a001-01-000000073191089
시니어피트니스,grp-a001-01-000000073191089
PT이벤트,grp-a001-01-000000073191089
온라인식단,grp-a001-01-000000073191089
비대면PT,grp-a001-01-000000073191089
모바일PT,grp-a001-01-000000073191089
문의병원권리금자금,grp-a001-01-000000073193913
메디칼론한도조회용인,grp-a001-01-000000073193913
개포프레지던스자이,grp-a001-01-000000073193957
시니어건강,grp-a001-01-000000073193957
시니어체조,grp-a001-01-000000073193957
디지털그림,grp-a001-01-000000073193957
시니어커뮤니티,grp-a001-01-000000073193957
디지털드로잉수업,grp-a001-01-000000073193957
디지털드로잉강사,grp-a001-01-000000073193957
디지털스케치,grp-a001-01-000000073193957
울산디지털드로잉,grp-a001-01-000000073193957
아이패드디지털드로잉,grp-a001-01-000000073193957
ANF시니어,grp-a001-01-000000073193957
시니어케어서비스,grp-a001-01-000000073193957
디지털드로잉클래스,grp-a001-01-000000073193957
전주디지털드로잉,grp-a001-01-000000073193957
창원디지털드로잉,grp-a001-01-000000073193957
천안디지털드로잉,grp-a001-01-000000073193957
온라인드로잉,grp-a001-01-000000073193957
클래스101디지털드로잉,grp-a001-01-000000073193957
디지털드로잉입문,grp-a001-01-000000073193957
시니어취업지원,grp-a001-01-000000073193957
디지털아트웍,grp-a001-01-000000073193957
부천디지털드로잉,grp-a001-01-000000073193957
국비지원언리얼,grp-a001-01-000000073193957
디지털드로잉아이패드,grp-a001-01-000000073193957
디지털드로잉태블릿,grp-a001-01-000000073193957
디지털드로잉독학,grp-a001-01-000000073193957
원데이클래스유화,grp-a001-01-000000073193957
디지털드로잉교육,grp-a001-01-000000073193957
성남메디칼론한도조회,grp-a001-01-000000073193991
의사신용등급서울,grp-a001-01-000000073195875
시스템찬넬,grp-a001-01-000000073230233
스트링시스템,grp-a001-01-000000073230233
시스템랙,grp-a001-01-000000073230233
작은방시스템행거,grp-a001-01-000000073230233
시스템펜트리,grp-a001-01-000000073230233
모듈시스템,grp-a001-01-000000073230233
전세집시스템행거,grp-a001-01-000000073230233
팬트리시스템,grp-a001-01-000000073230233
작은방시스템장,grp-a001-01-000000073230233
펜트리시스템,grp-a001-01-000000073230233
찬넬시스템,grp-a001-01-000000073230233
점제거성형외과,grp-a001-01-000000073230495
점성형외과,grp-a001-01-000000073230495
편평사마귀제거이벤트,grp-a001-01-000000073230495
성형외과점빼기,grp-a001-01-000000073230495
점빼는성형외과,grp-a001-01-000000073230495
피지낭종제거성형외과,grp-a001-01-000000073230547
엘프반주기중고,grp-a001-01-000000073249660
디자이너스툴,grp-a001-01-000000073249660
영국약대학비,grp-a001-01-000000073249680
한정승인신청서,grp-a001-01-000000073249684
간호사명함,grp-a001-01-000000073249737
마케팅명함,grp-a001-01-000000073249737
쿠프마케팅채용,grp-a001-01-000000073249737
공증수수료,grp-a001-01-000000073249740
온라인공증,grp-a001-01-000000073249740
운전면허증공증,grp-a001-01-000000073249740
비대면공증,grp-a001-01-000000073249740
외국인공증,grp-a001-01-000000073249740
운전면허증번역공증,grp-a001-01-000000073249740
구로디지털단지공증,grp-a001-01-000000073249740
전기온라인교육,grp-a001-01-000000073249743
전기기사온라인,grp-a001-01-000000073249743
전기산업기사온라인,grp-a001-01-000000073249743
대전치질수술,grp-a001-01-000000073249744
대전치질수술잘하는곳,grp-a001-01-000000073249744
일산내시경,grp-a001-01-000000073249744
대전삼성병원,grp-a001-01-000000073249744
파주국가건강검진,grp-a001-01-000000073249744
일산건강검진예약,grp-a001-01-000000073249744
주엽동건강검진,grp-a001-01-000000073249744
둔산동대장내시경,grp-a001-01-000000073249744
유성대장내시경,grp-a001-01-000000073249744
왕십리허리디스크,grp-a001-01-000000073278182
조리원골반교정기,grp-a001-01-000000073278237
골반치료기,grp-a001-01-000000073278237
D2C플랫폼,grp-a001-01-000000073278357
신차결제카드,grp-a001-01-000000073278357
보령제어시스템,grp-a001-01-000000073278357
무료사업계획서양식,grp-a001-01-000000073280684
법정의무교육온라인사이트,grp-a001-01-000000073281373
5대법정의무교육온라인,grp-a001-01-000000073281373
의료기관결핵예방교육,grp-a001-01-000000073281373
건강검진교육,grp-a001-01-000000073281373
법정의무교육무료온라인,grp-a001-01-000000073281373
4대법정의무교육온라인,grp-a001-01-000000073281373
5대법정교육온라인,grp-a001-01-000000073281373
무료온라인법정의무교육,grp-a001-01-000000073281373
법정교육온라인무료,grp-a001-01-000000073281373
법정의무교육온라인업체,grp-a001-01-000000073281373
법정의무온라인교육,grp-a001-01-000000073281373
법정의무교육온라인견적,grp-a001-01-000000073281373
4대법정교육온라인,grp-a001-01-000000073281373
법정의무교육온라인무료교육,grp-a001-01-000000073281373
병원데이터금융광주,grp-a001-01-000000073283600
메디칼론한도조회전문점,grp-a001-01-000000073291564
이벤트약국일반의약품자금,grp-a001-01-000000073294667
하노이디캐피탈,grp-a001-01-000000073295417
하노이레지던스,grp-a001-01-000000073295417
디캐피탈,grp-a001-01-000000073295417
하노이온라인부동산,grp-a001-01-000000073295417
베트남신도시,grp-a001-01-000000073295417
하노이상가임대,grp-a001-01-000000073295417
길음역건강검진,grp-a001-01-000000073295806
장위동건강검진,grp-a001-01-000000073295806
성북구종합건강검진,grp-a001-01-000000073295806
안산여드름한의원,grp-a001-01-000000073298258
병원데이터금융무료,grp-a001-01-000000073300361
대구혁신도시부동산,grp-a001-01-000000073300552
대구혁신도시상가임대,grp-a001-01-000000073300552
대구혁신도시상가,grp-a001-01-000000073300552
엘씨티레지던스,grp-a001-01-000000073300558
엘시티레지던스숙박,grp-a001-01-000000073300558
부산엘시티레지던스가격,grp-a001-01-000000073300563
해운대엘시티레지던스가격,grp-a001-01-000000073300563
엘시티레지던스할인,grp-a001-01-000000073300563
대명레지던스,grp-a001-01-000000073300563
제주도하이레지던스,grp-a001-01-000000073300563
호계동건강검진,grp-a001-01-000000073300565
용인건강검진센터,grp-a001-01-000000073300568
영통대장내시경,grp-a001-01-000000073300568
수지대장내시경,grp-a001-01-000000073300568
광교대장내시경,grp-a001-01-000000073300568
죽전역건강검진,grp-a001-01-000000073300568
처인구대장내시경,grp-a001-01-000000073300568
온라인입찰,grp-a001-01-000000073300569
민간전자입찰시스템,grp-a001-01-000000073300569
비딩시스템,grp-a001-01-000000073300569
가사전문,grp-a001-01-000000073300575
간이대지급금,grp-a001-01-000000073300577
대지급금,grp-a001-01-000000073300577
산업보건의,grp-a001-01-000000073300577
울산관리감독자교육,grp-a001-01-000000073300577
안전플랫폼,grp-a001-01-000000073300577
부패방지경영시스템,grp-a001-01-000000073300580
모바일TBM,grp-a001-01-000000073300580
ESG경영컨설팅,grp-a001-01-000000073300580
글로벌ESG,grp-a001-01-000000073300580
모바일안전교육,grp-a001-01-000000073300580
안전보건경영시스템인증서발급,grp-a001-01-000000073300580
전기요금컨설팅,grp-a001-01-000000073300580
ESG전문가과정,grp-a001-01-000000073300580
탄소중립세미나,grp-a001-01-000000073300580
ESG컨설팅회사,grp-a001-01-000000073300580
안전관제시스템,grp-a001-01-000000073300580
안전점검시스템,grp-a001-01-000000073300580
중대재해시스템,grp-a001-01-000000073300580
경영시스템인증,grp-a001-01-000000073300580
안전보건경영시스템운영메뉴얼,grp-a001-01-000000073300580
안전보건경영시스템인증비용,grp-a001-01-000000073300580
RE100컨설팅,grp-a001-01-000000073300580
ESG경영관리플랫폼,grp-a001-01-000000073300580
전력컨설팅,grp-a001-01-000000073300580
ESG경영시스템,grp-a001-01-000000073300580
ESG시스템,grp-a001-01-000000073300580
신재생에너지컨설팅,grp-a001-01-000000073300580
RE100세미나,grp-a001-01-000000073300580
화학물질등록컨설팅,grp-a001-01-000000073300580
탄소배출권컨설팅,grp-a001-01-000000073300580
ESG데이터관리,grp-a001-01-000000073300580
ESG데이터플랫폼,grp-a001-01-000000073300580
글로벌경영인증원,grp-a001-01-000000073300580
부패방지시스템,grp-a001-01-000000073300580
안전보건경영시스템심사원,grp-a001-01-000000073300580
내부심사원온라인교육,grp-a001-01-000000073300580
안전보건시스템인증,grp-a001-01-000000073300580
안전보건경영시스템교육,grp-a001-01-000000073300580
리팅성형외과,grp-a001-01-000000073324220
대구리팅성형외과,grp-a001-01-000000073324220
개인정보보호교육온라인,grp-a001-01-000000073324220
안전교육시스템,grp-a001-01-000000073324220
온라인교육포털,grp-a001-01-000000073324220
관리감독자온라인교육,grp-a001-01-000000073324220
부산관리감독자교육,grp-a001-01-000000073324220
안전보건교육플랫폼,grp-a001-01-000000073324220
엘팅리프팅,grp-a001-01-000000073324220
산업안전교육온라인,grp-a001-01-000000073324220
리팅미니리프팅,grp-a001-01-000000073324220
관리감독자비대면교육,grp-a001-01-000000073324220
리턴성형외과,grp-a001-01-000000073324220
강남리팅성형외과,grp-a001-01-000000073324220
정보보호전문가,grp-a001-01-000000073324220
개인정보보호온라인교육,grp-a001-01-000000073324220
안전교육온라인,grp-a001-01-000000073324220
더존온라인교육,grp-a001-01-000000073324220
양산관리감독자교육,grp-a001-01-000000073324220
특별안전보건교육온라인,grp-a001-01-000000073324220
법정의무교육온라인교육,grp-a001-01-000000073324220
안전보건교육온라인,grp-a001-01-000000073324220
간호사직무교육,grp-a001-01-000000073324220
의료인법정의무교육,grp-a001-01-000000073324220
온라인소방교육,grp-a001-01-000000073324220
4대폭력예방교육온라인,grp-a001-01-000000073324220
온라인안전보건교육,grp-a001-01-000000073324220
온라인산업안전보건교육,grp-a001-01-000000073324220
사업장법정의무교육온라인,grp-a001-01-000000073324220
안전관리자온라인교육,grp-a001-01-000000073324220
안전보건온라인교육,grp-a001-01-000000073324220
아동폭력예방상담사,grp-a001-01-000000073324220
산업안전온라인교육,grp-a001-01-000000073324220
온라인산업안전교육,grp-a001-01-000000073324220
정보보호온라인교육,grp-a001-01-000000073324220
관리감독자안전보건교육온라인,grp-a001-01-000000073324220
사업자안전교육,grp-a001-01-000000073324220
온라인관리감독자교육,grp-a001-01-000000073324220
관리감독자온라인,grp-a001-01-000000073324220
경산관리감독자교육,grp-a001-01-000000073324220
부산관리감독자집체교육,grp-a001-01-000000073324220
리팅성형외과미니리프팅후기,grp-a001-01-000000073324220
미팅성형외과,grp-a001-01-000000073324220
리팅피부과,grp-a001-01-000000073324220
법정온라인교육,grp-a001-01-000000073324220
윤리경영온라인교육,grp-a001-01-000000073324220
법정의무교육국비지원,grp-a001-01-000000073324220
법정의무교육정부지원,grp-a001-01-000000073324220
성폭력온라인교육,grp-a001-01-000000073324220
성희롱예방교육온라인무료,grp-a001-01-000000073324220
온라인무료법정의무교육,grp-a001-01-000000073324220
온라인아동학대예방교육,grp-a001-01-000000073324220
청렴온라인교육,grp-a001-01-000000073324220
직장내괴롭힘예방교육온라인,grp-a001-01-000000073324220
직장내괴롭힘온라인,grp-a001-01-000000073324220
파워포인트온라인교육,grp-a001-01-000000073324220
직장내괴롭힘온라인교육,grp-a001-01-000000073324220
법정교육온라인교육,grp-a001-01-000000073324220
온라인응급처치교육,grp-a001-01-000000073324220
법정의무교육모바일,grp-a001-01-000000073324220
산업안전교육온라인교육,grp-a001-01-000000073324220
법정필수교육온라인,grp-a001-01-000000073324220
법정의무교육온라인가격,grp-a001-01-000000073324220
온라인개인정보보호교육,grp-a001-01-000000073324220
직장내성희롱예방교육온라인교육,grp-a001-01-000000073324220
무료개인정보보호교육,grp-a001-01-000000073324220
근로자온라인교육,grp-a001-01-000000073324220
온라인청렴교육,grp-a001-01-000000073324220
근로자정기교육온라인,grp-a001-01-000000073324220
근로자안전보건교육온라인,grp-a001-01-000000073324220
IT보안전문가,grp-a001-01-000000073324220
정보보안전문가취업,grp-a001-01-000000073324220
안전보건교육온라인교육,grp-a001-01-000000073324220
온라인정기안전교육,grp-a001-01-000000073324220
비대면안전교육,grp-a001-01-000000073324220
안전온라인교육,grp-a001-01-000000073324220
사업자의무교육,grp-a001-01-000000073324220
관리감독자비대면,grp-a001-01-000000073324220
부산관리감독자,grp-a001-01-000000073324220
미니리프팅리팅,grp-a001-01-000000073324220
리틴성형외과,grp-a001-01-000000073324220
온라인접수시스템,grp-a001-01-000000073324221
온라인오토캐드,grp-a001-01-000000073324229
온라인컴퓨터,grp-a001-01-000000073324229
영상편집온라인교육,grp-a001-01-000000073324229
컴활1급온라인,grp-a001-01-000000073324229
선물거래수수료,grp-a001-01-000000073324241
수영장시스템,grp-a001-01-000000073324241
증권사해외선물,grp-a001-01-000000073324241
해외선물수수료무료,grp-a001-01-000000073324241
패션마케팅과,grp-a001-01-000000073324245
복대,grp-a001-01-000000073324249
리프팅벨트,grp-a001-01-000000073324249
제왕절개복대,grp-a001-01-000000073324249
허리디스크복대,grp-a001-01-000000073324249
세라젬의료기기,grp-a001-01-000000073324249
세라젬의료기,grp-a001-01-000000073324249
디스크허리보호대,grp-a001-01-000000073324249
허리디스크보호대,grp-a001-01-000000073324249
의료기기허리보호대,grp-a001-01-000000073324249
지방흡입압박복,grp-a001-01-000000073324249
파워리프팅벨트,grp-a001-01-000000073324249
헬스리프팅벨트,grp-a001-01-000000073324249
허리디스크보조기,grp-a001-01-000000073324249
안마의료기,grp-a001-01-000000073324249
디스크복대,grp-a001-01-000000073324249
척추의료기기,grp-a001-01-000000073324249
의료기허리보호대,grp-a001-01-000000073324249
허리디스크밴드,grp-a001-01-000000073324249
허리디스크벨트,grp-a001-01-000000073324249
리프팅벨트추천,grp-a001-01-000000073324249
허리디스크교정기,grp-a001-01-000000073324249
디스크허리복대,grp-a001-01-000000073324249
의료기복대,grp-a001-01-000000073324249
남자의료용압박스타킹,grp-a001-01-000000073324249
디스크보호대,grp-a001-01-000000073324249
허리디스크지지대,grp-a001-01-000000073324249
의료기기허리,grp-a001-01-000000073324249
병원대기표,grp-a001-01-000000073324249
의료용허리보호대디스크닥터,grp-a001-01-000000073324249
의료기기보호대,grp-a001-01-000000073324249
디지털이름표,grp-a001-01-000000073324249
디지털전자타이머,grp-a001-01-000000073324249
국민행복카드신용카드,grp-a001-01-000000073324252
임산부카드신청,grp-a001-01-000000073324252
임산부지원카드,grp-a001-01-000000073324252
청주임산부지원,grp-a001-01-000000073324252
국민행복카드전용카드,grp-a001-01-000000073324252
의사1금융권거절야간,grp-a001-01-000000073324312
동탄2신도시타운하우스,grp-a001-01-000000073324317
디지털포렌식전문가,grp-a001-01-000000073324409
무료의사1금융권거절,grp-a001-01-000000073329475
병,grp-a001-01-000000073329484
편의점이벤트,grp-a001-01-000000073329484
식비카드,grp-a001-01-000000073329484
간호사면접,grp-a001-01-000000073329512
간호사자기소개서,grp-a001-01-000000073329512
스포츠토토온라인,grp-a001-01-000000073329514
화정도수치료,grp-a001-01-000000073329514
12월이벤트,grp-a001-01-000000073329516
강남대로병원임대,grp-a001-01-000000073329516
디지털스크린,grp-a001-01-000000073329518
외국인신부,grp-a001-01-000000073329518
디지털사이니지모니터,grp-a001-01-000000073329518
소프트웨어구매대행,grp-a001-01-000000073329520
대구갑상선검사,grp-a001-01-000000073329566
대구유방병원,grp-a001-01-000000073329566
달서구갑상선,grp-a001-01-000000073329566
업무관리플랫폼,grp-a001-01-000000073329569
프로젝트예산관리,grp-a001-01-000000073329569
전문가모집,grp-a001-01-000000073329580
전문가등록,grp-a001-01-000000073329580
유방갑상선,grp-a001-01-000000073329585
천안의사1금융권거절,grp-a001-01-000000073329682
가격의사1금융권거절,grp-a001-01-000000073346713
청주정신의학과,grp-a001-01-000000073346723
청주피부과여드름,grp-a001-01-000000073346723
청주피지낭종수술,grp-a001-01-000000073346723
세종시여성한의원,grp-a001-01-000000073346723
울산심리치료,grp-a001-01-000000073346728
디지털격차,grp-a001-01-000000073346743
예가람저축은행채용,grp-a001-01-000000073346743
마스터데이터관리,grp-a001-01-000000073346907
직업상담사1급2차실기,grp-a001-01-000000073346911
퀴즈이벤트,grp-a001-01-000000073346921
출석체크이벤트,grp-a001-01-000000073346921
집주인신용조회,grp-a001-01-000000073346921
룰렛이벤트제작,grp-a001-01-000000073346921
재산조회신청방법,grp-a001-01-000000073346921
QR이벤트,grp-a001-01-000000073346921
룰렛이벤트만들기,grp-a001-01-000000073346921
슬롯머신이벤트,grp-a001-01-000000073346921
서베이플랫폼,grp-a001-01-000000073346921
정보시스템감리사,grp-a001-01-000000073346932
시스템반도체,grp-a001-01-000000073346932
출석체크시스템,grp-a001-01-000000073346932
정부지원IT교육,grp-a001-01-000000073346932
시스템반도체교육,grp-a001-01-000000073346932
구미욕실리모델링,grp-a001-01-000000073346939
구미화장실리모델링,grp-a001-01-000000073346939
김천화장실리모델링,grp-a001-01-000000073346939
메디칼론한도조회제주,grp-a001-01-000000073348440
비교메디칼론한도조회,grp-a001-01-000000073357293
드론국비지원,grp-a001-01-000000073359319
국비지원드론,grp-a001-01-000000073359319
국비지원드론교육,grp-a001-01-000000073359319
보스턴컨설팅채용,grp-a001-01-000000073359320
광주데이터복구,grp-a001-01-000000073359323
하드디스크복구,grp-a001-01-000000073359323
시스템복원,grp-a001-01-000000073359323
외장하드데이터복구,grp-a001-01-000000073359323
창원데이터복구,grp-a001-01-000000073359323
하드디스크인식,grp-a001-01-000000073359323
하드디스크수리,grp-a001-01-000000073359323
시스템복구,grp-a001-01-000000073359323
천안데이터복구,grp-a001-01-000000073359323
웹디스크사이트,grp-a001-01-000000073359323
데이터저장장치,grp-a001-01-000000073359323
마블시스템,grp-a001-01-000000073359323
하드디스크데이터복구,grp-a001-01-000000073359323
백업시스템,grp-a001-01-000000073359323
웹하드디스크,grp-a001-01-000000073359323
클라우드디스크,grp-a001-01-000000073359323
전기신청서류,grp-a001-01-000000073359323
데이터업로드,grp-a001-01-000000073359323
다운디스크,grp-a001-01-000000073359323
무료디스크,grp-a001-01-000000073359323
디스크다운로드,grp-a001-01-000000073359323
웹디스크순위,grp-a001-01-000000073359323
웹디스크추천,grp-a001-01-000000073359323
이스트소프트인터넷디스크,grp-a001-01-000000073359323
시스템백업,grp-a001-01-000000073359323
시스템복원프로그램,grp-a001-01-000000073359323
온라인파일저장,grp-a001-01-000000073359323
VEEAMSOFTWARE,grp-a001-01-000000073359323
시스템복구프로그램,grp-a001-01-000000073359323
시니어영어,grp-a001-01-000000073359327
시니어모델오디션,grp-a001-01-000000073359327
시니어배우,grp-a001-01-000000073359327
시니어모델대회,grp-a001-01-000000073359327
부산시니어모델,grp-a001-01-000000073359327
울산시니어모델,grp-a001-01-000000073359327
시니어모델나이,grp-a001-01-000000073359327
시니어모델학과,grp-a001-01-000000073359327
대구시니어모델,grp-a001-01-000000073359327
시니어모델에이전시,grp-a001-01-000000073359327
시니어모델아카데미,grp-a001-01-000000073359327
남자시니어모델,grp-a001-01-000000073359327
시니어산업,grp-a001-01-000000073359327
시니어모델선발대회,grp-a001-01-000000073359327
인천시니어모델,grp-a001-01-000000073359327
시니어아카데미,grp-a001-01-000000073359327
시니어패션모델,grp-a001-01-000000073359327
시니어모델교육,grp-a001-01-000000073359327
서울역세미나실,grp-a001-01-000000073359327
강남역세미나실,grp-a001-01-000000073359327
시니어연기,grp-a001-01-000000073359327
서울세미나실대관,grp-a001-01-000000073359327
서울세미나장소,grp-a001-01-000000073359327
여의도세미나,grp-a001-01-000000073359327
평생교육원시니어모델,grp-a001-01-000000073359327
시니어모델학교,grp-a001-01-000000073359327
서울역세미나,grp-a001-01-000000073359327
서울역세미나룸,grp-a001-01-000000073359327
강남역세미나룸,grp-a001-01-000000073359327
강남역세미나,grp-a001-01-000000073359327
동덕여대시니어모델,grp-a001-01-000000073359327
시니어모델과정,grp-a001-01-000000073359327
서울역세미나실대관,grp-a001-01-000000073359327
서울역근처세미나실,grp-a001-01-000000073359327
서울세미나장소대관,grp-a001-01-000000073359327
서울세미나장,grp-a001-01-000000073359327
서울역세미나장소,grp-a001-01-000000073359327
서울역근처세미나,grp-a001-01-000000073359327
선릉세미나실,grp-a001-01-000000073359327
강남세미나룸,grp-a001-01-000000073359327
강남역세미나실대관,grp-a001-01-000000073359327
강남세미나장,grp-a001-01-000000073359327
강남역세미나장소,grp-a001-01-000000073359327
광화문세미나실대관,grp-a001-01-000000073359327
종로세미나룸,grp-a001-01-000000073359327
종로세미나,grp-a001-01-000000073359327
서울세미나룸,grp-a001-01-000000073359327
광화문세미나,grp-a001-01-000000073359327
롯데타워세미나,grp-a001-01-000000073359327
선릉역세미나실,grp-a001-01-000000073359327
대학로세미나실,grp-a001-01-000000073359327
영등포세미나실,grp-a001-01-000000073359327
교대역세미나실,grp-a001-01-000000073359327
이벤트공간,grp-a001-01-000000073359327
이벤트대관,grp-a001-01-000000073359327
이벤트장소,grp-a001-01-000000073359327
수원세미나대관,grp-a001-01-000000073359327
판교세미나대관,grp-a001-01-000000073359327
수서역세미나실,grp-a001-01-000000073359327
서울이벤트홀,grp-a001-01-000000073359327
성수세미나,grp-a001-01-000000073359327
광명역세미나,grp-a001-01-000000073359327
광명세미나실,grp-a001-01-000000073359327
교통사고감정사,grp-a001-01-000000073359359
빽다방창업문의,grp-a001-01-000000073359362
일반행정직9급,grp-a001-01-000000073360182
9급일반행정직,grp-a001-01-000000073360182
일반행정직,grp-a001-01-000000073360182
9급일반행정직과목,grp-a001-01-000000073360182
선거행정직,grp-a001-01-000000073360182
9급행정직,grp-a001-01-000000073360182
대학도서관운영론,grp-a001-01-000000073360182
문헌데이터베이스론,grp-a001-01-000000073360182
온라인학사학위,grp-a001-01-000000073360182
안전공학전문학사,grp-a001-01-000000073360182
KTM모바일,grp-a001-01-000000073360186
KTM모바일고객센터,grp-a001-01-000000073360186
KTM모바일유심,grp-a001-01-000000073360186
KT온라인샵,grp-a001-01-000000073360186
행정직,grp-a001-01-000000073360186
KTM모바일셀프개통,grp-a001-01-000000073360186
KT공식온라인몰,grp-a001-01-000000073360186
KT온라인몰,grp-a001-01-000000073360186
교육행정직시험,grp-a001-01-000000073360186
4050여성의류,grp-a001-01-000000073360186
KTM모바일번호이동,grp-a001-01-000000073360186
시니어브랜드,grp-a001-01-000000073360186
KT공식온라인샵,grp-a001-01-000000073360186
KT온라인,grp-a001-01-000000073360186
KT모바일샵,grp-a001-01-000000073360186
KT온라인신청서,grp-a001-01-000000073360186
KTM모바일이벤트,grp-a001-01-000000073360186
시니어룩,grp-a001-01-000000073360186
7급행정직,grp-a001-01-000000073360186
알뜰폰요금제데이터쉐어링,grp-a001-01-000000073360186
경찰청행정직,grp-a001-01-000000073360186
LG데이터요금제,grp-a001-01-000000073360186
7급일반행정직,grp-a001-01-000000073360186
KTM모바일일반유심,grp-a001-01-000000073360186
KTM모바일프로모션,grp-a001-01-000000073360186
KTM모바일유심칩,grp-a001-01-000000073360186
KT엠모바일인터넷,grp-a001-01-000000073360186
경찰청일반행정직,grp-a001-01-000000073360186
9급교육행정직시험,grp-a001-01-000000073360186
중년여성의류몰,grp-a001-01-000000073360186
케이티온라인샵,grp-a001-01-000000073360186
엠모바일인터넷,grp-a001-01-000000073360186
KTM모바일무제한,grp-a001-01-000000073360186
KT무료기기변경,grp-a001-01-000000073360186
KT온라인기기변경,grp-a001-01-000000073360186
위시모바일,grp-a001-01-000000073360186
반포레지던스,grp-a001-01-000000073370746
내곡레지던스,grp-a001-01-000000073370746
전문의사1금융권거절,grp-a001-01-000000073380003
메디칼론한도조회당일,grp-a001-01-000000073397219
온라인퀵서비스,grp-a001-01-000000073402572
충격파치료기,grp-a001-01-000000073402592
의약품상자,grp-a001-01-000000073402788
광명피부과,grp-a001-01-000000073402935
철산피부과,grp-a001-01-000000073402935
철산역피부과,grp-a001-01-000000073402935
광명사거리피부과,grp-a001-01-000000073402935
하안동피부과,grp-a001-01-000000073402935
철산동피부과,grp-a001-01-000000073402935
광명시피부과,grp-a001-01-000000073402935
광명피부과추천,grp-a001-01-000000073402935
광명사거리역피부과,grp-a001-01-000000073402935
교육행정직7급,grp-a001-01-000000073404669
7급교육행정직,grp-a001-01-000000073404669
중개물건관리대장,grp-a001-01-000000073407540
영등포다이어트한의원,grp-a001-01-000000073407545
사업자범용인증서,grp-a001-01-000000073407553
사업자공동인증서,grp-a001-01-000000073407553
사업자공인인증서발급,grp-a001-01-000000073407553
사업자용공동인증서,grp-a001-01-000000073407553
사업자범용공동인증서,grp-a001-01-000000073407553
사업자공동인증서발급,grp-a001-01-000000073407553
사업자용공동인증서발급,grp-a001-01-000000073407553
사업자공인인증서,grp-a001-01-000000073407553
사업자인증서발급,grp-a001-01-000000073407553
사업자공인인증서갱신,grp-a001-01-000000073407553
사업자용범용인증서,grp-a001-01-000000073407553
사업자범용인증서발급,grp-a001-01-000000073407553
사업자용공인인증서,grp-a001-01-000000073407553
사업자인증서,grp-a001-01-000000073407553
사업자용인증서,grp-a001-01-000000073407553
사업자용공인인증서발급,grp-a001-01-000000073407553
사업자범용공인인증서,grp-a001-01-000000073407553
사업자공동인증서발급방법,grp-a001-01-000000073407553
사업자인증서갱신,grp-a001-01-000000073407553
사업자범용인증서갱신,grp-a001-01-000000073407553
범용사업자인증서,grp-a001-01-000000073407553
공동인증서비대면발급,grp-a001-01-000000073407553
사업자용범용공인인증서,grp-a001-01-000000073407553
사업자범용공인인증서발급,grp-a001-01-000000073407553
사업자범용인증서발급방법,grp-a001-01-000000073407553
사업자용범용공동인증서,grp-a001-01-000000073407553
사업자범용공동인증서발급,grp-a001-01-000000073407553
사업자범용공인인증서발급방법,grp-a001-01-000000073407553
사업자범용,grp-a001-01-000000073407553
사업자용범용인증서발급,grp-a001-01-000000073407553
공인인증서온라인발급,grp-a001-01-000000073407553
사업자범용인증서할인,grp-a001-01-000000073407553
사업자범용공인인증서갱신,grp-a001-01-000000073407553
사업자용공인인증서갱신,grp-a001-01-000000073407553
사업자공인인증,grp-a001-01-000000073407553
범용사업자공인인증서,grp-a001-01-000000073407553
사업자범용공인인증서가격,grp-a001-01-000000073407553
사업자용범용공인인증서발급,grp-a001-01-000000073407553
공인인증서사업자,grp-a001-01-000000073407553
범용사업자,grp-a001-01-000000073407553
비대면인증서,grp-a001-01-000000073407553
울산의사1금융권거절,grp-a001-01-000000073407904
이벤트메디칼론한도조회,grp-a001-01-000000073408012
병원데이터금융야간,grp-a001-01-000000073408021
서울의사1금융권거절,grp-a001-01-000000073408201
배터리세미나,grp-a001-01-000000073408214
기술세미나,grp-a001-01-000000073408214
수소세미나,grp-a001-01-000000073408214
이차전지세미나,grp-a001-01-000000073408214
CCUS세미나,grp-a001-01-000000073408214
디스플레이세미나,grp-a001-01-000000073408214
전기차세미나,grp-a001-01-000000073408214
ESS세미나,grp-a001-01-000000073408214
플라스틱세미나,grp-a001-01-000000073408214
연료전지세미나,grp-a001-01-000000073408214
친환경세미나,grp-a001-01-000000073408214
산업세미나,grp-a001-01-000000073408214
태양광세미나,grp-a001-01-000000073408214
디지털트윈세미나,grp-a001-01-000000073408214
자율주행세미나,grp-a001-01-000000073408214
신재생에너지세미나,grp-a001-01-000000073408214
럭셔리여성의류,grp-a001-01-000000073408221
40대빅사이즈여성의류,grp-a001-01-000000073408221
보세여성의류,grp-a001-01-000000073408221
5060여성의류,grp-a001-01-000000073408221
프로그램여성의류,grp-a001-01-000000073408221
50대중년여성의류,grp-a001-01-000000073408221
중년여성의류매장,grp-a001-01-000000073408221
로밍데이터,grp-a001-01-000000073408244
데이터무제한로밍,grp-a001-01-000000073408244
무제한데이터로밍,grp-a001-01-000000073408244
주차관제시스템,grp-a001-01-000000073408252
디지털운행기록계,grp-a001-01-000000073408252
주차시스템,grp-a001-01-000000073408252
자동주차시스템,grp-a001-01-000000073408252
차량관제시스템,grp-a001-01-000000073408252
디지털운행기록장치,grp-a001-01-000000073408252
주차관리시스템,grp-a001-01-000000073408252
무인주차시스템,grp-a001-01-000000073408252
문서관리시스템,grp-a001-01-000000073408252
차량운행관리시스템,grp-a001-01-000000073408252
LG차량관제시스템,grp-a001-01-000000073408252
차량위치자동표시시스템,grp-a001-01-000000073408252
서버모니터링시스템,grp-a001-01-000000073408252
통합모니터링시스템,grp-a001-01-000000073408252
배차관리시스템,grp-a001-01-000000073408252
차량위치추적시스템,grp-a001-01-000000073408252
통합보안관제시스템,grp-a001-01-000000073408252
위치관제시스템,grp-a001-01-000000073408252
업무포털시스템,grp-a001-01-000000073408270
주차유도시스템,grp-a001-01-000000073408270
글로벌교육,grp-a001-01-000000073408270
스마트주차시스템,grp-a001-01-000000073408270
RF시스템,grp-a001-01-000000073408270
주차장시스템,grp-a001-01-000000073408270
주차관제시스템업체,grp-a001-01-000000073408270
주차관제시스템비용,grp-a001-01-000000073408270
차량통제시스템,grp-a001-01-000000073408270
주차장관리시스템,grp-a001-01-000000073408270
LPR시스템,grp-a001-01-000000073408270
주차차단시스템,grp-a001-01-000000073408270
주차장플랫폼,grp-a001-01-000000073408270
지식관리시스템,grp-a001-01-000000073408270
구로디지털단지월주차,grp-a001-01-000000073408270
키관리시스템,grp-a001-01-000000073408270
주차정산시스템,grp-a001-01-000000073408270
주차차단기시스템,grp-a001-01-000000073408270
차량인식시스템,grp-a001-01-000000073408270
무인정산시스템,grp-a001-01-000000073408270
무인주차관제시스템,grp-a001-01-000000073408270
교통관제시스템,grp-a001-01-000000073408270
차량번호인식시스템,grp-a001-01-000000073408270
무인주차관리시스템,grp-a001-01-000000073408270
주차장관제시스템,grp-a001-01-000000073408270
주차장컨설팅,grp-a001-01-000000073408270
주차관제시스템설치,grp-a001-01-000000073408270
주차안내시스템,grp-a001-01-000000073408270
부산주차관제시스템,grp-a001-01-000000073408270
주차유도관제시스템,grp-a001-01-000000073408270
주차통제시스템,grp-a001-01-000000073408270
주차플랫폼,grp-a001-01-000000073408270
AGV시스템,grp-a001-01-000000073408270
디지털인터랙티브,grp-a001-01-000000073408270
주차관리대행,grp-a001-01-000000073408270
CCTV통합관제시스템,grp-a001-01-000000073408270
디지털컨텐츠,grp-a001-01-000000073408270
온라인콘텐츠제작,grp-a001-01-000000073408270